{
  "best": {
    "mAP": 0.9214267040747393,
    "loss": 0.027926246327471437
  },
  "last": {
    "mAP": 0.9117450477224949,
    "loss": 0.03118013113576771
  },
  "train.30": {
    "mAP": 0.9214267040747393,
    "loss": 0.027926246327471437
  },
  "epoch_0": [
    "output/30_conv1d_aug/20200604-23:14:55/fold5/checkpoints/train.1.pth",
    0.502381451192444,
    {
      "mAP": 0.2059337670244918,
      "loss": 0.502381451192444
    }
  ],
  "epoch_1": [
    "output/30_conv1d_aug/20200604-23:14:55/fold5/checkpoints/train.2.pth",
    0.2686406214644465,
    {
      "mAP": 0.24887725863123658,
      "loss": 0.2686406214644465
    }
  ],
  "epoch_2": [
    "output/30_conv1d_aug/20200604-23:14:55/fold5/checkpoints/train.3.pth",
    0.18292542021388405,
    {
      "mAP": 0.40633794836110926,
      "loss": 0.18292542021388405
    }
  ],
  "epoch_3": [
    "output/30_conv1d_aug/20200604-23:14:55/fold5/checkpoints/train.4.pth",
    0.11449042106925358,
    {
      "mAP": 0.5554049335096806,
      "loss": 0.11449042106925358
    }
  ],
  "epoch_4": [
    "output/30_conv1d_aug/20200604-23:14:55/fold5/checkpoints/train.5.pth",
    0.06893319989571495,
    {
      "mAP": 0.6906539143448168,
      "loss": 0.06893319989571495
    }
  ],
  "epoch_5": [
    "output/30_conv1d_aug/20200604-23:14:55/fold5/checkpoints/train.6.pth",
    0.0547736165161973,
    {
      "mAP": 0.7704147301648634,
      "loss": 0.0547736165161973
    }
  ],
  "epoch_6": [
    "output/30_conv1d_aug/20200604-23:14:55/fold5/checkpoints/train.7.pth",
    0.04041745874432004,
    {
      "mAP": 0.8432186031825987,
      "loss": 0.04041745874432004
    }
  ],
  "epoch_7": [
    "output/30_conv1d_aug/20200604-23:14:55/fold5/checkpoints/train.8.pth",
    0.03739512125161685,
    {
      "mAP": 0.8622746058509767,
      "loss": 0.03739512125161685
    }
  ],
  "epoch_8": [
    "output/30_conv1d_aug/20200604-23:14:55/fold5/checkpoints/train.9.pth",
    0.03780404972970967,
    {
      "mAP": 0.8505134957435228,
      "loss": 0.03780404972970967
    }
  ],
  "epoch_9": [
    "output/30_conv1d_aug/20200604-23:14:55/fold5/checkpoints/train.10.pth",
    0.039485358948134784,
    {
      "mAP": 0.8200475343737336,
      "loss": 0.039485358948134784
    }
  ],
  "epoch_10": [
    "output/30_conv1d_aug/20200604-23:14:55/fold5/checkpoints/train.11.pth",
    0.03846027161086776,
    {
      "mAP": 0.8578297954939403,
      "loss": 0.03846027161086776
    }
  ],
  "epoch_11": [
    "output/30_conv1d_aug/20200604-23:14:55/fold5/checkpoints/train.12.pth",
    0.03877745453260774,
    {
      "mAP": 0.8419450695521989,
      "loss": 0.03877745453260774
    }
  ],
  "epoch_12": [
    "output/30_conv1d_aug/20200604-23:14:55/fold5/checkpoints/train.13.pth",
    0.03650720512949146,
    {
      "mAP": 0.8615567514564659,
      "loss": 0.03650720512949146
    }
  ],
  "epoch_13": [
    "output/30_conv1d_aug/20200604-23:14:55/fold5/checkpoints/train.14.pth",
    0.03809555876241006,
    {
      "mAP": 0.8373917150626369,
      "loss": 0.03809555876241006
    }
  ],
  "epoch_14": [
    "output/30_conv1d_aug/20200604-23:14:55/fold5/checkpoints/train.15.pth",
    0.03619714723881171,
    {
      "mAP": 0.8416963230709785,
      "loss": 0.03619714723881171
    }
  ],
  "epoch_15": [
    "output/30_conv1d_aug/20200604-23:14:55/fold5/checkpoints/train.16.pth",
    0.034652909976708945,
    {
      "mAP": 0.8643500137707557,
      "loss": 0.034652909976708945
    }
  ],
  "epoch_16": [
    "output/30_conv1d_aug/20200604-23:14:55/fold5/checkpoints/train.17.pth",
    0.03727200554800298,
    {
      "mAP": 0.8600606067522452,
      "loss": 0.03727200554800298
    }
  ],
  "epoch_17": [
    "output/30_conv1d_aug/20200604-23:14:55/fold5/checkpoints/train.18.pth",
    0.03337290766821183,
    {
      "mAP": 0.8729898507856951,
      "loss": 0.03337290766821183
    }
  ],
  "epoch_18": [
    "output/30_conv1d_aug/20200604-23:14:55/fold5/checkpoints/train.19.pth",
    0.03653499044893809,
    {
      "mAP": 0.8726868033127645,
      "loss": 0.03653499044893809
    }
  ],
  "epoch_19": [
    "output/30_conv1d_aug/20200604-23:14:55/fold5/checkpoints/train.20.pth",
    0.035876822004015804,
    {
      "mAP": 0.8758972302842076,
      "loss": 0.035876822004015804
    }
  ],
  "epoch_20": [
    "output/30_conv1d_aug/20200604-23:14:55/fold5/checkpoints/train.21.pth",
    0.035773944333897155,
    {
      "mAP": 0.86549414563933,
      "loss": 0.035773944333897155
    }
  ],
  "epoch_21": [
    "output/30_conv1d_aug/20200604-23:14:55/fold5/checkpoints/train.22.pth",
    0.036552723441410764,
    {
      "mAP": 0.8963260514564414,
      "loss": 0.036552723441410764
    }
  ],
  "epoch_22": [
    "output/30_conv1d_aug/20200604-23:14:55/fold5/checkpoints/train.23.pth",
    0.0325124403405446,
    {
      "mAP": 0.9060516205089059,
      "loss": 0.0325124403405446
    }
  ],
  "epoch_23": [
    "output/30_conv1d_aug/20200604-23:14:55/fold5/checkpoints/train.24.pth",
    0.03141718379597016,
    {
      "mAP": 0.8948726322178804,
      "loss": 0.03141718379597016
    }
  ],
  "epoch_24": [
    "output/30_conv1d_aug/20200604-23:14:55/fold5/checkpoints/train.25.pth",
    0.032896748921196976,
    {
      "mAP": 0.8925760457873423,
      "loss": 0.032896748921196976
    }
  ],
  "epoch_25": [
    "output/30_conv1d_aug/20200604-23:14:55/fold5/checkpoints/train.26.pth",
    0.032193906318393826,
    {
      "mAP": 0.8999475761481647,
      "loss": 0.032193906318393826
    }
  ],
  "epoch_26": [
    "output/30_conv1d_aug/20200604-23:14:55/fold5/checkpoints/train.27.pth",
    0.031177169972155104,
    {
      "mAP": 0.9021931331914146,
      "loss": 0.031177169972155104
    }
  ],
  "epoch_27": [
    "output/30_conv1d_aug/20200604-23:14:55/fold5/checkpoints/train.28.pth",
    0.028464476515932938,
    {
      "mAP": 0.9229148545162245,
      "loss": 0.028464476515932938
    }
  ],
  "epoch_28": [
    "output/30_conv1d_aug/20200604-23:14:55/fold5/checkpoints/train.29.pth",
    0.029167097155818944,
    {
      "mAP": 0.909241930836542,
      "loss": 0.029167097155818944
    }
  ],
  "epoch_29": [
    "output/30_conv1d_aug/20200604-23:14:55/fold5/checkpoints/train.30.pth",
    0.027926246327471437,
    {
      "mAP": 0.9214267040747393,
      "loss": 0.027926246327471437
    }
  ],
  "epoch_30": [
    "output/30_conv1d_aug/20200604-23:14:55/fold5/checkpoints/train.31.pth",
    0.029009158416790855,
    {
      "mAP": 0.9155728021502578,
      "loss": 0.029009158416790855
    }
  ],
  "epoch_31": [
    "output/30_conv1d_aug/20200604-23:14:55/fold5/checkpoints/train.32.pth",
    0.028371011229543858,
    {
      "mAP": 0.9121787713877293,
      "loss": 0.028371011229543858
    }
  ],
  "epoch_32": [
    "output/30_conv1d_aug/20200604-23:14:55/fold5/checkpoints/train.33.pth",
    0.03002462759689148,
    {
      "mAP": 0.9135552201128614,
      "loss": 0.03002462759689148
    }
  ],
  "epoch_33": [
    "output/30_conv1d_aug/20200604-23:14:55/fold5/checkpoints/train.34.pth",
    0.03100581422746282,
    {
      "mAP": 0.9043540226288364,
      "loss": 0.03100581422746282
    }
  ],
  "epoch_34": [
    "output/30_conv1d_aug/20200604-23:14:55/fold5/checkpoints/train.35.pth",
    0.029987007671392195,
    {
      "mAP": 0.91448634017757,
      "loss": 0.029987007671392195
    }
  ],
  "epoch_35": [
    "output/30_conv1d_aug/20200604-23:14:55/fold5/checkpoints/train.36.pth",
    0.030792886778341497,
    {
      "mAP": 0.9108607620961565,
      "loss": 0.030792886778341497
    }
  ],
  "epoch_36": [
    "output/30_conv1d_aug/20200604-23:14:55/fold5/checkpoints/train.37.pth",
    0.030058943741048595,
    {
      "mAP": 0.9133252659698419,
      "loss": 0.030058943741048595
    }
  ],
  "epoch_37": [
    "output/30_conv1d_aug/20200604-23:14:55/fold5/checkpoints/train.38.pth",
    0.03161798972416,
    {
      "mAP": 0.9004665576937557,
      "loss": 0.03161798972416
    }
  ],