{
  "best": {
    "mAP": 0.859217724978261,
    "loss": 0.04137973870553462
  },
  "last": {
    "mAP": 0.8356126616381471,
    "loss": 0.10283100702715305
  },
  "train.39": {
    "mAP": 0.859217724978261,
    "loss": 0.04137973870553462
  },
  "epoch_0": [
    "output/23_conv1d_tuned/fold4/checkpoints/train.1.pth",
    0.5424507559748728,
    {
      "mAP": 0.020059882792693932,
      "loss": 0.5424507559748728
    }
  ],
  "epoch_1": [
    "output/23_conv1d_tuned/fold4/checkpoints/train.2.pth",
    0.3610860409757477,
    {
      "mAP": 0.020269055775584438,
      "loss": 0.3610860409757477
    }
  ],
  "epoch_2": [
    "output/23_conv1d_tuned/fold4/checkpoints/train.3.pth",
    0.24010978049893625,
    {
      "mAP": 0.020459331254185767,
      "loss": 0.24010978049893625
    }
  ],
  "epoch_3": [
    "output/23_conv1d_tuned/fold4/checkpoints/train.4.pth",
    0.1806647897808842,
    {
      "mAP": 0.021004176998750825,
      "loss": 0.1806647897808842
    }
  ],
  "epoch_4": [
    "output/23_conv1d_tuned/fold4/checkpoints/train.5.pth",
    0.1631148522012011,
    {
      "mAP": 0.030555952097078107,
      "loss": 0.1631148522012011
    }
  ],
  "epoch_5": [
    "output/23_conv1d_tuned/fold4/checkpoints/train.6.pth",
    0.1366075396978703,
    {
      "mAP": 0.2188215007863697,
      "loss": 0.1366075396978703
    }
  ],
  "epoch_6": [
    "output/23_conv1d_tuned/fold4/checkpoints/train.7.pth",
    0.10726962078715942,
    {
      "mAP": 0.5057181704889075,
      "loss": 0.10726962078715942
    }
  ],
  "epoch_7": [
    "output/23_conv1d_tuned/fold4/checkpoints/train.8.pth",
    0.06881564748852383,
    {
      "mAP": 0.7726337779481007,
      "loss": 0.06881564748852383
    }
  ],
  "epoch_8": [
    "output/23_conv1d_tuned/fold4/checkpoints/train.9.pth",
    0.04933415066197805,
    {
      "mAP": 0.7909038172249193,
      "loss": 0.04933415066197805
    }
  ],
  "epoch_9": [
    "output/23_conv1d_tuned/fold4/checkpoints/train.10.pth",
    0.048750213131298535,
    {
      "mAP": 0.8400893442532424,
      "loss": 0.048750213131298535
    }
  ],
  "epoch_10": [
    "output/23_conv1d_tuned/fold4/checkpoints/train.11.pth",
    0.048103298018633237,
    {
      "mAP": 0.8118429174860775,
      "loss": 0.048103298018633237
    }
  ],
  "epoch_11": [
    "output/23_conv1d_tuned/fold4/checkpoints/train.12.pth",
    0.04843771847487298,
    {
      "mAP": 0.7940894249348042,
      "loss": 0.04843771847487298
    }
  ],
  "epoch_12": [
    "output/23_conv1d_tuned/fold4/checkpoints/train.13.pth",
    0.047420464498670455,
    {
      "mAP": 0.8198498989951172,
      "loss": 0.047420464498670455
    }
  ],
  "epoch_13": [
    "output/23_conv1d_tuned/fold4/checkpoints/train.14.pth",
    0.053865177756038864,
    {
      "mAP": 0.8144471998060621,
      "loss": 0.053865177756038864
    }
  ],
  "epoch_14": [
    "output/23_conv1d_tuned/fold4/checkpoints/train.15.pth",
    0.04930971769920395,
    {
      "mAP": 0.8288269293976948,
      "loss": 0.04930971769920395
    }
  ],
  "epoch_15": [
    "output/23_conv1d_tuned/fold4/checkpoints/train.16.pth",
    0.06729388258544566,
    {
      "mAP": 0.7929915340139825,
      "loss": 0.06729388258544566
    }
  ],
  "epoch_16": [
    "output/23_conv1d_tuned/fold4/checkpoints/train.17.pth",
    0.04442184574015203,
    {
      "mAP": 0.830441552144262,
      "loss": 0.04442184574015203
    }
  ],
  "epoch_17": [
    "output/23_conv1d_tuned/fold4/checkpoints/train.18.pth",
    0.04463888651916222,
    {
      "mAP": 0.804775997786108,
      "loss": 0.04463888651916222
    }
  ],
  "epoch_18": [
    "output/23_conv1d_tuned/fold4/checkpoints/train.19.pth",
    0.04140158467591009,
    {
      "mAP": 0.869671639027379,
      "loss": 0.04140158467591009
    }
  ],
  "epoch_19": [
    "output/23_conv1d_tuned/fold4/checkpoints/train.20.pth",
    0.06867039056085225,
    {
      "mAP": 0.7879346367218871,
      "loss": 0.06867039056085225
    }
  ],
  "epoch_20": [
    "output/23_conv1d_tuned/fold4/checkpoints/train.21.pth",
    0.1231227763192559,
    {
      "mAP": 0.8487863169234722,
      "loss": 0.1231227763192559
    }
  ],
  "epoch_21": [
    "output/23_conv1d_tuned/fold4/checkpoints/train.22.pth",
    0.07513488184287392,
    {
      "mAP": 0.7917228265047722,
      "loss": 0.07513488184287392
    }
  ],
  "epoch_22": [
    "output/23_conv1d_tuned/fold4/checkpoints/train.23.pth",
    0.042833532945133326,
    {
      "mAP": 0.8369037460003567,
      "loss": 0.042833532945133326
    }
  ],
  "epoch_23": [
    "output/23_conv1d_tuned/fold4/checkpoints/train.24.pth",
    0.04143282280710013,
    {
      "mAP": 0.8614879812541387,
      "loss": 0.04143282280710013
    }
  ],
  "epoch_24": [
    "output/23_conv1d_tuned/fold4/checkpoints/train.25.pth",
    0.053089584626643226,
    {
      "mAP": 0.8375767456575589,
      "loss": 0.053089584626643226
    }
  ],
  "epoch_25": [
    "output/23_conv1d_tuned/fold4/checkpoints/train.26.pth",
    0.04326121529117076,
    {
      "mAP": 0.8712435140168723,
      "loss": 0.04326121529117076
    }
  ],
  "epoch_26": [
    "output/23_conv1d_tuned/fold4/checkpoints/train.27.pth",
    0.04475443933983336,
    {
      "mAP": 0.8554571614653611,
      "loss": 0.04475443933983336
    }
  ],
  "epoch_27": [
    "output/23_conv1d_tuned/fold4/checkpoints/train.28.pth",
    0.0453477572216311,
    {
      "mAP": 0.8592311209059527,
      "loss": 0.0453477572216311
    }
  ],
  "epoch_28": [
    "output/23_conv1d_tuned/fold4/checkpoints/train.29.pth",
    0.04967623877651593,
    {
      "mAP": 0.8615894959543972,
      "loss": 0.04967623877651593
    }
  ],
  "epoch_29": [
    "output/23_conv1d_tuned/fold4/checkpoints/train.30.pth",
    0.04694484510204098,
    {
      "mAP": 0.8364035158100066,
      "loss": 0.04694484510204098
    }
  ],
  "epoch_30": [
    "output/23_conv1d_tuned/fold4/checkpoints/train.31.pth",
    0.04690588231085127,
    {
      "mAP": 0.8697737955598536,
      "loss": 0.04690588231085127
    }
  ],
  "epoch_31": [
    "output/23_conv1d_tuned/fold4/checkpoints/train.32.pth",
    0.04708755230274309,
    {
      "mAP": 0.8236495356786692,
      "loss": 0.04708755230274309
    }
  ],
  "epoch_32": [
    "output/23_conv1d_tuned/fold4/checkpoints/train.33.pth",
    0.04498717780322057,
    {
      "mAP": 0.8515104265255818,
      "loss": 0.04498717780322057
    }
  ],
  "epoch_33": [
    "output/23_conv1d_tuned/fold4/checkpoints/train.34.pth",
    0.045230549089385105,
    {
      "mAP": 0.8495996152529984,
      "loss": 0.045230549089385105
    }
  ],
  "epoch_34": [
    "output/23_conv1d_tuned/fold4/checkpoints/train.35.pth",
    0.04309513774357871,
    {
      "mAP": 0.8366476653113014,
      "loss": 0.04309513774357871
    }
  ],
  "epoch_35": [
    "output/23_conv1d_tuned/fold4/checkpoints/train.36.pth",
    0.046442247922178395,
    {
      "mAP": 0.8756427289711003,
      "loss": 0.046442247922178395
    }
  ],
  "epoch_36": [
    "output/23_conv1d_tuned/fold4/checkpoints/train.37.pth",
    0.07077904767090631,
    {
      "mAP": 0.8125489076322907,
      "loss": 0.07077904767090631
    }
  ],
  "epoch_37": [
    "output/23_conv1d_tuned/fold4/checkpoints/train.38.pth",
    0.04268867321307417,
    {
      "mAP": 0.855361112246043,
      "loss": 0.04268867321307417
    }
  ],
  "epoch_38": [
    "output/23_conv1d_tuned/fold4/checkpoints/train.39.pth",
    0.04137973870553462,
    {
      "mAP": 0.859217724978261,
      "loss": 0.04137973870553462
    }
  ],
  "epoch_39": [
    "output/23_conv1d_tuned/fold4/checkpoints/train.40.pth",
    0.1386241762427251,
    {
      "mAP": 0.8377878222070724,
      "loss": 0.1386241762427251
    }
  ],
  "epoch_40": [
    "output/23_conv1d_tuned/fold4/checkpoints/train.41.pth",
    0.051327565195140375,
    {
      "mAP": 0.8620126859063554,
      "loss": 0.051327565195140375
    }
  ],
  "epoch_41": [
    "output/23_conv1d_tuned/fold4/checkpoints/train.42.pth",
    0.06542535126710307,
    {
      "mAP": 0.7950561104402535,