{
  "best": {
    "mAP": 0.8433678050867868,
    "loss": 0.040225514760034234
  },
  "last": {
    "mAP": 0.8599497544664455,
    "loss": 0.06860993100078457
  },
  "train.25": {
    "mAP": 0.8433678050867868,
    "loss": 0.040225514760034234
  },
  "epoch_0": [
    "output/23_conv1d_tuned/fold3/checkpoints/train.1.pth",
    0.5362671418885857,
    {
      "mAP": 0.02144702758546665,
      "loss": 0.5362671418885857
    }
  ],
  "epoch_1": [
    "output/23_conv1d_tuned/fold3/checkpoints/train.2.pth",
    0.3284817474876063,
    {
      "mAP": 0.021897531796095805,
      "loss": 0.3284817474876063
    }
  ],
  "epoch_2": [
    "output/23_conv1d_tuned/fold3/checkpoints/train.3.pth",
    0.20502774806213442,
    {
      "mAP": 0.022404795972290538,
      "loss": 0.20502774806213442
    }
  ],
  "epoch_3": [
    "output/23_conv1d_tuned/fold3/checkpoints/train.4.pth",
    0.17399903404367956,
    {
      "mAP": 0.024020895191853204,
      "loss": 0.17399903404367956
    }
  ],
  "epoch_4": [
    "output/23_conv1d_tuned/fold3/checkpoints/train.5.pth",
    0.17332126924714228,
    {
      "mAP": 0.030237873359408196,
      "loss": 0.17332126924714228
    }
  ],
  "epoch_5": [
    "output/23_conv1d_tuned/fold3/checkpoints/train.6.pth",
    0.1707925967065456,
    {
      "mAP": 0.08023925734586862,
      "loss": 0.1707925967065456
    }
  ],
  "epoch_6": [
    "output/23_conv1d_tuned/fold3/checkpoints/train.7.pth",
    0.12700241851722466,
    {
      "mAP": 0.39616329592910876,
      "loss": 0.12700241851722466
    }
  ],
  "epoch_7": [
    "output/23_conv1d_tuned/fold3/checkpoints/train.8.pth",
    0.09468617965670825,
    {
      "mAP": 0.6265264402092887,
      "loss": 0.09468617965670825
    }
  ],
  "epoch_8": [
    "output/23_conv1d_tuned/fold3/checkpoints/train.9.pth",
    0.047811786042277094,
    {
      "mAP": 0.7994134217867351,
      "loss": 0.047811786042277094
    }
  ],
  "epoch_9": [
    "output/23_conv1d_tuned/fold3/checkpoints/train.10.pth",
    0.04512828411866373,
    {
      "mAP": 0.79992525614287,
      "loss": 0.04512828411866373
    }
  ],
  "epoch_10": [
    "output/23_conv1d_tuned/fold3/checkpoints/train.11.pth",
    0.04477838219895648,
    {
      "mAP": 0.8264491921972085,
      "loss": 0.04477838219895648
    }
  ],
  "epoch_11": [
    "output/23_conv1d_tuned/fold3/checkpoints/train.12.pth",
    0.04478066576683609,
    {
      "mAP": 0.7932383018421665,
      "loss": 0.04478066576683609
    }
  ],
  "epoch_12": [
    "output/23_conv1d_tuned/fold3/checkpoints/train.13.pth",
    0.04545445030238216,
    {
      "mAP": 0.8137836037247508,
      "loss": 0.04545445030238216
    }
  ],
  "epoch_13": [
    "output/23_conv1d_tuned/fold3/checkpoints/train.14.pth",
    0.04550744584625651,
    {
      "mAP": 0.8203370620625596,
      "loss": 0.04550744584625651
    }
  ],
  "epoch_14": [
    "output/23_conv1d_tuned/fold3/checkpoints/train.15.pth",
    0.06724328914984169,
    {
      "mAP": 0.8075357994127521,
      "loss": 0.06724328914984169
    }
  ],
  "epoch_15": [
    "output/23_conv1d_tuned/fold3/checkpoints/train.16.pth",
    0.04590009889930547,
    {
      "mAP": 0.8172821604790432,
      "loss": 0.04590009889930547
    }
  ],
  "epoch_16": [
    "output/23_conv1d_tuned/fold3/checkpoints/train.17.pth",
    0.04356674890070853,
    {
      "mAP": 0.8269788224561704,
      "loss": 0.04356674890070853
    }
  ],
  "epoch_17": [
    "output/23_conv1d_tuned/fold3/checkpoints/train.18.pth",
    0.045686028647238405,
    {
      "mAP": 0.8054538609090559,
      "loss": 0.045686028647238405
    }
  ],
  "epoch_18": [
    "output/23_conv1d_tuned/fold3/checkpoints/train.19.pth",
    0.045363753876212304,
    {
      "mAP": 0.8144757560514572,
      "loss": 0.045363753876212304
    }
  ],
  "epoch_19": [
    "output/23_conv1d_tuned/fold3/checkpoints/train.20.pth",
    0.22560712156996443,
    {
      "mAP": 0.7514434715566416,
      "loss": 0.22560712156996443
    }
  ],
  "epoch_20": [
    "output/23_conv1d_tuned/fold3/checkpoints/train.21.pth",
    0.05709689566470988,
    {
      "mAP": 0.81971178316806,
      "loss": 0.05709689566470988
    }
  ],
  "epoch_21": [
    "output/23_conv1d_tuned/fold3/checkpoints/train.22.pth",
    0.1867228547999261,
    {
      "mAP": 0.7993719834731667,
      "loss": 0.1867228547999261
    }
  ],
  "epoch_22": [
    "output/23_conv1d_tuned/fold3/checkpoints/train.23.pth",
    0.05004013636135061,
    {
      "mAP": 0.8224914100713139,
      "loss": 0.05004013636135061
    }
  ],
  "epoch_23": [
    "output/23_conv1d_tuned/fold3/checkpoints/train.24.pth",
    0.04229193961181413,
    {
      "mAP": 0.8224168197462938,
      "loss": 0.04229193961181413
    }
  ],
  "epoch_24": [
    "output/23_conv1d_tuned/fold3/checkpoints/train.25.pth",
    0.040225514760034234,
    {
      "mAP": 0.8433678050867868,
      "loss": 0.040225514760034234
    }
  ],
  "epoch_25": [
    "output/23_conv1d_tuned/fold3/checkpoints/train.26.pth",
    0.04248679252923858,
    {
      "mAP": 0.8663711119878844,
      "loss": 0.04248679252923858
    }
  ],
  "epoch_26": [
    "output/23_conv1d_tuned/fold3/checkpoints/train.27.pth",
    0.04511854730210772,
    {
      "mAP": 0.8198700080761658,
      "loss": 0.04511854730210772
    }
  ],
  "epoch_27": [
    "output/23_conv1d_tuned/fold3/checkpoints/train.28.pth",
    0.04667236524174978,
    {
      "mAP": 0.817944612618404,
      "loss": 0.04667236524174978
    }
  ],
  "epoch_28": [
    "output/23_conv1d_tuned/fold3/checkpoints/train.29.pth",
    0.0455736882468559,
    {
      "mAP": 0.8020272827433947,
      "loss": 0.0455736882468559
    }
  ],
  "epoch_29": [
    "output/23_conv1d_tuned/fold3/checkpoints/train.30.pth",
    0.04573122141149995,
    {
      "mAP": 0.8198966969660018,
      "loss": 0.04573122141149995
    }
  ],
  "epoch_30": [
    "output/23_conv1d_tuned/fold3/checkpoints/train.31.pth",
    0.04552989555541589,
    {
      "mAP": 0.8161905338802695,
      "loss": 0.04552989555541589
    }
  ],
  "epoch_31": [
    "output/23_conv1d_tuned/fold3/checkpoints/train.32.pth",
    0.044991396886134356,
    {
      "mAP": 0.8145939977712442,
      "loss": 0.044991396886134356
    }
  ],
  "epoch_32": [
    "output/23_conv1d_tuned/fold3/checkpoints/train.33.pth",
    0.0463126635513373,
    {
      "mAP": 0.817955456312303,
      "loss": 0.0463126635513373
    }
  ],
  "epoch_33": [
    "output/23_conv1d_tuned/fold3/checkpoints/train.34.pth",
    0.04506618484964929,
    {
      "mAP": 0.8224223267195269,
      "loss": 0.04506618484964929
    }
  ],
  "epoch_34": [
    "output/23_conv1d_tuned/fold3/checkpoints/train.35.pth",
    0.046186126668379464,
    {
      "mAP": 0.8044264427755554,
      "loss": 0.046186126668379464
    }
  ],
  "epoch_35": [
    "output/23_conv1d_tuned/fold3/checkpoints/train.36.pth",
    0.05268662702480097,
    {
      "mAP": 0.8364296857921792,
      "loss": 0.05268662702480097
    }
  ],
  "epoch_36": [
    "output/23_conv1d_tuned/fold3/checkpoints/train.37.pth",
    0.04897172053087134,
    {
      "mAP": 0.8230933454421346,
      "loss": 0.04897172053087134
    }
  ],
  "epoch_37": [
    "output/23_conv1d_tuned/fold3/checkpoints/train.38.pth",
    0.06913919676916966,
    {
      "mAP": 0.8175315710737361,
      "loss": 0.06913919676916966
    }
  ],
  "epoch_38": [
    "output/23_conv1d_tuned/fold3/checkpoints/train.39.pth",
    0.044005049118257325,
    {
      "mAP": 0.8510402807390471,
      "loss": 0.044005049118257325
    }
  ],
  "epoch_39": [
    "output/23_conv1d_tuned/fold3/checkpoints/train.40.pth",
    0.06171851236906802,
    {
      "mAP": 0.8358212649553894,
      "loss": 0.06171851236906802
    }
  ],
  "epoch_40": [
    "output/23_conv1d_tuned/fold3/checkpoints/train.41.pth",
    0.04615209042830562,
    {
      "mAP": 0.835378249051079,
      "loss": 0.04615209042830562
    }
  ],