{
  "best": {
    "mAP": 0.8646901267531935,
    "loss": 0.03174102190201
  },
  "last": {
    "mAP": 0.8512120460340531,
    "loss": 0.04035430065085811
  },
  "train.23": {
    "mAP": 0.8646901267531935,
    "loss": 0.03174102190201
  },
  "epoch_0": [
    "output/30_conv1d_aug/20200604-23:14:55/fold1/checkpoints/train.1.pth",
    0.5028849635072934,
    {
      "mAP": 0.2432306176887953,
      "loss": 0.5028849635072934
    }
  ],
  "epoch_1": [
    "output/30_conv1d_aug/20200604-23:14:55/fold1/checkpoints/train.2.pth",
    0.28286819304189376,
    {
      "mAP": 0.27778325830140427,
      "loss": 0.28286819304189376
    }
  ],
  "epoch_2": [
    "output/30_conv1d_aug/20200604-23:14:55/fold1/checkpoints/train.3.pth",
    0.17706068821491733,
    {
      "mAP": 0.3207433814116326,
      "loss": 0.17706068821491733
    }
  ],
  "epoch_3": [
    "output/30_conv1d_aug/20200604-23:14:55/fold1/checkpoints/train.4.pth",
    0.11878207614344935,
    {
      "mAP": 0.4972126295105079,
      "loss": 0.11878207614344935
    }
  ],
  "epoch_4": [
    "output/30_conv1d_aug/20200604-23:14:55/fold1/checkpoints/train.5.pth",
    0.07805049884062941,
    {
      "mAP": 0.657496170602374,
      "loss": 0.07805049884062941
    }
  ],
  "epoch_5": [
    "output/30_conv1d_aug/20200604-23:14:55/fold1/checkpoints/train.6.pth",
    0.06393671171960011,
    {
      "mAP": 0.756993533089349,
      "loss": 0.06393671171960011
    }
  ],
  "epoch_6": [
    "output/30_conv1d_aug/20200604-23:14:55/fold1/checkpoints/train.7.pth",
    0.04191220920252543,
    {
      "mAP": 0.8201371235879328,
      "loss": 0.04191220920252543
    }
  ],
  "epoch_7": [
    "output/30_conv1d_aug/20200604-23:14:55/fold1/checkpoints/train.8.pth",
    0.04510467275175997,
    {
      "mAP": 0.8318893611220679,
      "loss": 0.04510467275175997
    }
  ],
  "epoch_8": [
    "output/30_conv1d_aug/20200604-23:14:55/fold1/checkpoints/train.9.pth",
    0.04012814164161682,
    {
      "mAP": 0.8329026224898403,
      "loss": 0.04012814164161682
    }
  ],
  "epoch_9": [
    "output/30_conv1d_aug/20200604-23:14:55/fold1/checkpoints/train.10.pth",
    0.03851639855933446,
    {
      "mAP": 0.8513056939672929,
      "loss": 0.03851639855933446
    }
  ],
  "epoch_10": [
    "output/30_conv1d_aug/20200604-23:14:55/fold1/checkpoints/train.11.pth",
    0.037018404572561225,
    {
      "mAP": 0.846739841793884,
      "loss": 0.037018404572561225
    }
  ],
  "epoch_11": [
    "output/30_conv1d_aug/20200604-23:14:55/fold1/checkpoints/train.12.pth",
    0.03878322836532388,
    {
      "mAP": 0.8301528340470796,
      "loss": 0.03878322836532388
    }
  ],
  "epoch_12": [
    "output/30_conv1d_aug/20200604-23:14:55/fold1/checkpoints/train.13.pth",
    0.03660817592534968,
    {
      "mAP": 0.8503126567003615,
      "loss": 0.03660817592534968
    }
  ],
  "epoch_13": [
    "output/30_conv1d_aug/20200604-23:14:55/fold1/checkpoints/train.14.pth",
    0.03774039992081222,
    {
      "mAP": 0.8450218649181921,
      "loss": 0.03774039992081222
    }
  ],
  "epoch_14": [
    "output/30_conv1d_aug/20200604-23:14:55/fold1/checkpoints/train.15.pth",
    0.034763206837959186,
    {
      "mAP": 0.856616270696625,
      "loss": 0.034763206837959186
    }
  ],
  "epoch_15": [
    "output/30_conv1d_aug/20200604-23:14:55/fold1/checkpoints/train.16.pth",
    0.03798976800935243,
    {
      "mAP": 0.8546911995879539,
      "loss": 0.03798976800935243
    }
  ],
  "epoch_16": [
    "output/30_conv1d_aug/20200604-23:14:55/fold1/checkpoints/train.17.pth",
    0.041452348793065676,
    {
      "mAP": 0.8086490571601405,
      "loss": 0.041452348793065676
    }
  ],
  "epoch_17": [
    "output/30_conv1d_aug/20200604-23:14:55/fold1/checkpoints/train.18.pth",
    0.038059134196530106,
    {
      "mAP": 0.8548937093242089,
      "loss": 0.038059134196530106
    }
  ],
  "epoch_18": [
    "output/30_conv1d_aug/20200604-23:14:55/fold1/checkpoints/train.19.pth",
    0.1590511619403798,
    {
      "mAP": 0.8244190080380003,
      "loss": 0.1590511619403798
    }
  ],
  "epoch_19": [
    "output/30_conv1d_aug/20200604-23:14:55/fold1/checkpoints/train.20.pth",
    0.03722269264280155,
    {
      "mAP": 0.8560610661558271,
      "loss": 0.03722269264280155
    }
  ],
  "epoch_20": [
    "output/30_conv1d_aug/20200604-23:14:55/fold1/checkpoints/train.21.pth",
    0.035720720246273985,
    {
      "mAP": 0.8551040494977032,
      "loss": 0.035720720246273985
    }
  ],
  "epoch_21": [
    "output/30_conv1d_aug/20200604-23:14:55/fold1/checkpoints/train.22.pth",
    0.03649242614866585,
    {
      "mAP": 0.8522704438460037,
      "loss": 0.03649242614866585
    }
  ],
  "epoch_22": [
    "output/30_conv1d_aug/20200604-23:14:55/fold1/checkpoints/train.23.pth",
    0.03174102190201,
    {
      "mAP": 0.8646901267531935,
      "loss": 0.03174102190201
    }
  ],
  "epoch_23": [
    "output/30_conv1d_aug/20200604-23:14:55/fold1/checkpoints/train.24.pth",
    0.03983683888149518,
    {
      "mAP": 0.8295327690757193,
      "loss": 0.03983683888149518
    }
  ],
  "epoch_24": [
    "output/30_conv1d_aug/20200604-23:14:55/fold1/checkpoints/train.25.pth",
    0.03709604955648863,
    {
      "mAP": 0.8396160330992005,
      "loss": 0.03709604955648863
    }
  ],
  "epoch_25": [
    "output/30_conv1d_aug/20200604-23:14:55/fold1/checkpoints/train.26.pth",
    0.03500265680173392,
    {
      "mAP": 0.8517139554867768,
      "loss": 0.03500265680173392
    }
  ],
  "epoch_26": [
    "output/30_conv1d_aug/20200604-23:14:55/fold1/checkpoints/train.27.pth",
    0.032675138965088835,
    {
      "mAP": 0.8772417957095715,
      "loss": 0.032675138965088835
    }
  ],
  "epoch_27": [
    "output/30_conv1d_aug/20200604-23:14:55/fold1/checkpoints/train.28.pth",
    0.03557612061981232,
    {
      "mAP": 0.8440859552720165,
      "loss": 0.03557612061981232
    }
  ],
  "epoch_28": [
    "output/30_conv1d_aug/20200604-23:14:55/fold1/checkpoints/train.29.pth",
    0.035210167127911765,
    {
      "mAP": 0.8663219145278372,
      "loss": 0.035210167127911765
    }
  ],
  "epoch_29": [
    "output/30_conv1d_aug/20200604-23:14:55/fold1/checkpoints/train.30.pth",
    0.034361051255336374,
    {
      "mAP": 0.8599489464745566,
      "loss": 0.034361051255336374
    }
  ],
  "epoch_30": [
    "output/30_conv1d_aug/20200604-23:14:55/fold1/checkpoints/train.31.pth",
    0.034968293802712554,
    {
      "mAP": 0.8456960450575789,
      "loss": 0.034968293802712554
    }
  ],
  "epoch_31": [
    "output/30_conv1d_aug/20200604-23:14:55/fold1/checkpoints/train.32.pth",
    0.034853074699640274,
    {
      "mAP": 0.858898949449683,
      "loss": 0.034853074699640274
    }
  ],
  "epoch_32": [
    "output/30_conv1d_aug/20200604-23:14:55/fold1/checkpoints/train.33.pth",
    0.03471040012695456,
    {
      "mAP": 0.857686043017946,
      "loss": 0.03471040012695456
    }
  ],
  "epoch_33": [
    "output/30_conv1d_aug/20200604-23:14:55/fold1/checkpoints/train.34.pth",
    0.03624801778344698,
    {
      "mAP": 0.8712527749892822,
      "loss": 0.03624801778344698
    }
  ],
  "epoch_34": [
    "output/30_conv1d_aug/20200604-23:14:55/fold1/checkpoints/train.35.pth",
    0.0427019951003854,
    {
      "mAP": 0.8663486268213583,
      "loss": 0.0427019951003854
    }
  ],
  "epoch_35": [
    "output/30_conv1d_aug/20200604-23:14:55/fold1/checkpoints/train.36.pth",
    0.034705048126559106,
    {
      "mAP": 0.8699280040900776,
      "loss": 0.034705048126559106
    }
  ],
  "epoch_36": [
    "output/30_conv1d_aug/20200604-23:14:55/fold1/checkpoints/train.37.pth",
    0.0393012010201972,
    {
      "mAP": 0.8180658392907405,
      "loss": 0.0393012010201972
    }
  ],
  "epoch_37": [
    "output/30_conv1d_aug/20200604-23:14:55/fold1/checkpoints/train.38.pth",
    0.04024729501175624,
    {
      "mAP": 0.8528243948672621,
      "loss": 0.04024729501175624
    }
  ],