{
    "metrics": {
        "lgbm_av": {
            "Fold1 auc": 0.8467333682460056,
            "Fold2 auc": 0.8417010337921254,
            "Fold3 auc": 0.8488574791823607,
            "Fold4 auc": 0.8282186349640549,
            "Fold5 auc": 0.8476535448302545,
            "oof auc": 0.8425260922356391
        },
        "lgbm_vsb_1st_tuned": {
            "Fold1 pr-auc": 0.8726872546386223,
            "Fold2 pr-auc": 0.8257550951719279,
            "Fold3 pr-auc": 0.8783304441370673,
            "Fold4 pr-auc": 0.829239452538453,
            "Fold5 pr-auc": 0.8500997542940295,
            "oof pr-auc": 0.8470012999918919
        }
    },
    "importances": {
        "lgbm_av": {
            "params0": 63189.37538781369,
            "params2": 40136.69313473461,
            "rms": 35566.05138071106,
            "params5": 26313.676096159194,
            "spectrum_skew": 17794.585166250574,
            "params6": 16584.478780816462,
            "spectrum_kurt": 14879.097003463616,
            "max_threshed": 14790.476168143789,
            "spectrum_std": 13840.983683011273,
            "params4": 11180.207110709318,
            "max_inverse_fw_0.66": 9076.861906795171,
            "params1": 8788.485341197773,
            "max_inverse_fw_0.5": 8578.454583470777,
            "highest_peak_inverse_fw_0.66": 8542.694929161637,
            "beta": 8314.23718321803,
            "highest_peak_inverse_fw_0.5": 7999.155440635122,
            "highest_peak_inverse_fw_0.8": 7992.680285953148,
            "params3": 7867.924174743662,
            "highest_peak_inverse_hw_0.8": 7858.537806325816,
            "highest_peak_inverse_hw_0.66": 7444.57479500935,
            "highest_peak_inverse_fw_0.75": 7370.151760653628,
            "max_inverse_fw_0.8": 7302.252129919984,
            "max_inverse_hw_0.5": 7128.027770994824,
            "max_inverse_hw_0.8": 6722.082398832506,
            "highest_peak_inverse_hw_0.5": 6637.122628678177,
            "max_inverse_fw_0.75": 6588.795729903213,
            "highest_peak_inverse_hw_0.75": 6544.250853059453,
            "max_inverse_hw_0.66": 6310.211829621689,
            "max_inverse_hw_0.75": 6224.408111041497
        },
        "lgbm_vsb_1st_tuned": {
            "max_threshed": 5896.370400714279,
            "spectrum_kurt": 4961.623436177183,
            "spectrum_skew": 4013.605718140066,
            "params2": 2943.3822721020656,
            "highest_peak_inverse_fw_0.75": 2467.1669099217775,
            "highest_peak_inverse_hw_0.5": 2452.977556112848,
            "params5": 2343.110507447715,
            "max_inverse_hw_0.66": 2221.405998253558,
            "params4": 2110.3900516828344,
            "params0": 1904.2475801540231,
            "params3": 1797.7652145396482,
            "max_inverse_hw_0.5": 1631.3417814669015,
            "highest_peak_inverse_fw_0.66": 1586.4184009288829,
            "highest_peak_inverse_hw_0.66": 1542.347699418456,
            "spectrum_std": 1336.8058624717569,
            "highest_peak_inverse_fw_0.8": 1147.6022025228215,
            "params6": 1086.7435555778502,
            "max_inverse_fw_0.8": 1064.7391454321012,
            "rms": 1032.1437206324015,
            "max_inverse_hw_0.75": 1023.714863971625,
            "max_inverse_fw_0.75": 1008.6900286182893,
            "max_inverse_fw_0.66": 907.7312342138714,
            "params1": 902.4948480061612,
            "max_inverse_fw_0.5": 803.5359532875503,
            "highest_peak_inverse_hw_0.75": 784.6424987796563,
            "highest_peak_inverse_hw_0.8": 731.9400620308937,
            "beta": 652.9660947377473,
            "max_inverse_hw_0.8": 610.9665574031948,
            "highest_peak_inverse_fw_0.5": 576.9907953794202
        }
    }
}