{
    "metrics": {
        "lgbm_av": {
            "Fold1 auc": 0.8461410133475692,
            "Fold2 auc": 0.8448021685716564,
            "Fold3 auc": 0.8526603179579626,
            "Fold4 auc": 0.829824963870909,
            "Fold5 auc": 0.8519116935873876,
            "oof auc": 0.8448852145906673
        },
        "lgbm_tuned": {
            "Fold1 pr-auc": 0.8888960455154178,
            "Fold2 pr-auc": 0.8843389049839623,
            "Fold3 pr-auc": 0.9016607727376209,
            "Fold4 pr-auc": 0.8364582042232906,
            "Fold5 pr-auc": 0.8583750060617972,
            "oof pr-auc": 0.8531542561567604
        }
    },
    "importances": {
        "lgbm_av": {
            "params0": 62045.29040339354,
            "params2": 35091.18588812413,
            "rms": 34311.526004990126,
            "params5": 23460.635730469505,
            "params6": 13857.37726748699,
            "spectrum_skew": 13467.594295901168,
            "spectrum_kurt": 12946.685607375635,
            "max_steapness_span_1": 11341.111451491648,
            "highest_peak_inverse_fw_0.5": 10497.513013622125,
            "params4": 10045.16278510844,
            "spectrum_std": 9133.82843863469,
            "highest_peak_inverse_fw_0.66": 8724.871066084228,
            "max_threshed": 8717.080872604127,
            "highest_peak_inverse_fw_0.33": 7990.142790325565,
            "max_steapness_span_2": 7671.546562599357,
            "max_steapness_span_4": 7640.634584757272,
            "max_inverse_fw_0.33": 7511.390587020712,
            "max_steapness_span_3": 7202.749418085557,
            "max_inverse_fw_0.66": 7165.640416848037,
            "beta": 7125.714838991448,
            "highest_peak_steapness_span_1": 7089.9442779763995,
            "max_inverse_fw_0.5": 6990.074903520487,
            "highest_peak_inverse_fw_0.8": 6962.717251551373,
            "max_inverse_hw_0.33": 6935.742113021331,
            "highest_peak_inverse_hw_0.33": 6872.489380915675,
            "params1": 6802.439586955068,
            "highest_peak_inverse_hw_0.8": 6574.5286316746815,
            "max_inverse_fw_0.8": 6532.064701607686,
            "params3": 6455.776297701982,
            "highest_peak_inverse_fw_0.75": 6164.962366615384,
            "max_inverse_hw_0.5": 6018.151054678962,
            "highest_peak_inverse_hw_0.5": 6007.017979915579,
            "highest_peak_steapness_span_2": 5987.500507149851,
            "max_inverse_fw_0.75": 5798.638792892147,
            "highest_peak_inverse_hw_0.66": 5783.038777436534,
            "max_inverse_hw_0.8": 5679.997286059997,
            "max_inverse_hw_0.66": 5563.506001613889,
            "max_inverse_hw_0.75": 5534.117192880298,
            "highest_peak_inverse_hw_0.75": 5296.402397670037,
            "highest_peak_steapness_span_4": 4924.195925914578,
            "max_steapness_span_5": 4922.30249709044,
            "highest_peak_steapness_span_3": 4859.6314476615025,
            "highest_peak_steapness_span_5": 4606.745015532802
        },
        "lgbm_tuned": {
            "max_steapness_span_1": 12544.250462669343,
            "max_steapness_span_2": 2471.503951400914,
            "highest_peak_steapness_span_1": 2154.6027337822134,
            "params2": 1803.4593150584785,
            "max_inverse_fw_0.8": 1690.4811619336251,
            "params0": 1563.0580317016488,
            "params4": 1402.9401396485512,
            "highest_peak_inverse_fw_0.66": 1383.7969287891583,
            "max_steapness_span_3": 1247.3335789889097,
            "max_inverse_fw_0.75": 1224.1524467351612,
            "params5": 1135.8422684094403,
            "max_inverse_hw_0.66": 1093.4988277444886,
            "max_inverse_fw_0.33": 1004.6168085612996,
            "max_inverse_hw_0.5": 983.6930807967613,
            "highest_peak_inverse_fw_0.75": 868.0394068789203,
            "highest_peak_inverse_fw_0.8": 849.3890288396856,
            "params6": 794.317759897816,
            "params3": 765.9953457065858,
            "max_inverse_hw_0.33": 732.2936689941446,
            "highest_peak_steapness_span_2": 703.6459783041151,
            "highest_peak_inverse_hw_0.5": 701.9970608053903,
            "highest_peak_inverse_hw_0.33": 636.0101059028879,
            "max_inverse_hw_0.75": 600.2134361248114,
            "max_inverse_fw_0.66": 593.30675014148,
            "rms": 583.1558664548851,
            "spectrum_skew": 513.4627666538348,
            "max_threshed": 476.77231630315066,
            "highest_peak_steapness_span_4": 473.42745534181597,
            "highest_peak_steapness_span_3": 454.1676065867068,
            "spectrum_std": 343.7372174845077,
            "spectrum_kurt": 325.1423153037671,
            "max_steapness_span_4": 318.52262726034974,
            "params1": 315.18013684795005,
            "highest_peak_inverse_hw_0.66": 311.7811403537635,
            "highest_peak_inverse_fw_0.33": 305.02512039653953,
            "max_inverse_hw_0.8": 263.00455753924325,
            "max_inverse_fw_0.5": 246.45535596057306,
            "highest_peak_inverse_fw_0.5": 236.56425107549876,
            "highest_peak_steapness_span_5": 228.08581948159264,
            "max_steapness_span_5": 205.6058375830762,
            "beta": 183.2079996819841,
            "highest_peak_inverse_hw_0.8": 170.4718495284207,
            "highest_peak_inverse_hw_0.75": 145.74066271986814
        }
    }
}