{
  "best": {
    "mAP": 0.8740718669127885,
    "loss": 0.03419383066106981
  },
  "last": {
    "mAP": 0.8510948001181325,
    "loss": 0.03710031695538667
  },
  "train.44": {
    "mAP": 0.8740718669127885,
    "loss": 0.03419383066106981
  },
  "epoch_0": [
    "output/30_conv1d_aug/20200604-23:14:55/fold4/checkpoints/train.1.pth",
    0.4956125009356526,
    {
      "mAP": 0.25150079113555157,
      "loss": 0.4956125009356526
    }
  ],
  "epoch_1": [
    "output/30_conv1d_aug/20200604-23:14:55/fold4/checkpoints/train.2.pth",
    0.2661539980566734,
    {
      "mAP": 0.28111116866373886,
      "loss": 0.2661539980566734
    }
  ],
  "epoch_2": [
    "output/30_conv1d_aug/20200604-23:14:55/fold4/checkpoints/train.3.pth",
    0.18114635245104163,
    {
      "mAP": 0.37354781241067114,
      "loss": 0.18114635245104163
    }
  ],
  "epoch_3": [
    "output/30_conv1d_aug/20200604-23:14:55/fold4/checkpoints/train.4.pth",
    0.10564192797845855,
    {
      "mAP": 0.5486085521260936,
      "loss": 0.10564192797845855
    }
  ],
  "epoch_4": [
    "output/30_conv1d_aug/20200604-23:14:55/fold4/checkpoints/train.5.pth",
    0.06825064867233861,
    {
      "mAP": 0.6719503894866727,
      "loss": 0.06825064867233861
    }
  ],
  "epoch_5": [
    "output/30_conv1d_aug/20200604-23:14:55/fold4/checkpoints/train.6.pth",
    0.05361597822439214,
    {
      "mAP": 0.7504855744652709,
      "loss": 0.05361597822439214
    }
  ],
  "epoch_6": [
    "output/30_conv1d_aug/20200604-23:14:55/fold4/checkpoints/train.7.pth",
    0.054203783267784536,
    {
      "mAP": 0.7496333484727938,
      "loss": 0.054203783267784536
    }
  ],
  "epoch_7": [
    "output/30_conv1d_aug/20200604-23:14:55/fold4/checkpoints/train.8.pth",
    0.04908326068027515,
    {
      "mAP": 0.7814186971301341,
      "loss": 0.04908326068027515
    }
  ],
  "epoch_8": [
    "output/30_conv1d_aug/20200604-23:14:55/fold4/checkpoints/train.9.pth",
    0.04933537173297234,
    {
      "mAP": 0.7542399258529181,
      "loss": 0.04933537173297234
    }
  ],
  "epoch_9": [
    "output/30_conv1d_aug/20200604-23:14:55/fold4/checkpoints/train.10.pth",
    0.047550892451102895,
    {
      "mAP": 0.7567266721649778,
      "loss": 0.047550892451102895
    }
  ],
  "epoch_10": [
    "output/30_conv1d_aug/20200604-23:14:55/fold4/checkpoints/train.11.pth",
    0.048469641947994795,
    {
      "mAP": 0.7674727764347367,
      "loss": 0.048469641947994795
    }
  ],
  "epoch_11": [
    "output/30_conv1d_aug/20200604-23:14:55/fold4/checkpoints/train.12.pth",
    0.04603543163608527,
    {
      "mAP": 0.7945442916103442,
      "loss": 0.04603543163608527
    }
  ],
  "epoch_12": [
    "output/30_conv1d_aug/20200604-23:14:55/fold4/checkpoints/train.13.pth",
    0.04715417679486935,
    {
      "mAP": 0.7879198107160097,
      "loss": 0.04715417679486935
    }
  ],
  "epoch_13": [
    "output/30_conv1d_aug/20200604-23:14:55/fold4/checkpoints/train.14.pth",
    0.05176801715740119,
    {
      "mAP": 0.7493208557057437,
      "loss": 0.05176801715740119
    }
  ],
  "epoch_14": [
    "output/30_conv1d_aug/20200604-23:14:55/fold4/checkpoints/train.15.pth",
    0.04601949634733181,
    {
      "mAP": 0.7756302954234846,
      "loss": 0.04601949634733181
    }
  ],
  "epoch_15": [
    "output/30_conv1d_aug/20200604-23:14:55/fold4/checkpoints/train.16.pth",
    0.05069889536311583,
    {
      "mAP": 0.8006010927472426,
      "loss": 0.05069889536311583
    }
  ],
  "epoch_16": [
    "output/30_conv1d_aug/20200604-23:14:55/fold4/checkpoints/train.17.pth",
    0.04836658454765068,
    {
      "mAP": 0.7649116255154487,
      "loss": 0.04836658454765068
    }
  ],
  "epoch_17": [
    "output/30_conv1d_aug/20200604-23:14:55/fold4/checkpoints/train.18.pth",
    0.046217707174290884,
    {
      "mAP": 0.7843464841707628,
      "loss": 0.046217707174290884
    }
  ],
  "epoch_18": [
    "output/30_conv1d_aug/20200604-23:14:55/fold4/checkpoints/train.19.pth",
    0.042250389364756585,
    {
      "mAP": 0.8349283674295326,
      "loss": 0.042250389364756585
    }
  ],
  "epoch_19": [
    "output/30_conv1d_aug/20200604-23:14:55/fold4/checkpoints/train.20.pth",
    0.04646628519373607,
    {
      "mAP": 0.7984397568692315,
      "loss": 0.04646628519373607
    }
  ],
  "epoch_20": [
    "output/30_conv1d_aug/20200604-23:14:55/fold4/checkpoints/train.21.pth",
    0.044986391303498394,
    {
      "mAP": 0.8301688817349716,
      "loss": 0.044986391303498394
    }
  ],
  "epoch_21": [
    "output/30_conv1d_aug/20200604-23:14:55/fold4/checkpoints/train.22.pth",
    0.047683817625707156,
    {
      "mAP": 0.7950178669983311,
      "loss": 0.047683817625707156
    }
  ],
  "epoch_22": [
    "output/30_conv1d_aug/20200604-23:14:55/fold4/checkpoints/train.23.pth",
    0.0460770019701486,
    {
      "mAP": 0.8527333537687841,
      "loss": 0.0460770019701486
    }
  ],
  "epoch_23": [
    "output/30_conv1d_aug/20200604-23:14:55/fold4/checkpoints/train.24.pth",
    0.053102903751995875,
    {
      "mAP": 0.8359103403250302,
      "loss": 0.053102903751995875
    }
  ],
  "epoch_24": [
    "output/30_conv1d_aug/20200604-23:14:55/fold4/checkpoints/train.25.pth",
    0.053878738278699705,
    {
      "mAP": 0.819589410408422,
      "loss": 0.053878738278699705
    }
  ],
  "epoch_25": [
    "output/30_conv1d_aug/20200604-23:14:55/fold4/checkpoints/train.26.pth",
    0.044034507523949065,
    {
      "mAP": 0.8113545726328006,
      "loss": 0.044034507523949065
    }
  ],
  "epoch_26": [
    "output/30_conv1d_aug/20200604-23:14:55/fold4/checkpoints/train.27.pth",
    0.0385102948728791,
    {
      "mAP": 0.8492146927727787,
      "loss": 0.0385102948728791
    }
  ],
  "epoch_27": [
    "output/30_conv1d_aug/20200604-23:14:55/fold4/checkpoints/train.28.pth",
    0.038816001844951264,
    {
      "mAP": 0.8483846597290745,
      "loss": 0.038816001844951264
    }
  ],
  "epoch_28": [
    "output/30_conv1d_aug/20200604-23:14:55/fold4/checkpoints/train.29.pth",
    0.03931961551048087,
    {
      "mAP": 0.8471991057013615,
      "loss": 0.03931961551048087
    }
  ],
  "epoch_29": [
    "output/30_conv1d_aug/20200604-23:14:55/fold4/checkpoints/train.30.pth",
    0.039506120716234785,
    {
      "mAP": 0.8407982493184618,
      "loss": 0.039506120716234785
    }
  ],
  "epoch_30": [
    "output/30_conv1d_aug/20200604-23:14:55/fold4/checkpoints/train.31.pth",
    0.038832632871125476,
    {
      "mAP": 0.8474271002891417,
      "loss": 0.038832632871125476
    }
  ],
  "epoch_31": [
    "output/30_conv1d_aug/20200604-23:14:55/fold4/checkpoints/train.32.pth",
    0.041256949328081514,
    {
      "mAP": 0.8258407913290005,
      "loss": 0.041256949328081514
    }
  ],
  "epoch_32": [
    "output/30_conv1d_aug/20200604-23:14:55/fold4/checkpoints/train.33.pth",
    0.03794983817764233,
    {
      "mAP": 0.8543572866643374,
      "loss": 0.03794983817764233
    }
  ],
  "epoch_33": [
    "output/30_conv1d_aug/20200604-23:14:55/fold4/checkpoints/train.34.pth",
    0.03804534194188063,
    {
      "mAP": 0.8477766711184502,
      "loss": 0.03804534194188063
    }
  ],
  "epoch_34": [
    "output/30_conv1d_aug/20200604-23:14:55/fold4/checkpoints/train.35.pth",
    0.03952805188101815,
    {
      "mAP": 0.8442297246731395,
      "loss": 0.03952805188101815
    }
  ],
  "epoch_35": [
    "output/30_conv1d_aug/20200604-23:14:55/fold4/checkpoints/train.36.pth",
    0.04193113907099411,
    {
      "mAP": 0.8554589123534786,
      "loss": 0.04193113907099411
    }
  ],
  "epoch_36": [
    "output/30_conv1d_aug/20200604-23:14:55/fold4/checkpoints/train.37.pth",
    0.06213277223612049,
    {
      "mAP": 0.810606111880529,
      "loss": 0.06213277223612049
    }
  ],
  "epoch_37": [
    "output/30_conv1d_aug/20200604-23:14:55/fold4/checkpoints/train.38.pth",
    0.040540491279011694,
    {
      "mAP": 0.8433947081418068,
      "loss": 0.040540491279011694
    }
  ],