{
  "best": {
    "mAP": 0.8880870848933496,
    "loss": 0.032179367694084325
  },
  "last": {
    "mAP": 0.8617338228665378,
    "loss": 0.034759780716479186
  },
  "train.47": {
    "mAP": 0.8880870848933496,
    "loss": 0.032179367694084325
  },
  "epoch_0": [
    "output/35_conv1d_param_tune/20200605-21:31:27/fold3/checkpoints/train.1.pth",
    0.668012758189588,
    {
      "mAP": 0.1957227465303418,
      "loss": 0.668012758189588
    }
  ],
  "epoch_1": [
    "output/35_conv1d_param_tune/20200605-21:31:27/fold3/checkpoints/train.2.pth",
    0.48616888423693927,
    {
      "mAP": 0.1672272322571104,
      "loss": 0.48616888423693927
    }
  ],
  "epoch_2": [
    "output/35_conv1d_param_tune/20200605-21:31:27/fold3/checkpoints/train.3.pth",
    0.2887206884863878,
    {
      "mAP": 0.18631065447259612,
      "loss": 0.2887206884863878
    }
  ],
  "epoch_3": [
    "output/35_conv1d_param_tune/20200605-21:31:27/fold3/checkpoints/train.4.pth",
    0.21446912041749422,
    {
      "mAP": 0.27962962578312706,
      "loss": 0.21446912041749422
    }
  ],
  "epoch_4": [
    "output/35_conv1d_param_tune/20200605-21:31:27/fold3/checkpoints/train.5.pth",
    0.11230409537675642,
    {
      "mAP": 0.5012893368165491,
      "loss": 0.11230409537675642
    }
  ],
  "epoch_5": [
    "output/35_conv1d_param_tune/20200605-21:31:27/fold3/checkpoints/train.6.pth",
    0.10051049594720418,
    {
      "mAP": 0.598556396154454,
      "loss": 0.10051049594720418
    }
  ],
  "epoch_6": [
    "output/35_conv1d_param_tune/20200605-21:31:27/fold3/checkpoints/train.7.pth",
    0.07676488390566923,
    {
      "mAP": 0.5628687280798753,
      "loss": 0.07676488390566923
    }
  ],
  "epoch_7": [
    "output/35_conv1d_param_tune/20200605-21:31:27/fold3/checkpoints/train.8.pth",
    0.07251439850323939,
    {
      "mAP": 0.5943268099414446,
      "loss": 0.07251439850323939
    }
  ],
  "epoch_8": [
    "output/35_conv1d_param_tune/20200605-21:31:27/fold3/checkpoints/train.9.pth",
    0.06736380574822666,
    {
      "mAP": 0.6943463989394764,
      "loss": 0.06736380574822666
    }
  ],
  "epoch_9": [
    "output/35_conv1d_param_tune/20200605-21:31:27/fold3/checkpoints/train.10.pth",
    0.06797436209897828,
    {
      "mAP": 0.6559330864516519,
      "loss": 0.06797436209897828
    }
  ],
  "epoch_10": [
    "output/35_conv1d_param_tune/20200605-21:31:27/fold3/checkpoints/train.11.pth",
    0.06753928716361482,
    {
      "mAP": 0.6289774271067324,
      "loss": 0.06753928716361482
    }
  ],
  "epoch_11": [
    "output/35_conv1d_param_tune/20200605-21:31:27/fold3/checkpoints/train.12.pth",
    0.06832179159587393,
    {
      "mAP": 0.674422569963349,
      "loss": 0.06832179159587393
    }
  ],
  "epoch_12": [
    "output/35_conv1d_param_tune/20200605-21:31:27/fold3/checkpoints/train.13.pth",
    0.06805939242875086,
    {
      "mAP": 0.6826059533289599,
      "loss": 0.06805939242875086
    }
  ],
  "epoch_13": [
    "output/35_conv1d_param_tune/20200605-21:31:27/fold3/checkpoints/train.14.pth",
    0.0711310075717479,
    {
      "mAP": 0.6126335961791565,
      "loss": 0.0711310075717479
    }
  ],
  "epoch_14": [
    "output/35_conv1d_param_tune/20200605-21:31:27/fold3/checkpoints/train.15.pth",
    0.07009986231871396,
    {
      "mAP": 0.6882588332697273,
      "loss": 0.07009986231871396
    }
  ],
  "epoch_15": [
    "output/35_conv1d_param_tune/20200605-21:31:27/fold3/checkpoints/train.16.pth",
    0.06508983570453539,
    {
      "mAP": 0.6971930360247441,
      "loss": 0.06508983570453539
    }
  ],
  "epoch_16": [
    "output/35_conv1d_param_tune/20200605-21:31:27/fold3/checkpoints/train.17.pth",
    0.0628508624107788,
    {
      "mAP": 0.6981428554287343,
      "loss": 0.0628508624107788
    }
  ],
  "epoch_17": [
    "output/35_conv1d_param_tune/20200605-21:31:27/fold3/checkpoints/train.18.pth",
    0.055596789679594624,
    {
      "mAP": 0.7574425705968221,
      "loss": 0.055596789679594624
    }
  ],
  "epoch_18": [
    "output/35_conv1d_param_tune/20200605-21:31:27/fold3/checkpoints/train.19.pth",
    0.10302525497697389,
    {
      "mAP": 0.771847554198141,
      "loss": 0.10302525497697389
    }
  ],
  "epoch_19": [
    "output/35_conv1d_param_tune/20200605-21:31:27/fold3/checkpoints/train.20.pth",
    0.07516879547780685,
    {
      "mAP": 0.7397387703450338,
      "loss": 0.07516879547780685
    }
  ],
  "epoch_20": [
    "output/35_conv1d_param_tune/20200605-21:31:27/fold3/checkpoints/train.21.pth",
    0.051697203349610185,
    {
      "mAP": 0.7975865691214676,
      "loss": 0.051697203349610185
    }
  ],
  "epoch_21": [
    "output/35_conv1d_param_tune/20200605-21:31:27/fold3/checkpoints/train.22.pth",
    0.04686610411198731,
    {
      "mAP": 0.7995943565084094,
      "loss": 0.04686610411198731
    }
  ],
  "epoch_22": [
    "output/35_conv1d_param_tune/20200605-21:31:27/fold3/checkpoints/train.23.pth",
    0.04142233673495659,
    {
      "mAP": 0.8379179417197812,
      "loss": 0.04142233673495659
    }
  ],
  "epoch_23": [
    "output/35_conv1d_param_tune/20200605-21:31:27/fold3/checkpoints/train.24.pth",
    0.04234684180786486,
    {
      "mAP": 0.8251283872455533,
      "loss": 0.04234684180786486
    }
  ],
  "epoch_24": [
    "output/35_conv1d_param_tune/20200605-21:31:27/fold3/checkpoints/train.25.pth",
    0.03742660156174963,
    {
      "mAP": 0.8681446899574332,
      "loss": 0.03742660156174963
    }
  ],
  "epoch_25": [
    "output/35_conv1d_param_tune/20200605-21:31:27/fold3/checkpoints/train.26.pth",
    0.04410329626694011,
    {
      "mAP": 0.8137671792459901,
      "loss": 0.04410329626694011
    }
  ],
  "epoch_26": [
    "output/35_conv1d_param_tune/20200605-21:31:27/fold3/checkpoints/train.27.pth",
    0.040507485765635606,
    {
      "mAP": 0.8415381601828809,
      "loss": 0.040507485765635606
    }
  ],
  "epoch_27": [
    "output/35_conv1d_param_tune/20200605-21:31:27/fold3/checkpoints/train.28.pth",
    0.03984982593244326,
    {
      "mAP": 0.8394910869729846,
      "loss": 0.03984982593244326
    }
  ],
  "epoch_28": [
    "output/35_conv1d_param_tune/20200605-21:31:27/fold3/checkpoints/train.29.pth",
    0.04075129877302417,
    {
      "mAP": 0.8279818361464542,
      "loss": 0.04075129877302417
    }
  ],
  "epoch_29": [
    "output/35_conv1d_param_tune/20200605-21:31:27/fold3/checkpoints/train.30.pth",
    0.040902398423953754,
    {
      "mAP": 0.8300614187987121,
      "loss": 0.040902398423953754
    }
  ],
  "epoch_30": [
    "output/35_conv1d_param_tune/20200605-21:31:27/fold3/checkpoints/train.31.pth",
    0.03779150386514404,
    {
      "mAP": 0.8550439244129336,
      "loss": 0.03779150386514404
    }
  ],
  "epoch_31": [
    "output/35_conv1d_param_tune/20200605-21:31:27/fold3/checkpoints/train.32.pth",
    0.03538812761568911,
    {
      "mAP": 0.8567118704913206,
      "loss": 0.03538812761568911
    }
  ],
  "epoch_32": [
    "output/35_conv1d_param_tune/20200605-21:31:27/fold3/checkpoints/train.33.pth",
    0.04016140607895271,
    {
      "mAP": 0.8376170042690969,
      "loss": 0.04016140607895271
    }
  ],
  "epoch_33": [
    "output/35_conv1d_param_tune/20200605-21:31:27/fold3/checkpoints/train.34.pth",
    0.03781415529864782,
    {
      "mAP": 0.8518862248493327,
      "loss": 0.03781415529864782
    }
  ],
  "epoch_34": [
    "output/35_conv1d_param_tune/20200605-21:31:27/fold3/checkpoints/train.35.pth",
    0.037086793956194616,
    {
      "mAP": 0.8573233367399519,
      "loss": 0.037086793956194616
    }
  ],
  "epoch_35": [
    "output/35_conv1d_param_tune/20200605-21:31:27/fold3/checkpoints/train.36.pth",
    0.042861345774608726,
    {
      "mAP": 0.8299754462646091,
      "loss": 0.042861345774608726
    }
  ],
  "epoch_36": [
    "output/35_conv1d_param_tune/20200605-21:31:27/fold3/checkpoints/train.37.pth",
    0.036585586843229254,
    {
      "mAP": 0.8574642323746521,
      "loss": 0.036585586843229254
    }
  ],