{
    "metrics": {
        "lgbm_av": {
            "Fold1 auc": 0.871925134077718,
            "Fold2 auc": 0.870568452790804,
            "Fold3 auc": 0.8680666532164226,
            "Fold4 auc": 0.8566538992799348,
            "Fold5 auc": 0.8720601605571139,
            "oof auc": 0.8677045657272708
        },
        "lgbm_vsb_1st": {
            "Fold1 pr-auc": 0.8556953564504657,
            "Fold2 pr-auc": 0.8459000882976138,
            "Fold3 pr-auc": 0.8512384594262766,
            "Fold4 pr-auc": 0.7929079895902846,
            "Fold5 pr-auc": 0.8524727384545898,
            "oof pr-auc": 0.8396962094177841
        }
    },
    "importances": {
        "lgbm_av": {
            "spectrum_mean": 86639.03916167523,
            "spectrum_nunique": 43295.035660891415,
            "params2": 43238.97798206302,
            "params0": 34883.10330194726,
            "params5": 29972.631381535983,
            "rms": 29321.149904598416,
            "spectrum_min": 27043.958657874966,
            "params6": 21275.350357074625,
            "spectrum_std": 21232.405586010806,
            "params4": 15432.211493943276,
            "spectrum_max": 15004.066048169469,
            "spectrum_skew": 14987.683929865332,
            "spectrum_kurt": 14765.630046952423,
            "params3": 13555.664647418209,
            "params1": 12800.942568504272,
            "beta": 12266.265469284666,
            "exc_wl": 8894.60549547945
        },
        "lgbm_vsb_1st": {
            "params1": 7589.563955747074,
            "params3": 7436.95484827312,
            "spectrum_kurt": 6508.242260572217,
            "params2": 5808.188195162892,
            "params6": 5114.9107552792175,
            "beta": 4442.888589365373,
            "spectrum_max": 4430.822773040402,
            "params5": 4013.3186849845706,
            "spectrum_std": 2145.934301310037,
            "params4": 1673.0759295049306,
            "rms": 1570.2227396888118,
            "spectrum_min": 1510.3139336400034,
            "spectrum_skew": 1452.6780238464996,
            "params0": 1405.5396019343261,
            "spectrum_nunique": 1393.9633679429921,
            "spectrum_mean": 1038.2984816082733,
            "exc_wl": 576.9427455980535
        }
    }
}