{
  "best": {
    "mAP": 0.8544009280144041,
    "loss": 0.044467949702403815
  },
  "last": {
    "mAP": 0.7457049964339342,
    "loss": 0.07836295967444366
  },
  "train.18": {
    "mAP": 0.8544009280144041,
    "loss": 0.044467949702403815
  },
  "epoch_0": [
    "output/22_conv1d_load/fold5/checkpoints/train.1.pth",
    0.36656018991396583,
    {
      "mAP": 0.02189656067780186,
      "loss": 0.36656018991396583
    }
  ],
  "epoch_1": [
    "output/22_conv1d_load/fold5/checkpoints/train.2.pth",
    0.17219056599919397,
    {
      "mAP": 0.022960699889329132,
      "loss": 0.17219056599919397
    }
  ],
  "epoch_2": [
    "output/22_conv1d_load/fold5/checkpoints/train.3.pth",
    0.15482984500778707,
    {
      "mAP": 0.1324142923121881,
      "loss": 0.15482984500778707
    }
  ],
  "epoch_3": [
    "output/22_conv1d_load/fold5/checkpoints/train.4.pth",
    0.07782327411314266,
    {
      "mAP": 0.6833127761426759,
      "loss": 0.07782327411314266
    }
  ],
  "epoch_4": [
    "output/22_conv1d_load/fold5/checkpoints/train.5.pth",
    0.054702261621890326,
    {
      "mAP": 0.761902966248913,
      "loss": 0.054702261621890326
    }
  ],
  "epoch_5": [
    "output/22_conv1d_load/fold5/checkpoints/train.6.pth",
    0.05248902904442195,
    {
      "mAP": 0.7661443418687268,
      "loss": 0.05248902904442195
    }
  ],
  "epoch_6": [
    "output/22_conv1d_load/fold5/checkpoints/train.7.pth",
    0.04497168798102335,
    {
      "mAP": 0.8087602444247234,
      "loss": 0.04497168798102335
    }
  ],
  "epoch_7": [
    "output/22_conv1d_load/fold5/checkpoints/train.8.pth",
    0.04871012097088058,
    {
      "mAP": 0.8121189922204525,
      "loss": 0.04871012097088058
    }
  ],
  "epoch_8": [
    "output/22_conv1d_load/fold5/checkpoints/train.9.pth",
    0.047777089567776085,
    {
      "mAP": 0.8003199243326304,
      "loss": 0.047777089567776085
    }
  ],
  "epoch_9": [
    "output/22_conv1d_load/fold5/checkpoints/train.10.pth",
    0.04661115708371979,
    {
      "mAP": 0.8481079391267482,
      "loss": 0.04661115708371979
    }
  ],
  "epoch_10": [
    "output/22_conv1d_load/fold5/checkpoints/train.11.pth",
    0.046339724375725436,
    {
      "mAP": 0.7755390274265339,
      "loss": 0.046339724375725436
    }
  ],
  "epoch_11": [
    "output/22_conv1d_load/fold5/checkpoints/train.12.pth",
    0.046864146257737535,
    {
      "mAP": 0.8158050199622302,
      "loss": 0.046864146257737535
    }
  ],
  "epoch_12": [
    "output/22_conv1d_load/fold5/checkpoints/train.13.pth",
    0.04953023441080768,
    {
      "mAP": 0.8221126852691788,
      "loss": 0.04953023441080768
    }
  ],
  "epoch_13": [
    "output/22_conv1d_load/fold5/checkpoints/train.14.pth",
    0.04577473577840984,
    {
      "mAP": 0.826794692347119,
      "loss": 0.04577473577840984
    }
  ],
  "epoch_14": [
    "output/22_conv1d_load/fold5/checkpoints/train.15.pth",
    0.04925044261234754,
    {
      "mAP": 0.8098498298027277,
      "loss": 0.04925044261234754
    }
  ],
  "epoch_15": [
    "output/22_conv1d_load/fold5/checkpoints/train.16.pth",
    0.062072591444010214,
    {
      "mAP": 0.7839166843095872,
      "loss": 0.062072591444010214
    }
  ],
  "epoch_16": [
    "output/22_conv1d_load/fold5/checkpoints/train.17.pth",
    0.0708405796861841,
    {
      "mAP": 0.8032897107010915,
      "loss": 0.0708405796861841
    }
  ],
  "epoch_17": [
    "output/22_conv1d_load/fold5/checkpoints/train.18.pth",
    0.044467949702403815,
    {
      "mAP": 0.8544009280144041,
      "loss": 0.044467949702403815
    }
  ],
  "epoch_18": [
    "output/22_conv1d_load/fold5/checkpoints/train.19.pth",
    0.07791871849570245,
    {
      "mAP": 0.8118201520263346,
      "loss": 0.07791871849570245
    }
  ],
  "epoch_19": [
    "output/22_conv1d_load/fold5/checkpoints/train.20.pth",
    0.05706497311852647,
    {
      "mAP": 0.8030799473053732,
      "loss": 0.05706497311852647
    }
  ],
  "epoch_20": [
    "output/22_conv1d_load/fold5/checkpoints/train.21.pth",
    0.06034197838677603,
    {
      "mAP": 0.7891902428455266,
      "loss": 0.06034197838677603
    }
  ],
  "epoch_21": [
    "output/22_conv1d_load/fold5/checkpoints/train.22.pth",
    0.09662886402333593,
    {
      "mAP": 0.7487030456327156,
      "loss": 0.09662886402333593
    }
  ],
  "epoch_22": [
    "output/22_conv1d_load/fold5/checkpoints/train.23.pth",
    0.05066200618950929,
    {
      "mAP": 0.816466326093875,
      "loss": 0.05066200618950929
    }
  ],
  "epoch_23": [
    "output/22_conv1d_load/fold5/checkpoints/train.24.pth",
    0.049851930707131925,
    {
      "mAP": 0.7857198422025748,
      "loss": 0.049851930707131925
    }
  ],
  "epoch_24": [
    "output/22_conv1d_load/fold5/checkpoints/train.25.pth",
    0.05475671486158698,
    {
      "mAP": 0.7861545240217357,
      "loss": 0.05475671486158698
    }
  ],
  "epoch_25": [
    "output/22_conv1d_load/fold5/checkpoints/train.26.pth",
    0.053033677103259694,
    {
      "mAP": 0.8214647275069004,
      "loss": 0.053033677103259694
    }
  ],
  "epoch_26": [
    "output/22_conv1d_load/fold5/checkpoints/train.27.pth",
    0.05865971376792488,
    {
      "mAP": 0.825904776440742,
      "loss": 0.05865971376792488
    }
  ],
  "epoch_27": [
    "output/22_conv1d_load/fold5/checkpoints/train.28.pth",
    0.05662784229891366,
    {
      "mAP": 0.8231618867619643,
      "loss": 0.05662784229891366
    }
  ],
  "epoch_28": [
    "output/22_conv1d_load/fold5/checkpoints/train.29.pth",
    0.056566821668039016,
    {
      "mAP": 0.8362202043209813,
      "loss": 0.056566821668039016
    }
  ],
  "epoch_29": [
    "output/22_conv1d_load/fold5/checkpoints/train.30.pth",
    0.05698045187334767,
    {
      "mAP": 0.8350924423970241,
      "loss": 0.05698045187334767
    }
  ],
  "epoch_30": [
    "output/22_conv1d_load/fold5/checkpoints/train.31.pth",
    0.05697998969434249,
    {
      "mAP": 0.8204579156065421,
      "loss": 0.05697998969434249
    }
  ],
  "epoch_31": [
    "output/22_conv1d_load/fold5/checkpoints/train.32.pth",
    0.05945869487107161,
    {
      "mAP": 0.8245553361918835,
      "loss": 0.05945869487107161
    }
  ],
  "epoch_32": [
    "output/22_conv1d_load/fold5/checkpoints/train.33.pth",
    0.05208989539169271,
    {
      "mAP": 0.8316490758806508,
      "loss": 0.05208989539169271
    }
  ],
  "epoch_33": [
    "output/22_conv1d_load/fold5/checkpoints/train.34.pth",
    0.06440686874427327,
    {
      "mAP": 0.7998378571829521,
      "loss": 0.06440686874427327
    }
  ],
  "epoch_34": [
    "output/22_conv1d_load/fold5/checkpoints/train.35.pth",
    0.05217564763863294,
    {
      "mAP": 0.8348794863298277,
      "loss": 0.05217564763863294
    }
  ],
  "epoch_35": [
    "output/22_conv1d_load/fold5/checkpoints/train.36.pth",
    0.05488130491835685,
    {
      "mAP": 0.8280190625217957,
      "loss": 0.05488130491835685
    }
  ],
  "epoch_36": [
    "output/22_conv1d_load/fold5/checkpoints/train.37.pth",
    0.10454024320622379,
    {
      "mAP": 0.7893063683159787,
      "loss": 0.10454024320622379
    }
  ],
  "epoch_37": [
    "output/22_conv1d_load/fold5/checkpoints/train.38.pth",
    0.06217350972354131,
    {
      "mAP": 0.8074169134876272,
      "loss": 0.06217350972354131
    }
  ],
  "epoch_38": [
    "output/22_conv1d_load/fold5/checkpoints/train.39.pth",
    0.07162917888878012,
    {
      "mAP": 0.8063692180461224,
      "loss": 0.07162917888878012
    }
  ],
  "epoch_39": [
    "output/22_conv1d_load/fold5/checkpoints/train.40.pth",
    0.09753287607639848,
    {
      "mAP": 0.7228605757024827,
      "loss": 0.09753287607639848
    }
  ],
  "epoch_40": [
    "output/22_conv1d_load/fold5/checkpoints/train.41.pth",
    0.06679425973798415,
    {
      "mAP": 0.743455202497099,
      "loss": 0.06679425973798415
    }
  ],
  "epoch_41": [
    "output/22_conv1d_load/fold5/checkpoints/train.42.pth",
    0.05108759641176354,
    {
      "mAP": 0.801784423564176,