{
    "metrics": {
        "conv1d_main": {
            "Fold1 pr-auc": 0.8342568038968025,
            "Fold2 pr-auc": 0.7937725140130336,
            "Fold3 pr-auc": 0.9198977341298022,
            "Fold4 pr-auc": 0.8476138273229765,
            "Fold5 pr-auc": 0.9137770898904186,
            "oof pr-auc": 0.8621130378279326
        }
    },
    "importances": {}
}