{
  "best": {
    "mAP": 0.8633579116517675,
    "loss": 0.031338725679664205
  },
  "last": {
    "mAP": 0.8565018043739481,
    "loss": 0.05056822716548878
  },
  "train.27": {
    "mAP": 0.8633579116517675,
    "loss": 0.031338725679664205
  },
  "epoch_0": [
    "output/38_no_crop/20200606-09:20:06/fold1/checkpoints/train.1.pth",
    0.6019586869465408,
    {
      "mAP": 0.1685111788741082,
      "loss": 0.6019586869465408
    }
  ],
  "epoch_1": [
    "output/38_no_crop/20200606-09:20:06/fold1/checkpoints/train.2.pth",
    0.45712999534863297,
    {
      "mAP": 0.29248064220581305,
      "loss": 0.45712999534863297
    }
  ],
  "epoch_2": [
    "output/38_no_crop/20200606-09:20:06/fold1/checkpoints/train.3.pth",
    0.2844858566919963,
    {
      "mAP": 0.6366498624891148,
      "loss": 0.2844858566919963
    }
  ],
  "epoch_3": [
    "output/38_no_crop/20200606-09:20:06/fold1/checkpoints/train.4.pth",
    0.24462254473599054,
    {
      "mAP": 0.7601447988277718,
      "loss": 0.24462254473599054
    }
  ],
  "epoch_4": [
    "output/38_no_crop/20200606-09:20:06/fold1/checkpoints/train.5.pth",
    0.0686140279936534,
    {
      "mAP": 0.8132495415237448,
      "loss": 0.0686140279936534
    }
  ],
  "epoch_5": [
    "output/38_no_crop/20200606-09:20:06/fold1/checkpoints/train.6.pth",
    0.04343155603254995,
    {
      "mAP": 0.8249413681805208,
      "loss": 0.04343155603254995
    }
  ],
  "epoch_6": [
    "output/38_no_crop/20200606-09:20:06/fold1/checkpoints/train.7.pth",
    0.04769559068384991,
    {
      "mAP": 0.8104120098234832,
      "loss": 0.04769559068384991
    }
  ],
  "epoch_7": [
    "output/38_no_crop/20200606-09:20:06/fold1/checkpoints/train.8.pth",
    0.047779709541349,
    {
      "mAP": 0.8121371887017087,
      "loss": 0.047779709541349
    }
  ],
  "epoch_8": [
    "output/38_no_crop/20200606-09:20:06/fold1/checkpoints/train.9.pth",
    0.03952180686336692,
    {
      "mAP": 0.8258891160276155,
      "loss": 0.03952180686336692
    }
  ],
  "epoch_9": [
    "output/38_no_crop/20200606-09:20:06/fold1/checkpoints/train.10.pth",
    0.039742634741849796,
    {
      "mAP": 0.8113455423546573,
      "loss": 0.039742634741849796
    }
  ],
  "epoch_10": [
    "output/38_no_crop/20200606-09:20:06/fold1/checkpoints/train.11.pth",
    0.03864456556977764,
    {
      "mAP": 0.8185250108032363,
      "loss": 0.03864456556977764
    }
  ],
  "epoch_11": [
    "output/38_no_crop/20200606-09:20:06/fold1/checkpoints/train.12.pth",
    0.03774513312244928,
    {
      "mAP": 0.8310974354139062,
      "loss": 0.03774513312244928
    }
  ],
  "epoch_12": [
    "output/38_no_crop/20200606-09:20:06/fold1/checkpoints/train.13.pth",
    0.0368272132610762,
    {
      "mAP": 0.8421881553470538,
      "loss": 0.0368272132610762
    }
  ],
  "epoch_13": [
    "output/38_no_crop/20200606-09:20:06/fold1/checkpoints/train.14.pth",
    0.04022688206325295,
    {
      "mAP": 0.8270957709499982,
      "loss": 0.04022688206325295
    }
  ],
  "epoch_14": [
    "output/38_no_crop/20200606-09:20:06/fold1/checkpoints/train.15.pth",
    0.037979270021120705,
    {
      "mAP": 0.8467081509740904,
      "loss": 0.037979270021120705
    }
  ],
  "epoch_15": [
    "output/38_no_crop/20200606-09:20:06/fold1/checkpoints/train.16.pth",
    0.03783918276268949,
    {
      "mAP": 0.8336969694572439,
      "loss": 0.03783918276268949
    }
  ],
  "epoch_16": [
    "output/38_no_crop/20200606-09:20:06/fold1/checkpoints/train.17.pth",
    0.03668318484579363,
    {
      "mAP": 0.8526600731825105,
      "loss": 0.03668318484579363
    }
  ],
  "epoch_17": [
    "output/38_no_crop/20200606-09:20:06/fold1/checkpoints/train.18.pth",
    0.04357561076520591,
    {
      "mAP": 0.8309355506427717,
      "loss": 0.04357561076520591
    }
  ],
  "epoch_18": [
    "output/38_no_crop/20200606-09:20:06/fold1/checkpoints/train.19.pth",
    0.22382734059005654,
    {
      "mAP": 0.7974572413985869,
      "loss": 0.22382734059005654
    }
  ],
  "epoch_19": [
    "output/38_no_crop/20200606-09:20:06/fold1/checkpoints/train.20.pth",
    0.03748649959602664,
    {
      "mAP": 0.8545945253626642,
      "loss": 0.03748649959602664
    }
  ],
  "epoch_20": [
    "output/38_no_crop/20200606-09:20:06/fold1/checkpoints/train.21.pth",
    0.042958148544834505,
    {
      "mAP": 0.8637751316327589,
      "loss": 0.042958148544834505
    }
  ],
  "epoch_21": [
    "output/38_no_crop/20200606-09:20:06/fold1/checkpoints/train.22.pth",
    0.03603643551468849,
    {
      "mAP": 0.8692009054265024,
      "loss": 0.03603643551468849
    }
  ],
  "epoch_22": [
    "output/38_no_crop/20200606-09:20:06/fold1/checkpoints/train.23.pth",
    0.03317394083546054,
    {
      "mAP": 0.8611429733187033,
      "loss": 0.03317394083546054
    }
  ],
  "epoch_23": [
    "output/38_no_crop/20200606-09:20:06/fold1/checkpoints/train.24.pth",
    0.03430765010015939,
    {
      "mAP": 0.8662178893937149,
      "loss": 0.03430765010015939
    }
  ],
  "epoch_24": [
    "output/38_no_crop/20200606-09:20:06/fold1/checkpoints/train.25.pth",
    0.03608504202096693,
    {
      "mAP": 0.8485617495348322,
      "loss": 0.03608504202096693
    }
  ],
  "epoch_25": [
    "output/38_no_crop/20200606-09:20:06/fold1/checkpoints/train.26.pth",
    0.03333402104595656,
    {
      "mAP": 0.8625730885885485,
      "loss": 0.03333402104595656
    }
  ],
  "epoch_26": [
    "output/38_no_crop/20200606-09:20:06/fold1/checkpoints/train.27.pth",
    0.031338725679664205,
    {
      "mAP": 0.8633579116517675,
      "loss": 0.031338725679664205
    }
  ],
  "epoch_27": [
    "output/38_no_crop/20200606-09:20:06/fold1/checkpoints/train.28.pth",
    0.0331148354997558,
    {
      "mAP": 0.8799392610902196,
      "loss": 0.0331148354997558
    }
  ],
  "epoch_28": [
    "output/38_no_crop/20200606-09:20:06/fold1/checkpoints/train.29.pth",
    0.03534709001260419,
    {
      "mAP": 0.8707540240713721,
      "loss": 0.03534709001260419
    }
  ],
  "epoch_29": [
    "output/38_no_crop/20200606-09:20:06/fold1/checkpoints/train.30.pth",
    0.03594174812878332,
    {
      "mAP": 0.8606873518607894,
      "loss": 0.03594174812878332
    }
  ],
  "epoch_30": [
    "output/38_no_crop/20200606-09:20:06/fold1/checkpoints/train.31.pth",
    0.035084901798156,
    {
      "mAP": 0.8548246122292,
      "loss": 0.035084901798156
    }
  ],
  "epoch_31": [
    "output/38_no_crop/20200606-09:20:06/fold1/checkpoints/train.32.pth",
    0.034652217741935484,
    {
      "mAP": 0.8724729317542983,
      "loss": 0.034652217741935484
    }
  ],
  "epoch_32": [
    "output/38_no_crop/20200606-09:20:06/fold1/checkpoints/train.33.pth",
    0.03265383431027012,
    {
      "mAP": 0.8641471942541478,
      "loss": 0.03265383431027012
    }
  ],
  "epoch_33": [
    "output/38_no_crop/20200606-09:20:06/fold1/checkpoints/train.34.pth",
    0.03468064771544549,
    {
      "mAP": 0.8549464303339979,
      "loss": 0.03468064771544549
    }
  ],
  "epoch_34": [
    "output/38_no_crop/20200606-09:20:06/fold1/checkpoints/train.35.pth",
    0.04393870996371392,
    {
      "mAP": 0.8681321072614223,
      "loss": 0.04393870996371392
    }
  ],
  "epoch_35": [
    "output/38_no_crop/20200606-09:20:06/fold1/checkpoints/train.36.pth",
    0.039970337863891356,
    {
      "mAP": 0.8712348784429015,
      "loss": 0.039970337863891356
    }
  ],
  "epoch_36": [
    "output/38_no_crop/20200606-09:20:06/fold1/checkpoints/train.37.pth",
    0.03336670994758606,
    {
      "mAP": 0.8745682567199067,
      "loss": 0.03336670994758606
    }
  ],
  "epoch_37": [
    "output/38_no_crop/20200606-09:20:06/fold1/checkpoints/train.38.pth",
    0.03693590457400968,
    {
      "mAP": 0.8748674614218187,
      "loss": 0.03693590457400968
    }
  ],
  "epoch_38": [
    "output/38_no_crop/20200606-09:20:06/fold1/checkpoints/train.39.pth",
    0.04382890130403221,
    {
      "mAP": 0.8482784133478423,
      "loss": 0.04382890130403221
    }
  ],