{
    "metrics": {
        "lgbm_av": {
            "Fold1 auc": 0.8461410133475692,
            "Fold2 auc": 0.8448021685716564,
            "Fold3 auc": 0.8526603179579626,
            "Fold4 auc": 0.829824963870909,
            "Fold5 auc": 0.8519116935873876,
            "oof auc": 0.8448852145906673
        },
        "lgbm_vsb_1st_tuned": {
            "Fold1 pr-auc": 0.8884205516705663,
            "Fold2 pr-auc": 0.8698143417917101,
            "Fold3 pr-auc": 0.8952920248104294,
            "Fold4 pr-auc": 0.8375271092503715,
            "Fold5 pr-auc": 0.8516046256532244,
            "oof pr-auc": 0.863269659307941
        }
    },
    "importances": {
        "lgbm_av": {
            "params0": 62045.29040339354,
            "params2": 35091.18588812413,
            "rms": 34311.526004990126,
            "params5": 23460.635730469505,
            "params6": 13857.37726748699,
            "spectrum_skew": 13467.594295901168,
            "spectrum_kurt": 12946.685607375635,
            "max_steapness_span_1": 11341.111451491648,
            "highest_peak_inverse_fw_0.5": 10497.513013622125,
            "params4": 10045.16278510844,
            "spectrum_std": 9133.82843863469,
            "highest_peak_inverse_fw_0.66": 8724.871066084228,
            "max_threshed": 8717.080872604127,
            "highest_peak_inverse_fw_0.33": 7990.142790325565,
            "max_steapness_span_2": 7671.546562599357,
            "max_steapness_span_4": 7640.634584757272,
            "max_inverse_fw_0.33": 7511.390587020712,
            "max_steapness_span_3": 7202.749418085557,
            "max_inverse_fw_0.66": 7165.640416848037,
            "beta": 7125.714838991448,
            "highest_peak_steapness_span_1": 7089.9442779763995,
            "max_inverse_fw_0.5": 6990.074903520487,
            "highest_peak_inverse_fw_0.8": 6962.717251551373,
            "max_inverse_hw_0.33": 6935.742113021331,
            "highest_peak_inverse_hw_0.33": 6872.489380915675,
            "params1": 6802.439586955068,
            "highest_peak_inverse_hw_0.8": 6574.5286316746815,
            "max_inverse_fw_0.8": 6532.064701607686,
            "params3": 6455.776297701982,
            "highest_peak_inverse_fw_0.75": 6164.962366615384,
            "max_inverse_hw_0.5": 6018.151054678962,
            "highest_peak_inverse_hw_0.5": 6007.017979915579,
            "highest_peak_steapness_span_2": 5987.500507149851,
            "max_inverse_fw_0.75": 5798.638792892147,
            "highest_peak_inverse_hw_0.66": 5783.038777436534,
            "max_inverse_hw_0.8": 5679.997286059997,
            "max_inverse_hw_0.66": 5563.506001613889,
            "max_inverse_hw_0.75": 5534.117192880298,
            "highest_peak_inverse_hw_0.75": 5296.402397670037,
            "highest_peak_steapness_span_4": 4924.195925914578,
            "max_steapness_span_5": 4922.30249709044,
            "highest_peak_steapness_span_3": 4859.6314476615025,
            "highest_peak_steapness_span_5": 4606.745015532802
        },
        "lgbm_vsb_1st_tuned": {
            "max_steapness_span_1": 12857.465032003674,
            "max_steapness_span_2": 2636.485445900047,
            "highest_peak_steapness_span_1": 2309.1278811282973,
            "params2": 2026.3879020944203,
            "max_inverse_fw_0.8": 1860.2980379962903,
            "params0": 1858.446374570235,
            "params4": 1597.1676178499374,
            "highest_peak_inverse_fw_0.66": 1537.9419144327671,
            "max_steapness_span_3": 1400.4001635715106,
            "max_inverse_fw_0.75": 1367.570574276787,
            "params5": 1254.1266733949394,
            "max_inverse_fw_0.33": 1190.6401414446048,
            "max_inverse_hw_0.5": 1185.9697604304465,
            "max_inverse_hw_0.66": 1181.6103073741126,
            "highest_peak_inverse_fw_0.8": 969.0866423810387,
            "params3": 943.3767751752472,
            "highest_peak_inverse_fw_0.75": 943.2834679631596,
            "params6": 911.0082466850778,
            "max_inverse_hw_0.33": 869.4050920649889,
            "highest_peak_inverse_hw_0.33": 811.4719410365375,
            "rms": 802.4794798113682,
            "highest_peak_steapness_span_2": 797.8629297188986,
            "highest_peak_inverse_hw_0.5": 752.3682463164512,
            "max_inverse_fw_0.66": 740.7048918380802,
            "max_inverse_hw_0.75": 722.2711965946584,
            "spectrum_skew": 677.2572691266621,
            "max_threshed": 549.9167102727499,
            "highest_peak_steapness_span_3": 549.0417656570755,
            "highest_peak_steapness_span_4": 533.690204739674,
            "params1": 444.7170004301689,
            "spectrum_kurt": 442.108490894585,
            "spectrum_std": 423.918036976958,
            "highest_peak_inverse_fw_0.33": 415.4761891302654,
            "max_steapness_span_4": 392.88027111161796,
            "max_inverse_fw_0.5": 389.4054166771962,
            "highest_peak_inverse_hw_0.66": 345.7675547826031,
            "beta": 332.69568352362046,
            "highest_peak_inverse_fw_0.5": 327.6004772007569,
            "max_inverse_hw_0.8": 315.4107653364132,
            "highest_peak_steapness_span_5": 287.7042777374834,
            "max_steapness_span_5": 274.5235143193008,
            "highest_peak_inverse_hw_0.8": 232.17698315233645,
            "highest_peak_inverse_hw_0.75": 198.12484119292296
        }
    }
}