{
    "metrics": {
        "lgbm_av": {
            "Fold1 auc": 0.8461410133475692,
            "Fold2 auc": 0.8448021685716564,
            "Fold3 auc": 0.8526603179579626,
            "Fold4 auc": 0.829824963870909,
            "Fold5 auc": 0.8519116935873876,
            "oof auc": 0.8448852145906673
        },
        "lgbm_tuned": {
            "Fold1 pr-auc": 0.899940533051641,
            "Fold2 pr-auc": 0.8844376496124019,
            "Fold3 pr-auc": 0.9017374169296775,
            "Fold4 pr-auc": 0.8424352901283345,
            "Fold5 pr-auc": 0.8695937907106681,
            "oof pr-auc": 0.8396372186851739
        }
    },
    "importances": {
        "lgbm_av": {
            "params0": 62045.29040339354,
            "params2": 35091.18588812413,
            "rms": 34311.526004990126,
            "params5": 23460.635730469505,
            "params6": 13857.37726748699,
            "spectrum_skew": 13467.594295901168,
            "spectrum_kurt": 12946.685607375635,
            "max_steapness_span_1": 11341.111451491648,
            "highest_peak_inverse_fw_0.5": 10497.513013622125,
            "params4": 10045.16278510844,
            "spectrum_std": 9133.82843863469,
            "highest_peak_inverse_fw_0.66": 8724.871066084228,
            "max_threshed": 8717.080872604127,
            "highest_peak_inverse_fw_0.33": 7990.142790325565,
            "max_steapness_span_2": 7671.546562599357,
            "max_steapness_span_4": 7640.634584757272,
            "max_inverse_fw_0.33": 7511.390587020712,
            "max_steapness_span_3": 7202.749418085557,
            "max_inverse_fw_0.66": 7165.640416848037,
            "beta": 7125.714838991448,
            "highest_peak_steapness_span_1": 7089.9442779763995,
            "max_inverse_fw_0.5": 6990.074903520487,
            "highest_peak_inverse_fw_0.8": 6962.717251551373,
            "max_inverse_hw_0.33": 6935.742113021331,
            "highest_peak_inverse_hw_0.33": 6872.489380915675,
            "params1": 6802.439586955068,
            "highest_peak_inverse_hw_0.8": 6574.5286316746815,
            "max_inverse_fw_0.8": 6532.064701607686,
            "params3": 6455.776297701982,
            "highest_peak_inverse_fw_0.75": 6164.962366615384,
            "max_inverse_hw_0.5": 6018.151054678962,
            "highest_peak_inverse_hw_0.5": 6007.017979915579,
            "highest_peak_steapness_span_2": 5987.500507149851,
            "max_inverse_fw_0.75": 5798.638792892147,
            "highest_peak_inverse_hw_0.66": 5783.038777436534,
            "max_inverse_hw_0.8": 5679.997286059997,
            "max_inverse_hw_0.66": 5563.506001613889,
            "max_inverse_hw_0.75": 5534.117192880298,
            "highest_peak_inverse_hw_0.75": 5296.402397670037,
            "highest_peak_steapness_span_4": 4924.195925914578,
            "max_steapness_span_5": 4922.30249709044,
            "highest_peak_steapness_span_3": 4859.6314476615025,
            "highest_peak_steapness_span_5": 4606.745015532802
        },
        "lgbm_tuned": {
            "max_steapness_span_1": 12905.190399925961,
            "max_steapness_span_2": 2689.1803364437123,
            "highest_peak_steapness_span_1": 2352.0838363193047,
            "params2": 2139.3067487863577,
            "params0": 1991.9101827748277,
            "max_inverse_fw_0.8": 1896.4768031250967,
            "params4": 1672.7367855582302,
            "highest_peak_inverse_fw_0.66": 1568.497659952067,
            "max_steapness_span_3": 1438.1935651282072,
            "max_inverse_fw_0.75": 1420.6345851318247,
            "params5": 1375.1604126988532,
            "max_inverse_fw_0.33": 1285.1829416082037,
            "max_inverse_hw_0.66": 1262.3692288419336,
            "max_inverse_hw_0.5": 1232.3616056346257,
            "params3": 1057.9723449441403,
            "highest_peak_inverse_fw_0.8": 1019.9264995727361,
            "params6": 1003.7904637551837,
            "highest_peak_inverse_fw_0.75": 986.8686884561939,
            "max_inverse_hw_0.33": 937.9317185813891,
            "rms": 892.2226306283997,
            "highest_peak_inverse_hw_0.33": 850.0430881838176,
            "highest_peak_steapness_span_2": 847.8396716912307,
            "highest_peak_inverse_hw_0.5": 792.8415767380865,
            "max_inverse_fw_0.66": 786.5932597656796,
            "max_inverse_hw_0.75": 767.1712256018945,
            "spectrum_skew": 716.9367609506987,
            "max_threshed": 633.856031852936,
            "highest_peak_steapness_span_3": 581.5618774413002,
            "highest_peak_steapness_span_4": 575.9439170698121,
            "params1": 497.363544295211,
            "spectrum_std": 494.05209326968054,
            "spectrum_kurt": 493.03859886502056,
            "highest_peak_inverse_fw_0.33": 459.05759894138225,
            "max_inverse_fw_0.5": 433.5058049054103,
            "max_steapness_span_4": 424.90332739144986,
            "beta": 384.3074457344572,
            "highest_peak_inverse_hw_0.66": 375.2081613495992,
            "max_inverse_hw_0.8": 348.5104671775807,
            "highest_peak_inverse_fw_0.5": 344.60394398285996,
            "highest_peak_steapness_span_5": 318.95180989362905,
            "max_steapness_span_5": 297.3016054002788,
            "highest_peak_inverse_hw_0.8": 268.4241042463983,
            "highest_peak_inverse_hw_0.75": 226.70608310696338
        }
    }
}