{
  "best": {
    "mAP": 0.8058194824259063,
    "loss": 0.05096419772473715
  },
  "last": {
    "mAP": 0.7660677586606012,
    "loss": 0.12237281897055205
  },
  "train.18": {
    "mAP": 0.8058194824259063,
    "loss": 0.05096419772473715
  },
  "epoch_0": [
    "output/22_conv1d_load/fold1/checkpoints/train.1.pth",
    0.36846567642304207,
    {
      "mAP": 0.02122343323212718,
      "loss": 0.36846567642304207
    }
  ],
  "epoch_1": [
    "output/22_conv1d_load/fold1/checkpoints/train.2.pth",
    0.18483774796608957,
    {
      "mAP": 0.021035344739875846,
      "loss": 0.18483774796608957
    }
  ],
  "epoch_2": [
    "output/22_conv1d_load/fold1/checkpoints/train.3.pth",
    0.2075363927951423,
    {
      "mAP": 0.05806507054031748,
      "loss": 0.2075363927951423
    }
  ],
  "epoch_3": [
    "output/22_conv1d_load/fold1/checkpoints/train.4.pth",
    0.09384240814915268,
    {
      "mAP": 0.6643838542171459,
      "loss": 0.09384240814915268
    }
  ],
  "epoch_4": [
    "output/22_conv1d_load/fold1/checkpoints/train.5.pth",
    0.055691627565250604,
    {
      "mAP": 0.7794109610157348,
      "loss": 0.055691627565250604
    }
  ],
  "epoch_5": [
    "output/22_conv1d_load/fold1/checkpoints/train.6.pth",
    0.06454894094858118,
    {
      "mAP": 0.7643769475747634,
      "loss": 0.06454894094858118
    }
  ],
  "epoch_6": [
    "output/22_conv1d_load/fold1/checkpoints/train.7.pth",
    0.053984834782538876,
    {
      "mAP": 0.7860413748478023,
      "loss": 0.053984834782538876
    }
  ],
  "epoch_7": [
    "output/22_conv1d_load/fold1/checkpoints/train.8.pth",
    0.051205013868629294,
    {
      "mAP": 0.8082366628364206,
      "loss": 0.051205013868629294
    }
  ],
  "epoch_8": [
    "output/22_conv1d_load/fold1/checkpoints/train.9.pth",
    0.0522595626372163,
    {
      "mAP": 0.8157772792776793,
      "loss": 0.0522595626372163
    }
  ],
  "epoch_9": [
    "output/22_conv1d_load/fold1/checkpoints/train.10.pth",
    0.052570543542344084,
    {
      "mAP": 0.8029233322576976,
      "loss": 0.052570543542344084
    }
  ],
  "epoch_10": [
    "output/22_conv1d_load/fold1/checkpoints/train.11.pth",
    0.05281615097035644,
    {
      "mAP": 0.7732599725381608,
      "loss": 0.05281615097035644
    }
  ],
  "epoch_11": [
    "output/22_conv1d_load/fold1/checkpoints/train.12.pth",
    0.05278398937756015,
    {
      "mAP": 0.805732778582888,
      "loss": 0.05278398937756015
    }
  ],
  "epoch_12": [
    "output/22_conv1d_load/fold1/checkpoints/train.13.pth",
    0.05345549338286923,
    {
      "mAP": 0.8147614074661106,
      "loss": 0.05345549338286923
    }
  ],
  "epoch_13": [
    "output/22_conv1d_load/fold1/checkpoints/train.14.pth",
    0.06971118599176407,
    {
      "mAP": 0.7778824218707294,
      "loss": 0.06971118599176407
    }
  ],
  "epoch_14": [
    "output/22_conv1d_load/fold1/checkpoints/train.15.pth",
    0.05766090750694275,
    {
      "mAP": 0.8121540154541377,
      "loss": 0.05766090750694275
    }
  ],
  "epoch_15": [
    "output/22_conv1d_load/fold1/checkpoints/train.16.pth",
    0.06229245995161354,
    {
      "mAP": 0.8143159202508031,
      "loss": 0.06229245995161354
    }
  ],
  "epoch_16": [
    "output/22_conv1d_load/fold1/checkpoints/train.17.pth",
    0.05432218946115945,
    {
      "mAP": 0.7981252828685347,
      "loss": 0.05432218946115945
    }
  ],
  "epoch_17": [
    "output/22_conv1d_load/fold1/checkpoints/train.18.pth",
    0.05096419772473715,
    {
      "mAP": 0.8058194824259063,
      "loss": 0.05096419772473715
    }
  ],
  "epoch_18": [
    "output/22_conv1d_load/fold1/checkpoints/train.19.pth",
    0.10290589231637216,
    {
      "mAP": 0.6276480766552666,
      "loss": 0.10290589231637216
    }
  ],
  "epoch_19": [
    "output/22_conv1d_load/fold1/checkpoints/train.20.pth",
    0.06575356487945844,
    {
      "mAP": 0.7837278963305004,
      "loss": 0.06575356487945844
    }
  ],
  "epoch_20": [
    "output/22_conv1d_load/fold1/checkpoints/train.21.pth",
    0.1110250804052558,
    {
      "mAP": 0.7125449171147047,
      "loss": 0.1110250804052558
    }
  ],
  "epoch_21": [
    "output/22_conv1d_load/fold1/checkpoints/train.22.pth",
    0.07079830140836778,
    {
      "mAP": 0.7642129725274365,
      "loss": 0.07079830140836778
    }
  ],
  "epoch_22": [
    "output/22_conv1d_load/fold1/checkpoints/train.23.pth",
    0.060664801387697136,
    {
      "mAP": 0.7941588626255741,
      "loss": 0.060664801387697136
    }
  ],
  "epoch_23": [
    "output/22_conv1d_load/fold1/checkpoints/train.24.pth",
    0.059104990714820484,
    {
      "mAP": 0.7902974321233085,
      "loss": 0.059104990714820484
    }
  ],
  "epoch_24": [
    "output/22_conv1d_load/fold1/checkpoints/train.25.pth",
    0.06658100080426022,
    {
      "mAP": 0.7455177420084981,
      "loss": 0.06658100080426022
    }
  ],
  "epoch_25": [
    "output/22_conv1d_load/fold1/checkpoints/train.26.pth",
    0.0600813534311069,
    {
      "mAP": 0.7699246548932487,
      "loss": 0.0600813534311069
    }
  ],
  "epoch_26": [
    "output/22_conv1d_load/fold1/checkpoints/train.27.pth",
    0.05855816911144923,
    {
      "mAP": 0.8001866003937698,
      "loss": 0.05855816911144923
    }
  ],
  "epoch_27": [
    "output/22_conv1d_load/fold1/checkpoints/train.28.pth",
    0.055114576532956094,
    {
      "mAP": 0.816931911991335,
      "loss": 0.055114576532956094
    }
  ],
  "epoch_28": [
    "output/22_conv1d_load/fold1/checkpoints/train.29.pth",
    0.05985878263750384,
    {
      "mAP": 0.7925636071347827,
      "loss": 0.05985878263750384
    }
  ],
  "epoch_29": [
    "output/22_conv1d_load/fold1/checkpoints/train.30.pth",
    0.05829948182868701,
    {
      "mAP": 0.7963072694415337,
      "loss": 0.05829948182868701
    }
  ],
  "epoch_30": [
    "output/22_conv1d_load/fold1/checkpoints/train.31.pth",
    0.058764236348290595,
    {
      "mAP": 0.7883873950706549,
      "loss": 0.058764236348290595
    }
  ],
  "epoch_31": [
    "output/22_conv1d_load/fold1/checkpoints/train.32.pth",
    0.05872727361738041,
    {
      "mAP": 0.8054019847125401,
      "loss": 0.05872727361738041
    }
  ],
  "epoch_32": [
    "output/22_conv1d_load/fold1/checkpoints/train.33.pth",
    0.057376635731548394,
    {
      "mAP": 0.7877481013695352,
      "loss": 0.057376635731548394
    }
  ],
  "epoch_33": [
    "output/22_conv1d_load/fold1/checkpoints/train.34.pth",
    0.05994554408775863,
    {
      "mAP": 0.8178098725501288,
      "loss": 0.05994554408775863
    }
  ],
  "epoch_34": [
    "output/22_conv1d_load/fold1/checkpoints/train.35.pth",
    0.06257339294559212,
    {
      "mAP": 0.7868077678945588,
      "loss": 0.06257339294559212
    }
  ],
  "epoch_35": [
    "output/22_conv1d_load/fold1/checkpoints/train.36.pth",
    0.06033161619017201,
    {
      "mAP": 0.8006059707511982,
      "loss": 0.06033161619017201
    }
  ],
  "epoch_36": [
    "output/22_conv1d_load/fold1/checkpoints/train.37.pth",
    0.06924221632621622,
    {
      "mAP": 0.7981875764559787,
      "loss": 0.06924221632621622
    }
  ],
  "epoch_37": [
    "output/22_conv1d_load/fold1/checkpoints/train.38.pth",
    0.07504002866084858,
    {
      "mAP": 0.7713771662343568,
      "loss": 0.07504002866084858
    }
  ],
  "epoch_38": [
    "output/22_conv1d_load/fold1/checkpoints/train.39.pth",
    0.08648741637827248,
    {
      "mAP": 0.761461508782005,
      "loss": 0.08648741637827248
    }
  ],
  "epoch_39": [
    "output/22_conv1d_load/fold1/checkpoints/train.40.pth",
    0.05644273453502245,
    {
      "mAP": 0.7708094351296024,
      "loss": 0.05644273453502245
    }
  ],
  "epoch_40": [
    "output/22_conv1d_load/fold1/checkpoints/train.41.pth",
    0.058290804185534034,
    {
      "mAP": 0.7952409852031376,
      "loss": 0.058290804185534034
    }
  ],
  "epoch_41": [
    "output/22_conv1d_load/fold1/checkpoints/train.42.pth",
    0.09898343377856798,
    {
      "mAP": 0.7743861929247562,