{
  "best": {
    "mAP": 0.9227024156801146,
    "loss": 0.024488852339938895
  },
  "last": {
    "mAP": 0.9115517857933356,
    "loss": 0.026828504293385416
  },
  "train.30": {
    "mAP": 0.9227024156801146,
    "loss": 0.024488852339938895
  },
  "epoch_0": [
    "output/39_peak_aug/20200606-10:40:56/fold2/checkpoints/train.1.pth",
    0.5933846296603518,
    {
      "mAP": 0.1586864732399723,
      "loss": 0.5933846296603518
    }
  ],
  "epoch_1": [
    "output/39_peak_aug/20200606-10:40:56/fold2/checkpoints/train.2.pth",
    0.43452567864201896,
    {
      "mAP": 0.25534376181426754,
      "loss": 0.43452567864201896
    }
  ],
  "epoch_2": [
    "output/39_peak_aug/20200606-10:40:56/fold2/checkpoints/train.3.pth",
    0.23058704334413277,
    {
      "mAP": 0.48534505316867266,
      "loss": 0.23058704334413277
    }
  ],
  "epoch_3": [
    "output/39_peak_aug/20200606-10:40:56/fold2/checkpoints/train.4.pth",
    0.16207829333225512,
    {
      "mAP": 0.7787566546080209,
      "loss": 0.16207829333225512
    }
  ],
  "epoch_4": [
    "output/39_peak_aug/20200606-10:40:56/fold2/checkpoints/train.5.pth",
    0.05526697663208263,
    {
      "mAP": 0.8018808729288468,
      "loss": 0.05526697663208263
    }
  ],
  "epoch_5": [
    "output/39_peak_aug/20200606-10:40:56/fold2/checkpoints/train.6.pth",
    0.03967197640237186,
    {
      "mAP": 0.8513809677548285,
      "loss": 0.03967197640237186
    }
  ],
  "epoch_6": [
    "output/39_peak_aug/20200606-10:40:56/fold2/checkpoints/train.7.pth",
    0.039300363525878526,
    {
      "mAP": 0.8699546025203344,
      "loss": 0.039300363525878526
    }
  ],
  "epoch_7": [
    "output/39_peak_aug/20200606-10:40:56/fold2/checkpoints/train.8.pth",
    0.039588165665502585,
    {
      "mAP": 0.8608464006411749,
      "loss": 0.039588165665502585
    }
  ],
  "epoch_8": [
    "output/39_peak_aug/20200606-10:40:56/fold2/checkpoints/train.9.pth",
    0.034986636171113666,
    {
      "mAP": 0.8830791388279146,
      "loss": 0.034986636171113666
    }
  ],
  "epoch_9": [
    "output/39_peak_aug/20200606-10:40:56/fold2/checkpoints/train.10.pth",
    0.033746032968724665,
    {
      "mAP": 0.8798637518992024,
      "loss": 0.033746032968724665
    }
  ],
  "epoch_10": [
    "output/39_peak_aug/20200606-10:40:56/fold2/checkpoints/train.11.pth",
    0.03186844097902571,
    {
      "mAP": 0.8892073664193011,
      "loss": 0.03186844097902571
    }
  ],
  "epoch_11": [
    "output/39_peak_aug/20200606-10:40:56/fold2/checkpoints/train.12.pth",
    0.03285146068979528,
    {
      "mAP": 0.8855781317709043,
      "loss": 0.03285146068979528
    }
  ],
  "epoch_12": [
    "output/39_peak_aug/20200606-10:40:56/fold2/checkpoints/train.13.pth",
    0.03356510977102312,
    {
      "mAP": 0.8771634823684203,
      "loss": 0.03356510977102312
    }
  ],
  "epoch_13": [
    "output/39_peak_aug/20200606-10:40:56/fold2/checkpoints/train.14.pth",
    0.03499828806746984,
    {
      "mAP": 0.8800211286526218,
      "loss": 0.03499828806746984
    }
  ],
  "epoch_14": [
    "output/39_peak_aug/20200606-10:40:56/fold2/checkpoints/train.15.pth",
    0.03275178226929787,
    {
      "mAP": 0.8897747087021397,
      "loss": 0.03275178226929787
    }
  ],
  "epoch_15": [
    "output/39_peak_aug/20200606-10:40:56/fold2/checkpoints/train.16.pth",
    0.03585750771850528,
    {
      "mAP": 0.871276200456681,
      "loss": 0.03585750771850528
    }
  ],
  "epoch_16": [
    "output/39_peak_aug/20200606-10:40:56/fold2/checkpoints/train.17.pth",
    0.03169963645630421,
    {
      "mAP": 0.900153945440825,
      "loss": 0.03169963645630421
    }
  ],
  "epoch_17": [
    "output/39_peak_aug/20200606-10:40:56/fold2/checkpoints/train.18.pth",
    0.03068206440118751,
    {
      "mAP": 0.9011840155567092,
      "loss": 0.03068206440118751
    }
  ],
  "epoch_18": [
    "output/39_peak_aug/20200606-10:40:56/fold2/checkpoints/train.19.pth",
    0.028090709764021872,
    {
      "mAP": 0.9141284541009553,
      "loss": 0.028090709764021872
    }
  ],
  "epoch_19": [
    "output/39_peak_aug/20200606-10:40:56/fold2/checkpoints/train.20.pth",
    0.034230289513542095,
    {
      "mAP": 0.8867317313526875,
      "loss": 0.034230289513542095
    }
  ],
  "epoch_20": [
    "output/39_peak_aug/20200606-10:40:56/fold2/checkpoints/train.21.pth",
    0.03987829047477558,
    {
      "mAP": 0.8666721781667954,
      "loss": 0.03987829047477558
    }
  ],
  "epoch_21": [
    "output/39_peak_aug/20200606-10:40:56/fold2/checkpoints/train.22.pth",
    0.031052570548296857,
    {
      "mAP": 0.8960352165522343,
      "loss": 0.031052570548296857
    }
  ],
  "epoch_22": [
    "output/39_peak_aug/20200606-10:40:56/fold2/checkpoints/train.23.pth",
    0.029036749728029016,
    {
      "mAP": 0.9084640674904079,
      "loss": 0.029036749728029016
    }
  ],
  "epoch_23": [
    "output/39_peak_aug/20200606-10:40:56/fold2/checkpoints/train.24.pth",
    0.04484291418024014,
    {
      "mAP": 0.8899319073777433,
      "loss": 0.04484291418024014
    }
  ],
  "epoch_24": [
    "output/39_peak_aug/20200606-10:40:56/fold2/checkpoints/train.25.pth",
    0.02763040084579725,
    {
      "mAP": 0.9119762112814275,
      "loss": 0.02763040084579725
    }
  ],
  "epoch_25": [
    "output/39_peak_aug/20200606-10:40:56/fold2/checkpoints/train.26.pth",
    0.0292258854233926,
    {
      "mAP": 0.9242692824358436,
      "loss": 0.0292258854233926
    }
  ],
  "epoch_26": [
    "output/39_peak_aug/20200606-10:40:56/fold2/checkpoints/train.27.pth",
    0.02814582158468799,
    {
      "mAP": 0.9020316096715981,
      "loss": 0.02814582158468799
    }
  ],
  "epoch_27": [
    "output/39_peak_aug/20200606-10:40:56/fold2/checkpoints/train.28.pth",
    0.02831290647257232,
    {
      "mAP": 0.9067807120627548,
      "loss": 0.02831290647257232
    }
  ],
  "epoch_28": [
    "output/39_peak_aug/20200606-10:40:56/fold2/checkpoints/train.29.pth",
    0.02593565908609498,
    {
      "mAP": 0.914381102349058,
      "loss": 0.02593565908609498
    }
  ],
  "epoch_29": [
    "output/39_peak_aug/20200606-10:40:56/fold2/checkpoints/train.30.pth",
    0.024488852339938895,
    {
      "mAP": 0.9227024156801146,
      "loss": 0.024488852339938895
    }
  ],
  "epoch_30": [
    "output/39_peak_aug/20200606-10:40:56/fold2/checkpoints/train.31.pth",
    0.025105746672128622,
    {
      "mAP": 0.9265708375722231,
      "loss": 0.025105746672128622
    }
  ],
  "epoch_31": [
    "output/39_peak_aug/20200606-10:40:56/fold2/checkpoints/train.32.pth",
    0.025455060613510105,
    {
      "mAP": 0.926784004384054,
      "loss": 0.025455060613510105
    }
  ],
  "epoch_32": [
    "output/39_peak_aug/20200606-10:40:56/fold2/checkpoints/train.33.pth",
    0.028142714237878206,
    {
      "mAP": 0.9075131617966226,
      "loss": 0.028142714237878206
    }
  ],
  "epoch_33": [
    "output/39_peak_aug/20200606-10:40:56/fold2/checkpoints/train.34.pth",
    0.030105750112172414,
    {
      "mAP": 0.9131711983234502,
      "loss": 0.030105750112172414
    }
  ],
  "epoch_34": [
    "output/39_peak_aug/20200606-10:40:56/fold2/checkpoints/train.35.pth",
    0.029455623667744797,
    {
      "mAP": 0.9042918797218783,
      "loss": 0.029455623667744797
    }
  ],
  "epoch_35": [
    "output/39_peak_aug/20200606-10:40:56/fold2/checkpoints/train.36.pth",
    0.036578598710950705,
    {
      "mAP": 0.9177304741860698,
      "loss": 0.036578598710950705
    }
  ],
  "epoch_36": [
    "output/39_peak_aug/20200606-10:40:56/fold2/checkpoints/train.37.pth",
    0.03475043536855939,
    {
      "mAP": 0.9058798606835972,
      "loss": 0.03475043536855939
    }
  ],
  "epoch_37": [
    "output/39_peak_aug/20200606-10:40:56/fold2/checkpoints/train.38.pth",
    0.027676588784910805,
    {
      "mAP": 0.8978599000140028,
      "loss": 0.027676588784910805
    }
  ],