{
    "metrics": {
        "lgbm_av": {
            "Fold1 auc": 0.8469770799756481,
            "Fold2 auc": 0.8422344792263109,
            "Fold3 auc": 0.8530386665486143,
            "Fold4 auc": 0.8269936821278848,
            "Fold5 auc": 0.8513081535931908,
            "oof auc": 0.8438673419392857
        },
        "lgbm_vsb_1st_tuned": {
            "Fold1 pr-auc": 0.8842558097740693,
            "Fold2 pr-auc": 0.8467423898666591,
            "Fold3 pr-auc": 0.8784700916238753,
            "Fold4 pr-auc": 0.8497070754462639,
            "Fold5 pr-auc": 0.8488570485641682,
            "oof pr-auc": 0.8557779003501351
        }
    },
    "importances": {
        "lgbm_av": {
            "params0": 60089.23092723804,
            "rms": 34411.080188118016,
            "params2": 34281.59953873345,
            "params5": 23377.589303987163,
            "spectrum_skew": 15228.730606637035,
            "params6": 13647.679925565906,
            "spectrum_kurt": 13240.74446311904,
            "max_steapness_span_1": 10059.757717324661,
            "params4": 9443.502410886007,
            "spectrum_std": 8915.000119200558,
            "max_steapness_span_3": 8656.159968839118,
            "max_threshed": 7880.1984338927905,
            "highest_peak_inverse_fw_0.66": 6996.144651446171,
            "max_inverse_fw_0.66": 6960.314385202782,
            "highest_peak_steapness_span_1": 6812.71515294641,
            "max_inverse_fw_0.5": 6797.821614308616,
            "beta": 6659.145968016412,
            "params3": 6417.659255855337,
            "params1": 6269.966735992544,
            "highest_peak_inverse_fw_0.8": 6244.993659832384,
            "highest_peak_inverse_fw_0.75": 6137.414710683603,
            "highest_peak_inverse_fw_0.5": 6081.526468784915,
            "highest_peak_inverse_hw_0.8": 5974.618782078626,
            "max_inverse_fw_0.8": 5963.144085170939,
            "max_inverse_hw_0.5": 5398.926139127816,
            "max_steapness_span_5": 5309.762111325609,
            "highest_peak_inverse_hw_0.66": 5224.815021333254,
            "highest_peak_steapness_span_3": 5101.029644592147,
            "max_inverse_fw_0.75": 5027.161833256534,
            "highest_peak_inverse_hw_0.5": 4929.2347566245935,
            "highest_peak_inverse_hw_0.75": 4927.959836181597,
            "max_inverse_hw_0.75": 4830.301753014052,
            "max_inverse_hw_0.8": 4772.7199753549885,
            "max_inverse_hw_0.66": 4572.91567007046,
            "highest_peak_steapness_span_5": 4500.006299390961,
            "highest_peak_steapness_span_10": 3788.373169118696,
            "max_steapness_span_10": 3656.630577677046,
            "highest_peak_steapness_span_15": 3468.406789130857,
            "max_steapness_span_15": 2851.8942798512053,
            "max_kurtosis_span_1": 1443.1448472738266,
            "highest_peak_kurtosis_span_1": 374.2644541025162,
            "highest_peak_kurtosis_span_3": 182.9500796975568,
            "max_kurtosis_span_3": 143.03112657070162,
            "highest_peak_kurtosis_span_5": 36.336769294738765,
            "highest_peak_kurtosis_span_10": 2.452917981147766,
            "max_kurtosis_span_5": 1.1994420051574708,
            "highest_peak_kurtosis_span_15": 0.0
        },
        "lgbm_vsb_1st_tuned": {
            "max_steapness_span_1": 12948.589682582144,
            "highest_peak_steapness_span_1": 4005.7609237244433,
            "max_steapness_span_3": 2637.0497766301055,
            "max_inverse_fw_0.8": 2553.8432925661496,
            "params2": 2160.121996979405,
            "params0": 2023.6025896572453,
            "max_inverse_fw_0.75": 1687.9371540007444,
            "params5": 1419.456932594975,
            "max_inverse_hw_0.5": 1312.505034119197,
            "max_inverse_hw_0.66": 1310.131106008606,
            "params4": 1261.4556256634899,
            "params6": 1217.5204856476416,
            "params3": 1169.894642165178,
            "highest_peak_inverse_fw_0.8": 1126.5334750051145,
            "highest_peak_steapness_span_3": 1115.6723267322272,
            "rms": 906.2282202234212,
            "max_inverse_fw_0.66": 891.9714587312006,
            "highest_peak_inverse_hw_0.5": 882.7435923940731,
            "max_inverse_hw_0.75": 782.5680941770596,
            "spectrum_skew": 752.9946740845564,
            "spectrum_kurt": 659.9649136923475,
            "highest_peak_inverse_fw_0.75": 585.71854135272,
            "highest_peak_inverse_fw_0.66": 561.2627005287271,
            "highest_peak_inverse_hw_0.66": 536.452190882844,
            "params1": 535.5136107060354,
            "highest_peak_inverse_hw_0.75": 494.0564707977177,
            "max_steapness_span_5": 490.31062049540355,
            "beta": 480.6195644989542,
            "spectrum_std": 460.8339639993505,
            "max_inverse_fw_0.5": 445.15177484906667,
            "highest_peak_inverse_fw_0.5": 431.2051164628421,
            "highest_peak_steapness_span_15": 429.90226837485193,
            "max_inverse_hw_0.8": 426.5564816467784,
            "highest_peak_inverse_hw_0.8": 395.5400139968593,
            "max_threshed": 390.746193370589,
            "highest_peak_steapness_span_5": 341.48378671227545,
            "highest_peak_steapness_span_10": 328.2466626017893,
            "max_steapness_span_15": 156.48828487537102,
            "max_steapness_span_10": 148.82492652395374,
            "highest_peak_kurtosis_span_1": 18.77254039694526,
            "max_kurtosis_span_1": 9.155439367900545,
            "highest_peak_kurtosis_span_3": 4.494909381866455,
            "highest_peak_kurtosis_span_5": 0.2115135906380601,
            "max_kurtosis_span_3": 0.0,
            "highest_peak_kurtosis_span_15": 0.0,
            "max_kurtosis_span_5": 0.0,
            "highest_peak_kurtosis_span_10": 0.0
        }
    }
}