{
    "metrics": {
        "lgbm_av": {
            "Fold1 auc": 0.8467333682460056,
            "Fold2 auc": 0.8417010337921254,
            "Fold3 auc": 0.8488574791823607,
            "Fold4 auc": 0.8282186349640549,
            "Fold5 auc": 0.8476535448302545,
            "oof auc": 0.8425260922356391
        },
        "lgbm_vsb_1st_tuned": {
            "Fold1 pr-auc": 0.8772951478134553,
            "Fold2 pr-auc": 0.8272976081559061,
            "Fold3 pr-auc": 0.8737407437959929,
            "Fold4 pr-auc": 0.8312107433143243,
            "Fold5 pr-auc": 0.8470348403821182,
            "oof pr-auc": 0.8482359239150599
        }
    },
    "importances": {
        "lgbm_av": {
            "params0": 63189.37538781369,
            "params2": 40136.69313473461,
            "rms": 35566.05138071106,
            "params5": 26313.676096159194,
            "spectrum_skew": 17794.585166250574,
            "params6": 16584.478780816462,
            "spectrum_kurt": 14879.097003463616,
            "max_threshed": 14790.476168143789,
            "spectrum_std": 13840.983683011273,
            "params4": 11180.207110709318,
            "max_inverse_fw_0.66": 9076.861906795171,
            "params1": 8788.485341197773,
            "max_inverse_fw_0.5": 8578.454583470777,
            "highest_peak_inverse_fw_0.66": 8542.694929161637,
            "beta": 8314.23718321803,
            "highest_peak_inverse_fw_0.5": 7999.155440635122,
            "highest_peak_inverse_fw_0.8": 7992.680285953148,
            "params3": 7867.924174743662,
            "highest_peak_inverse_hw_0.8": 7858.537806325816,
            "highest_peak_inverse_hw_0.66": 7444.57479500935,
            "highest_peak_inverse_fw_0.75": 7370.151760653628,
            "max_inverse_fw_0.8": 7302.252129919984,
            "max_inverse_hw_0.5": 7128.027770994824,
            "max_inverse_hw_0.8": 6722.082398832506,
            "highest_peak_inverse_hw_0.5": 6637.122628678177,
            "max_inverse_fw_0.75": 6588.795729903213,
            "highest_peak_inverse_hw_0.75": 6544.250853059453,
            "max_inverse_hw_0.66": 6310.211829621689,
            "max_inverse_hw_0.75": 6224.408111041497
        },
        "lgbm_vsb_1st_tuned": {
            "max_threshed": 6067.91377673287,
            "spectrum_kurt": 4846.802603691352,
            "spectrum_skew": 3975.518291823728,
            "params2": 2948.7486573595834,
            "highest_peak_inverse_hw_0.5": 2510.6359410125247,
            "params5": 2388.2486470190715,
            "highest_peak_inverse_fw_0.75": 2375.901148054223,
            "params4": 2148.355773641509,
            "max_inverse_hw_0.66": 2129.752483967433,
            "params0": 1922.1609987469847,
            "params3": 1856.5155172043173,
            "max_inverse_hw_0.5": 1656.0505287602616,
            "highest_peak_inverse_hw_0.66": 1634.9188685666857,
            "highest_peak_inverse_fw_0.66": 1491.5501737511443,
            "spectrum_std": 1349.8178245782224,
            "max_inverse_fw_0.8": 1207.2479344321189,
            "highest_peak_inverse_fw_0.8": 1157.4753595027591,
            "max_inverse_hw_0.75": 1133.1869638572912,
            "params6": 1131.140878458503,
            "rms": 1090.3311694321515,
            "max_inverse_fw_0.66": 975.6260079334272,
            "highest_peak_inverse_hw_0.75": 891.3682169673382,
            "max_inverse_fw_0.5": 880.3896859496133,
            "max_inverse_fw_0.75": 864.1521358264988,
            "params1": 856.2973596350434,
            "highest_peak_inverse_hw_0.8": 708.4942343722113,
            "beta": 693.5007266072992,
            "highest_peak_inverse_fw_0.5": 586.3370816146053,
            "max_inverse_hw_0.8": 520.1654001176298
        }
    }
}