{
    "metrics": {
        "conv1d_tune": {
            "Fold1 pr-auc": 0.7897871671345311,
            "Fold2 pr-auc": 0.9214745435189086,
            "Fold3 pr-auc": 0.883814656155254,
            "Fold4 pr-auc": 0.8531840267221205,
            "Fold5 pr-auc": 0.9360661173636232,
            "oof pr-auc": 0.8781171422163876
        }
    },
    "importances": {}
}