{
  "best": {
    "mAP": 0.9393482741669242,
    "loss": 0.023865156885920433
  },
  "last": {
    "mAP": 0.90439599468842,
    "loss": 0.03302243964279367
  },
  "train.47": {
    "mAP": 0.9393482741669242,
    "loss": 0.023865156885920433
  },
  "epoch_0": [
    "output/35_conv1d_param_tune/20200605-21:31:27/fold2/checkpoints/train.1.pth",
    0.668318173351429,
    {
      "mAP": 0.164953459614738,
      "loss": 0.668318173351429
    }
  ],
  "epoch_1": [
    "output/35_conv1d_param_tune/20200605-21:31:27/fold2/checkpoints/train.2.pth",
    0.4897958966374157,
    {
      "mAP": 0.1761644016036452,
      "loss": 0.4897958966374157
    }
  ],
  "epoch_2": [
    "output/35_conv1d_param_tune/20200605-21:31:27/fold2/checkpoints/train.3.pth",
    0.21852687610502441,
    {
      "mAP": 0.22099388083421984,
      "loss": 0.21852687610502441
    }
  ],
  "epoch_3": [
    "output/35_conv1d_param_tune/20200605-21:31:27/fold2/checkpoints/train.4.pth",
    0.17568555246805614,
    {
      "mAP": 0.22872421365507503,
      "loss": 0.17568555246805614
    }
  ],
  "epoch_4": [
    "output/35_conv1d_param_tune/20200605-21:31:27/fold2/checkpoints/train.5.pth",
    0.13374598178995,
    {
      "mAP": 0.3311051077706798,
      "loss": 0.13374598178995
    }
  ],
  "epoch_5": [
    "output/35_conv1d_param_tune/20200605-21:31:27/fold2/checkpoints/train.6.pth",
    0.08023654887980075,
    {
      "mAP": 0.5447375118071349,
      "loss": 0.08023654887980075
    }
  ],
  "epoch_6": [
    "output/35_conv1d_param_tune/20200605-21:31:27/fold2/checkpoints/train.7.pth",
    0.07820035689576167,
    {
      "mAP": 0.612863847227695,
      "loss": 0.07820035689576167
    }
  ],
  "epoch_7": [
    "output/35_conv1d_param_tune/20200605-21:31:27/fold2/checkpoints/train.8.pth",
    0.07055764787385106,
    {
      "mAP": 0.6767416438478622,
      "loss": 0.07055764787385106
    }
  ],
  "epoch_8": [
    "output/35_conv1d_param_tune/20200605-21:31:27/fold2/checkpoints/train.9.pth",
    0.07289192447515246,
    {
      "mAP": 0.6458673941250073,
      "loss": 0.07289192447515246
    }
  ],
  "epoch_9": [
    "output/35_conv1d_param_tune/20200605-21:31:27/fold2/checkpoints/train.10.pth",
    0.06677246184940697,
    {
      "mAP": 0.6792844858089613,
      "loss": 0.06677246184940697
    }
  ],
  "epoch_10": [
    "output/35_conv1d_param_tune/20200605-21:31:27/fold2/checkpoints/train.11.pth",
    0.07011799105939724,
    {
      "mAP": 0.6450512645433901,
      "loss": 0.07011799105939724
    }
  ],
  "epoch_11": [
    "output/35_conv1d_param_tune/20200605-21:31:27/fold2/checkpoints/train.12.pth",
    0.07342930424209401,
    {
      "mAP": 0.6914338851311111,
      "loss": 0.07342930424209401
    }
  ],
  "epoch_12": [
    "output/35_conv1d_param_tune/20200605-21:31:27/fold2/checkpoints/train.13.pth",
    0.0715537920002979,
    {
      "mAP": 0.6965754277999437,
      "loss": 0.0715537920002979
    }
  ],
  "epoch_13": [
    "output/35_conv1d_param_tune/20200605-21:31:27/fold2/checkpoints/train.14.pth",
    0.06732438987204911,
    {
      "mAP": 0.6605987699036756,
      "loss": 0.06732438987204911
    }
  ],
  "epoch_14": [
    "output/35_conv1d_param_tune/20200605-21:31:27/fold2/checkpoints/train.15.pth",
    0.07134593628151512,
    {
      "mAP": 0.6374713350598014,
      "loss": 0.07134593628151512
    }
  ],
  "epoch_15": [
    "output/35_conv1d_param_tune/20200605-21:31:27/fold2/checkpoints/train.16.pth",
    0.07066173932659763,
    {
      "mAP": 0.64748020601883,
      "loss": 0.07066173932659763
    }
  ],
  "epoch_16": [
    "output/35_conv1d_param_tune/20200605-21:31:27/fold2/checkpoints/train.17.pth",
    0.07779291532958764,
    {
      "mAP": 0.6728798953103076,
      "loss": 0.07779291532958764
    }
  ],
  "epoch_17": [
    "output/35_conv1d_param_tune/20200605-21:31:27/fold2/checkpoints/train.18.pth",
    0.06455744341236277,
    {
      "mAP": 0.6742921200191103,
      "loss": 0.06455744341236277
    }
  ],
  "epoch_18": [
    "output/35_conv1d_param_tune/20200605-21:31:27/fold2/checkpoints/train.19.pth",
    0.10440773997398214,
    {
      "mAP": 0.6800548863664013,
      "loss": 0.10440773997398214
    }
  ],
  "epoch_19": [
    "output/35_conv1d_param_tune/20200605-21:31:27/fold2/checkpoints/train.20.pth",
    0.10191498772462262,
    {
      "mAP": 0.7366425168759432,
      "loss": 0.10191498772462262
    }
  ],
  "epoch_20": [
    "output/35_conv1d_param_tune/20200605-21:31:27/fold2/checkpoints/train.21.pth",
    0.07225028113552846,
    {
      "mAP": 0.697441380260887,
      "loss": 0.07225028113552846
    }
  ],
  "epoch_21": [
    "output/35_conv1d_param_tune/20200605-21:31:27/fold2/checkpoints/train.22.pth",
    0.0585822931540317,
    {
      "mAP": 0.7380980439505965,
      "loss": 0.0585822931540317
    }
  ],
  "epoch_22": [
    "output/35_conv1d_param_tune/20200605-21:31:27/fold2/checkpoints/train.23.pth",
    0.0598522691656137,
    {
      "mAP": 0.8139479705473753,
      "loss": 0.0598522691656137
    }
  ],
  "epoch_23": [
    "output/35_conv1d_param_tune/20200605-21:31:27/fold2/checkpoints/train.24.pth",
    0.0454165687773279,
    {
      "mAP": 0.823029887494101,
      "loss": 0.0454165687773279
    }
  ],
  "epoch_24": [
    "output/35_conv1d_param_tune/20200605-21:31:27/fold2/checkpoints/train.25.pth",
    0.03872286789520082,
    {
      "mAP": 0.8676172472567159,
      "loss": 0.03872286789520082
    }
  ],
  "epoch_25": [
    "output/35_conv1d_param_tune/20200605-21:31:27/fold2/checkpoints/train.26.pth",
    0.037582268398543214,
    {
      "mAP": 0.8623922178108753,
      "loss": 0.037582268398543214
    }
  ],
  "epoch_26": [
    "output/35_conv1d_param_tune/20200605-21:31:27/fold2/checkpoints/train.27.pth",
    0.03712916608822169,
    {
      "mAP": 0.8870895528410367,
      "loss": 0.03712916608822169
    }
  ],
  "epoch_27": [
    "output/35_conv1d_param_tune/20200605-21:31:27/fold2/checkpoints/train.28.pth",
    0.035642679621638994,
    {
      "mAP": 0.8885167945810278,
      "loss": 0.035642679621638994
    }
  ],
  "epoch_28": [
    "output/35_conv1d_param_tune/20200605-21:31:27/fold2/checkpoints/train.29.pth",
    0.043425239691487,
    {
      "mAP": 0.8667338130522168,
      "loss": 0.043425239691487
    }
  ],
  "epoch_29": [
    "output/35_conv1d_param_tune/20200605-21:31:27/fold2/checkpoints/train.30.pth",
    0.02887065670056558,
    {
      "mAP": 0.9265388940069749,
      "loss": 0.02887065670056558
    }
  ],
  "epoch_30": [
    "output/35_conv1d_param_tune/20200605-21:31:27/fold2/checkpoints/train.31.pth",
    0.036449991378284335,
    {
      "mAP": 0.8882008660169891,
      "loss": 0.036449991378284335
    }
  ],
  "epoch_31": [
    "output/35_conv1d_param_tune/20200605-21:31:27/fold2/checkpoints/train.32.pth",
    0.035049410718515084,
    {
      "mAP": 0.8957958560432037,
      "loss": 0.035049410718515084
    }
  ],
  "epoch_32": [
    "output/35_conv1d_param_tune/20200605-21:31:27/fold2/checkpoints/train.33.pth",
    0.030618481874145273,
    {
      "mAP": 0.9164244497419292,
      "loss": 0.030618481874145273
    }
  ],
  "epoch_33": [
    "output/35_conv1d_param_tune/20200605-21:31:27/fold2/checkpoints/train.34.pth",
    0.04164608217344921,
    {
      "mAP": 0.8645848962575388,
      "loss": 0.04164608217344921
    }
  ],
  "epoch_34": [
    "output/35_conv1d_param_tune/20200605-21:31:27/fold2/checkpoints/train.35.pth",
    0.040409982928451306,
    {
      "mAP": 0.8697191568412604,
      "loss": 0.040409982928451306
    }
  ],
  "epoch_35": [
    "output/35_conv1d_param_tune/20200605-21:31:27/fold2/checkpoints/train.36.pth",
    0.03152248975097452,
    {
      "mAP": 0.8999778792719851,
      "loss": 0.03152248975097452
    }
  ],
  "epoch_36": [
    "output/35_conv1d_param_tune/20200605-21:31:27/fold2/checkpoints/train.37.pth",
    0.03739895588432131,
    {
      "mAP": 0.9013454751749318,
      "loss": 0.03739895588432131
    }
  ],