{
    "metrics": {
        "conv1d_av": {
            "Fold1 pr-auc": 0.8836858528107021,
            "Fold2 pr-auc": 0.9272488608961457,
            "Fold3 pr-auc": 0.9090950743420186,
            "Fold4 pr-auc": 0.8571991987492973,
            "Fold5 pr-auc": 0.9128496775848581,
            "oof pr-auc": 0.8954612371103596
        }
    },
    "importances": {}
}