{
    "metrics": {
        "lgbm_vsb_1st": {
            "Fold1 pr-auc": 0.8431347150974186,
            "Fold2 pr-auc": 0.8391124173219723,
            "Fold3 pr-auc": 0.8474414260169931,
            "Fold4 pr-auc": 0.7792327671044446,
            "Fold5 pr-auc": 0.8475147895551299,
            "oof pr-auc": 0.831960891243815
        }
    },
    "importances": {}
}