{
  "best": {
    "mAP": 0.9412456000680601,
    "loss": 0.02255778800302812
  },
  "last": {
    "mAP": 0.9064838303774228,
    "loss": 0.03336224361637854
  },
  "train.37": {
    "mAP": 0.9412456000680601,
    "loss": 0.02255778800302812
  },
  "epoch_0": [
    "output/36_tta/20200605-22:03:19/fold2/checkpoints/train.1.pth",
    0.4972943499654271,
    {
      "mAP": 0.15331368391979447,
      "loss": 0.4972943499654271
    }
  ],
  "epoch_1": [
    "output/36_tta/20200605-22:03:19/fold2/checkpoints/train.2.pth",
    0.29433749935814574,
    {
      "mAP": 0.20079418799183923,
      "loss": 0.29433749935814574
    }
  ],
  "epoch_2": [
    "output/36_tta/20200605-22:03:19/fold2/checkpoints/train.3.pth",
    0.21059394527098918,
    {
      "mAP": 0.29759855435551963,
      "loss": 0.21059394527098918
    }
  ],
  "epoch_3": [
    "output/36_tta/20200605-22:03:19/fold2/checkpoints/train.4.pth",
    0.16494377452451747,
    {
      "mAP": 0.5858318678864849,
      "loss": 0.16494377452451747
    }
  ],
  "epoch_4": [
    "output/36_tta/20200605-22:03:19/fold2/checkpoints/train.5.pth",
    0.09372709754656527,
    {
      "mAP": 0.786359046431042,
      "loss": 0.09372709754656527
    }
  ],
  "epoch_5": [
    "output/36_tta/20200605-22:03:19/fold2/checkpoints/train.6.pth",
    0.05044009887238197,
    {
      "mAP": 0.8152961745210293,
      "loss": 0.05044009887238197
    }
  ],
  "epoch_6": [
    "output/36_tta/20200605-22:03:19/fold2/checkpoints/train.7.pth",
    0.042577594459788384,
    {
      "mAP": 0.8769302969598366,
      "loss": 0.042577594459788384
    }
  ],
  "epoch_7": [
    "output/36_tta/20200605-22:03:19/fold2/checkpoints/train.8.pth",
    0.034393221610892755,
    {
      "mAP": 0.9098383233730745,
      "loss": 0.034393221610892755
    }
  ],
  "epoch_8": [
    "output/36_tta/20200605-22:03:19/fold2/checkpoints/train.9.pth",
    0.03765597661033964,
    {
      "mAP": 0.8839586276513728,
      "loss": 0.03765597661033964
    }
  ],
  "epoch_9": [
    "output/36_tta/20200605-22:03:19/fold2/checkpoints/train.10.pth",
    0.033553713675846406,
    {
      "mAP": 0.8936902481145479,
      "loss": 0.033553713675846406
    }
  ],
  "epoch_10": [
    "output/36_tta/20200605-22:03:19/fold2/checkpoints/train.11.pth",
    0.0366720213205945,
    {
      "mAP": 0.8755570422492054,
      "loss": 0.0366720213205945
    }
  ],
  "epoch_11": [
    "output/36_tta/20200605-22:03:19/fold2/checkpoints/train.12.pth",
    0.04009888441538001,
    {
      "mAP": 0.8770741054259952,
      "loss": 0.04009888441538001
    }
  ],
  "epoch_12": [
    "output/36_tta/20200605-22:03:19/fold2/checkpoints/train.13.pth",
    0.03394913027425019,
    {
      "mAP": 0.9208033478934421,
      "loss": 0.03394913027425019
    }
  ],
  "epoch_13": [
    "output/36_tta/20200605-22:03:19/fold2/checkpoints/train.14.pth",
    0.031209895130504917,
    {
      "mAP": 0.9190233485936626,
      "loss": 0.031209895130504917
    }
  ],
  "epoch_14": [
    "output/36_tta/20200605-22:03:19/fold2/checkpoints/train.15.pth",
    0.03770816235451708,
    {
      "mAP": 0.9153324068416566,
      "loss": 0.03770816235451708
    }
  ],
  "epoch_15": [
    "output/36_tta/20200605-22:03:19/fold2/checkpoints/train.16.pth",
    0.03653140017598687,
    {
      "mAP": 0.9002728328107086,
      "loss": 0.03653140017598687
    }
  ],
  "epoch_16": [
    "output/36_tta/20200605-22:03:19/fold2/checkpoints/train.17.pth",
    0.03741347421995329,
    {
      "mAP": 0.8855960016940405,
      "loss": 0.03741347421995329
    }
  ],
  "epoch_17": [
    "output/36_tta/20200605-22:03:19/fold2/checkpoints/train.18.pth",
    0.03117477110816916,
    {
      "mAP": 0.9237325437585296,
      "loss": 0.03117477110816916
    }
  ],
  "epoch_18": [
    "output/36_tta/20200605-22:03:19/fold2/checkpoints/train.19.pth",
    0.06683051999515548,
    {
      "mAP": 0.9468447582043557,
      "loss": 0.06683051999515548
    }
  ],
  "epoch_19": [
    "output/36_tta/20200605-22:03:19/fold2/checkpoints/train.20.pth",
    0.027578574235137068,
    {
      "mAP": 0.9469259922416892,
      "loss": 0.027578574235137068
    }
  ],
  "epoch_20": [
    "output/36_tta/20200605-22:03:19/fold2/checkpoints/train.21.pth",
    0.048427380555044426,
    {
      "mAP": 0.9005728616321355,
      "loss": 0.048427380555044426
    }
  ],
  "epoch_21": [
    "output/36_tta/20200605-22:03:19/fold2/checkpoints/train.22.pth",
    0.030940395305791235,
    {
      "mAP": 0.9113059721553521,
      "loss": 0.030940395305791235
    }
  ],
  "epoch_22": [
    "output/36_tta/20200605-22:03:19/fold2/checkpoints/train.23.pth",
    0.027592562017530183,
    {
      "mAP": 0.9238969210049727,
      "loss": 0.027592562017530183
    }
  ],
  "epoch_23": [
    "output/36_tta/20200605-22:03:19/fold2/checkpoints/train.24.pth",
    0.029972547182979883,
    {
      "mAP": 0.9113655601960118,
      "loss": 0.029972547182979883
    }
  ],
  "epoch_24": [
    "output/36_tta/20200605-22:03:19/fold2/checkpoints/train.25.pth",
    0.03020447514770852,
    {
      "mAP": 0.9014289427271304,
      "loss": 0.03020447514770852
    }
  ],
  "epoch_25": [
    "output/36_tta/20200605-22:03:19/fold2/checkpoints/train.26.pth",
    0.032544231783816616,
    {
      "mAP": 0.898526713584425,
      "loss": 0.032544231783816616
    }
  ],
  "epoch_26": [
    "output/36_tta/20200605-22:03:19/fold2/checkpoints/train.27.pth",
    0.033357366617009915,
    {
      "mAP": 0.9012419829909221,
      "loss": 0.033357366617009915
    }
  ],
  "epoch_27": [
    "output/36_tta/20200605-22:03:19/fold2/checkpoints/train.28.pth",
    0.03184688136748163,
    {
      "mAP": 0.9175135629538803,
      "loss": 0.03184688136748163
    }
  ],
  "epoch_28": [
    "output/36_tta/20200605-22:03:19/fold2/checkpoints/train.29.pth",
    0.036865167864664095,
    {
      "mAP": 0.8895343017988236,
      "loss": 0.036865167864664095
    }
  ],
  "epoch_29": [
    "output/36_tta/20200605-22:03:19/fold2/checkpoints/train.30.pth",
    0.02383973482224612,
    {
      "mAP": 0.9434732979384254,
      "loss": 0.02383973482224612
    }
  ],
  "epoch_30": [
    "output/36_tta/20200605-22:03:19/fold2/checkpoints/train.31.pth",
    0.03292329578078587,
    {
      "mAP": 0.8988860009779025,
      "loss": 0.03292329578078587
    }
  ],
  "epoch_31": [
    "output/36_tta/20200605-22:03:19/fold2/checkpoints/train.32.pth",
    0.029752894170036154,
    {
      "mAP": 0.9217097339758001,
      "loss": 0.029752894170036154
    }
  ],
  "epoch_32": [
    "output/36_tta/20200605-22:03:19/fold2/checkpoints/train.33.pth",
    0.026130806867637007,
    {
      "mAP": 0.9336234022038593,
      "loss": 0.026130806867637007
    }
  ],
  "epoch_33": [
    "output/36_tta/20200605-22:03:19/fold2/checkpoints/train.34.pth",
    0.028110753109136244,
    {
      "mAP": 0.9229418762369281,
      "loss": 0.028110753109136244
    }
  ],
  "epoch_34": [
    "output/36_tta/20200605-22:03:19/fold2/checkpoints/train.35.pth",
    0.0313337402651243,
    {
      "mAP": 0.9084756325958266,
      "loss": 0.0313337402651243
    }
  ],
  "epoch_35": [
    "output/36_tta/20200605-22:03:19/fold2/checkpoints/train.36.pth",
    0.02665492964604094,
    {
      "mAP": 0.9440474838765749,
      "loss": 0.02665492964604094
    }
  ],
  "epoch_36": [
    "output/36_tta/20200605-22:03:19/fold2/checkpoints/train.37.pth",
    0.02255778800302812,
    {
      "mAP": 0.9412456000680601,
      "loss": 0.02255778800302812
    }
  ],
  "epoch_37": [
    "output/36_tta/20200605-22:03:19/fold2/checkpoints/train.38.pth",
    0.03254897299860858,
    {
      "mAP": 0.9232189678014928,
      "loss": 0.03254897299860858
    }
  ],
  "epoch_38": [
    "output/36_tta/20200605-22:03:19/fold2/checkpoints/train.39.pth",
    0.02949167279590475,
    {
      "mAP": 0.9193239169787523,
      "loss": 0.02949167279590475
    }
  ],