{
  "best": {
    "mAP": 0.9048082859637745,
    "loss": 0.02993295095840916
  },
  "last": {
    "mAP": 0.890904555876729,
    "loss": 0.03349454893599682
  },
  "train.37": {
    "mAP": 0.9048082859637745,
    "loss": 0.02993295095840916
  },
  "epoch_0": [
    "output/39_peak_aug/20200606-10:40:56/fold5/checkpoints/train.1.pth",
    0.5892591176212596,
    {
      "mAP": 0.15326353521299688,
      "loss": 0.5892591176212596
    }
  ],
  "epoch_1": [
    "output/39_peak_aug/20200606-10:40:56/fold5/checkpoints/train.2.pth",
    0.45981165109341304,
    {
      "mAP": 0.22028468210849023,
      "loss": 0.45981165109341304
    }
  ],
  "epoch_2": [
    "output/39_peak_aug/20200606-10:40:56/fold5/checkpoints/train.3.pth",
    0.3024495890578249,
    {
      "mAP": 0.5203267038709352,
      "loss": 0.3024495890578249
    }
  ],
  "epoch_3": [
    "output/39_peak_aug/20200606-10:40:56/fold5/checkpoints/train.4.pth",
    0.22993267086543087,
    {
      "mAP": 0.7629645378793328,
      "loss": 0.22993267086543087
    }
  ],
  "epoch_4": [
    "output/39_peak_aug/20200606-10:40:56/fold5/checkpoints/train.5.pth",
    0.08577813158499449,
    {
      "mAP": 0.8011269808258564,
      "loss": 0.08577813158499449
    }
  ],
  "epoch_5": [
    "output/39_peak_aug/20200606-10:40:56/fold5/checkpoints/train.6.pth",
    0.048568912975304704,
    {
      "mAP": 0.7790590928433098,
      "loss": 0.048568912975304704
    }
  ],
  "epoch_6": [
    "output/39_peak_aug/20200606-10:40:56/fold5/checkpoints/train.7.pth",
    0.04511766463377849,
    {
      "mAP": 0.8632143770203546,
      "loss": 0.04511766463377849
    }
  ],
  "epoch_7": [
    "output/39_peak_aug/20200606-10:40:56/fold5/checkpoints/train.8.pth",
    0.038677603425990435,
    {
      "mAP": 0.8649071618417163,
      "loss": 0.038677603425990435
    }
  ],
  "epoch_8": [
    "output/39_peak_aug/20200606-10:40:56/fold5/checkpoints/train.9.pth",
    0.03850044449509473,
    {
      "mAP": 0.8675942240705279,
      "loss": 0.03850044449509473
    }
  ],
  "epoch_9": [
    "output/39_peak_aug/20200606-10:40:56/fold5/checkpoints/train.10.pth",
    0.03838131892186086,
    {
      "mAP": 0.8750077545910107,
      "loss": 0.03838131892186086
    }
  ],
  "epoch_10": [
    "output/39_peak_aug/20200606-10:40:56/fold5/checkpoints/train.11.pth",
    0.03880262018758215,
    {
      "mAP": 0.869749916597329,
      "loss": 0.03880262018758215
    }
  ],
  "epoch_11": [
    "output/39_peak_aug/20200606-10:40:56/fold5/checkpoints/train.12.pth",
    0.038885065802218295,
    {
      "mAP": 0.8692155014518823,
      "loss": 0.038885065802218295
    }
  ],
  "epoch_12": [
    "output/39_peak_aug/20200606-10:40:56/fold5/checkpoints/train.13.pth",
    0.03941377756644915,
    {
      "mAP": 0.87515076662228,
      "loss": 0.03941377756644915
    }
  ],
  "epoch_13": [
    "output/39_peak_aug/20200606-10:40:56/fold5/checkpoints/train.14.pth",
    0.03906236733131426,
    {
      "mAP": 0.8684413997752628,
      "loss": 0.03906236733131426
    }
  ],
  "epoch_14": [
    "output/39_peak_aug/20200606-10:40:56/fold5/checkpoints/train.15.pth",
    0.037235183261770805,
    {
      "mAP": 0.8760004649803776,
      "loss": 0.037235183261770805
    }
  ],
  "epoch_15": [
    "output/39_peak_aug/20200606-10:40:56/fold5/checkpoints/train.16.pth",
    0.036203698902099665,
    {
      "mAP": 0.8947620148888725,
      "loss": 0.036203698902099665
    }
  ],
  "epoch_16": [
    "output/39_peak_aug/20200606-10:40:56/fold5/checkpoints/train.17.pth",
    0.0428101581076026,
    {
      "mAP": 0.8904165404573543,
      "loss": 0.0428101581076026
    }
  ],
  "epoch_17": [
    "output/39_peak_aug/20200606-10:40:56/fold5/checkpoints/train.18.pth",
    0.03546066135644071,
    {
      "mAP": 0.8799798750377902,
      "loss": 0.03546066135644071
    }
  ],
  "epoch_18": [
    "output/39_peak_aug/20200606-10:40:56/fold5/checkpoints/train.19.pth",
    0.03413364537330826,
    {
      "mAP": 0.8849828284276966,
      "loss": 0.03413364537330826
    }
  ],
  "epoch_19": [
    "output/39_peak_aug/20200606-10:40:56/fold5/checkpoints/train.20.pth",
    0.0428894652428247,
    {
      "mAP": 0.8528063229985061,
      "loss": 0.0428894652428247
    }
  ],
  "epoch_20": [
    "output/39_peak_aug/20200606-10:40:56/fold5/checkpoints/train.21.pth",
    0.03919324638583793,
    {
      "mAP": 0.8737748142473093,
      "loss": 0.03919324638583793
    }
  ],
  "epoch_21": [
    "output/39_peak_aug/20200606-10:40:56/fold5/checkpoints/train.22.pth",
    0.035552091327844725,
    {
      "mAP": 0.8960622073206154,
      "loss": 0.035552091327844725
    }
  ],
  "epoch_22": [
    "output/39_peak_aug/20200606-10:40:56/fold5/checkpoints/train.23.pth",
    0.034874155281942085,
    {
      "mAP": 0.8714599376408965,
      "loss": 0.034874155281942085
    }
  ],
  "epoch_23": [
    "output/39_peak_aug/20200606-10:40:56/fold5/checkpoints/train.24.pth",
    0.03411223510907814,
    {
      "mAP": 0.8939367540676377,
      "loss": 0.03411223510907814
    }
  ],
  "epoch_24": [
    "output/39_peak_aug/20200606-10:40:56/fold5/checkpoints/train.25.pth",
    0.032648030546993,
    {
      "mAP": 0.9004094381285598,
      "loss": 0.032648030546993
    }
  ],
  "epoch_25": [
    "output/39_peak_aug/20200606-10:40:56/fold5/checkpoints/train.26.pth",
    0.03459935586476134,
    {
      "mAP": 0.8955655675786378,
      "loss": 0.03459935586476134
    }
  ],
  "epoch_26": [
    "output/39_peak_aug/20200606-10:40:56/fold5/checkpoints/train.27.pth",
    0.031627032072825086,
    {
      "mAP": 0.8931227327883212,
      "loss": 0.031627032072825086
    }
  ],
  "epoch_27": [
    "output/39_peak_aug/20200606-10:40:56/fold5/checkpoints/train.28.pth",
    0.03469403583629065,
    {
      "mAP": 0.8887379658811442,
      "loss": 0.03469403583629065
    }
  ],
  "epoch_28": [
    "output/39_peak_aug/20200606-10:40:56/fold5/checkpoints/train.29.pth",
    0.031117404438429978,
    {
      "mAP": 0.8999343883275107,
      "loss": 0.031117404438429978
    }
  ],
  "epoch_29": [
    "output/39_peak_aug/20200606-10:40:56/fold5/checkpoints/train.30.pth",
    0.03279545300821169,
    {
      "mAP": 0.8951292593419123,
      "loss": 0.03279545300821169
    }
  ],
  "epoch_30": [
    "output/39_peak_aug/20200606-10:40:56/fold5/checkpoints/train.31.pth",
    0.03152567485539041,
    {
      "mAP": 0.8972428217270093,
      "loss": 0.03152567485539041
    }
  ],
  "epoch_31": [
    "output/39_peak_aug/20200606-10:40:56/fold5/checkpoints/train.32.pth",
    0.032578161663971414,
    {
      "mAP": 0.8948168947559719,
      "loss": 0.032578161663971414
    }
  ],
  "epoch_32": [
    "output/39_peak_aug/20200606-10:40:56/fold5/checkpoints/train.33.pth",
    0.030033970403246377,
    {
      "mAP": 0.910598610918931,
      "loss": 0.030033970403246377
    }
  ],
  "epoch_33": [
    "output/39_peak_aug/20200606-10:40:56/fold5/checkpoints/train.34.pth",
    0.033222633289334835,
    {
      "mAP": 0.9012803961509841,
      "loss": 0.033222633289334835
    }
  ],
  "epoch_34": [
    "output/39_peak_aug/20200606-10:40:56/fold5/checkpoints/train.35.pth",
    0.03137301786150721,
    {
      "mAP": 0.9076496960162387,
      "loss": 0.03137301786150721
    }
  ],
  "epoch_35": [
    "output/39_peak_aug/20200606-10:40:56/fold5/checkpoints/train.36.pth",
    0.03974961876373164,
    {
      "mAP": 0.8833500115535384,
      "loss": 0.03974961876373164
    }
  ],
  "epoch_36": [
    "output/39_peak_aug/20200606-10:40:56/fold5/checkpoints/train.37.pth",
    0.02993295095840916,
    {
      "mAP": 0.9048082859637745,
      "loss": 0.02993295095840916
    }
  ],
  "epoch_37": [
    "output/39_peak_aug/20200606-10:40:56/fold5/checkpoints/train.38.pth",
    0.030405414687180245,
    {
      "mAP": 0.901382225215258,
      "loss": 0.030405414687180245
    }
  ],
  "epoch_38": [
    "output/39_peak_aug/20200606-10:40:56/fold5/checkpoints/train.39.pth",
    0.04141500915658097,
    {
      "mAP": 0.8845589548241416,