{
  "best": {
    "mAP": 0.8398150537587672,
    "loss": 0.039870113054270385
  },
  "last": {
    "mAP": 0.7934415353538196,
    "loss": 0.04740744801138037
  },
  "train.37": {
    "mAP": 0.8398150537587672,
    "loss": 0.039870113054270385
  },
  "epoch_0": [
    "output/35_conv1d_param_tune/fold1/checkpoints/train.1.pth",
    0.6070715195389205,
    {
      "mAP": 0.12159736431025336,
      "loss": 0.6070715195389205
    }
  ],
  "epoch_1": [
    "output/35_conv1d_param_tune/fold1/checkpoints/train.2.pth",
    0.3991614759609263,
    {
      "mAP": 0.15359409004180813,
      "loss": 0.3991614759609263
    }
  ],
  "epoch_2": [
    "output/35_conv1d_param_tune/fold1/checkpoints/train.3.pth",
    0.19083798107921437,
    {
      "mAP": 0.17044523322172242,
      "loss": 0.19083798107921437
    }
  ],
  "epoch_3": [
    "output/35_conv1d_param_tune/fold1/checkpoints/train.4.pth",
    0.11456112219120866,
    {
      "mAP": 0.3254724055562779,
      "loss": 0.11456112219120866
    }
  ],
  "epoch_4": [
    "output/35_conv1d_param_tune/fold1/checkpoints/train.5.pth",
    0.07431319003464074,
    {
      "mAP": 0.6805072362449547,
      "loss": 0.07431319003464074
    }
  ],
  "epoch_5": [
    "output/35_conv1d_param_tune/fold1/checkpoints/train.6.pth",
    0.057811094548112604,
    {
      "mAP": 0.7446848785757434,
      "loss": 0.057811094548112604
    }
  ],
  "epoch_6": [
    "output/35_conv1d_param_tune/fold1/checkpoints/train.7.pth",
    0.044260686043129174,
    {
      "mAP": 0.7919424849232988,
      "loss": 0.044260686043129174
    }
  ],
  "epoch_7": [
    "output/35_conv1d_param_tune/fold1/checkpoints/train.8.pth",
    0.057355768978595734,
    {
      "mAP": 0.7816270108613856,
      "loss": 0.057355768978595734
    }
  ],
  "epoch_8": [
    "output/35_conv1d_param_tune/fold1/checkpoints/train.9.pth",
    0.04632539049752297,
    {
      "mAP": 0.8072337836024304,
      "loss": 0.04632539049752297
    }
  ],
  "epoch_9": [
    "output/35_conv1d_param_tune/fold1/checkpoints/train.10.pth",
    0.05675202351744457,
    {
      "mAP": 0.7439304888601511,
      "loss": 0.05675202351744457
    }
  ],
  "epoch_10": [
    "output/35_conv1d_param_tune/fold1/checkpoints/train.11.pth",
    0.04874752125432415,
    {
      "mAP": 0.7820858984193533,
      "loss": 0.04874752125432415
    }
  ],
  "epoch_11": [
    "output/35_conv1d_param_tune/fold1/checkpoints/train.12.pth",
    0.05348095554177479,
    {
      "mAP": 0.7747389069419978,
      "loss": 0.05348095554177479
    }
  ],
  "epoch_12": [
    "output/35_conv1d_param_tune/fold1/checkpoints/train.13.pth",
    0.04578749575121428,
    {
      "mAP": 0.7579381848373948,
      "loss": 0.04578749575121428
    }
  ],
  "epoch_13": [
    "output/35_conv1d_param_tune/fold1/checkpoints/train.14.pth",
    0.049921654485246186,
    {
      "mAP": 0.7925921711438494,
      "loss": 0.049921654485246186
    }
  ],
  "epoch_14": [
    "output/35_conv1d_param_tune/fold1/checkpoints/train.15.pth",
    0.0579295669912651,
    {
      "mAP": 0.7639839557981564,
      "loss": 0.0579295669912651
    }
  ],
  "epoch_15": [
    "output/35_conv1d_param_tune/fold1/checkpoints/train.16.pth",
    0.06365129327581774,
    {
      "mAP": 0.7498921657766702,
      "loss": 0.06365129327581774
    }
  ],
  "epoch_16": [
    "output/35_conv1d_param_tune/fold1/checkpoints/train.17.pth",
    0.0620199136275758,
    {
      "mAP": 0.7293083546341179,
      "loss": 0.0620199136275758
    }
  ],
  "epoch_17": [
    "output/35_conv1d_param_tune/fold1/checkpoints/train.18.pth",
    0.05617486060627045,
    {
      "mAP": 0.783788778897426,
      "loss": 0.05617486060627045
    }
  ],
  "epoch_18": [
    "output/35_conv1d_param_tune/fold1/checkpoints/train.19.pth",
    0.04561325150632089,
    {
      "mAP": 0.8021121610622192,
      "loss": 0.04561325150632089
    }
  ],
  "epoch_19": [
    "output/35_conv1d_param_tune/fold1/checkpoints/train.20.pth",
    0.05966187801252129,
    {
      "mAP": 0.7704759438753779,
      "loss": 0.05966187801252129
    }
  ],
  "epoch_20": [
    "output/35_conv1d_param_tune/fold1/checkpoints/train.21.pth",
    0.055185355526465245,
    {
      "mAP": 0.7760665720830595,
      "loss": 0.055185355526465245
    }
  ],
  "epoch_21": [
    "output/35_conv1d_param_tune/fold1/checkpoints/train.22.pth",
    0.04840149782517905,
    {
      "mAP": 0.7931724930435132,
      "loss": 0.04840149782517905
    }
  ],
  "epoch_22": [
    "output/35_conv1d_param_tune/fold1/checkpoints/train.23.pth",
    0.04157775055657151,
    {
      "mAP": 0.8305494199612871,
      "loss": 0.04157775055657151
    }
  ],
  "epoch_23": [
    "output/35_conv1d_param_tune/fold1/checkpoints/train.24.pth",
    0.05179548539942311,
    {
      "mAP": 0.7692039918847942,
      "loss": 0.05179548539942311
    }
  ],
  "epoch_24": [
    "output/35_conv1d_param_tune/fold1/checkpoints/train.25.pth",
    0.042684990952732746,
    {
      "mAP": 0.7858781435340407,
      "loss": 0.042684990952732746
    }
  ],
  "epoch_25": [
    "output/35_conv1d_param_tune/fold1/checkpoints/train.26.pth",
    0.06537262638730387,
    {
      "mAP": 0.7674062742991287,
      "loss": 0.06537262638730387
    }
  ],
  "epoch_26": [
    "output/35_conv1d_param_tune/fold1/checkpoints/train.27.pth",
    0.04723875537034004,
    {
      "mAP": 0.8000906739546517,
      "loss": 0.04723875537034004
    }
  ],
  "epoch_27": [
    "output/35_conv1d_param_tune/fold1/checkpoints/train.28.pth",
    0.04558776615447895,
    {
      "mAP": 0.8293837891815267,
      "loss": 0.04558776615447895
    }
  ],
  "epoch_28": [
    "output/35_conv1d_param_tune/fold1/checkpoints/train.29.pth",
    0.05253900511450665,
    {
      "mAP": 0.7969404492152807,
      "loss": 0.05253900511450665
    }
  ],
  "epoch_29": [
    "output/35_conv1d_param_tune/fold1/checkpoints/train.30.pth",
    0.050218097344842005,
    {
      "mAP": 0.7823174054217747,
      "loss": 0.050218097344842005
    }
  ],
  "epoch_30": [
    "output/35_conv1d_param_tune/fold1/checkpoints/train.31.pth",
    0.04324785027132239,
    {
      "mAP": 0.8257665952936639,
      "loss": 0.04324785027132239
    }
  ],
  "epoch_31": [
    "output/35_conv1d_param_tune/fold1/checkpoints/train.32.pth",
    0.044467160938888466,
    {
      "mAP": 0.8219457795938787,
      "loss": 0.044467160938888466
    }
  ],
  "epoch_32": [
    "output/35_conv1d_param_tune/fold1/checkpoints/train.33.pth",
    0.05546201785565705,
    {
      "mAP": 0.7858266874151139,
      "loss": 0.05546201785565705
    }
  ],
  "epoch_33": [
    "output/35_conv1d_param_tune/fold1/checkpoints/train.34.pth",
    0.04844475421373562,
    {
      "mAP": 0.7954213404796893,
      "loss": 0.04844475421373562
    }
  ],
  "epoch_34": [
    "output/35_conv1d_param_tune/fold1/checkpoints/train.35.pth",
    0.0535216973593799,
    {
      "mAP": 0.7905757971031061,
      "loss": 0.0535216973593799
    }
  ],
  "epoch_35": [
    "output/35_conv1d_param_tune/fold1/checkpoints/train.36.pth",
    0.051557364402919685,
    {
      "mAP": 0.8049851913490513,
      "loss": 0.051557364402919685
    }
  ],
  "epoch_36": [
    "output/35_conv1d_param_tune/fold1/checkpoints/train.37.pth",
    0.039870113054270385,
    {
      "mAP": 0.8398150537587672,
      "loss": 0.039870113054270385
    }
  ],
  "epoch_37": [
    "output/35_conv1d_param_tune/fold1/checkpoints/train.38.pth",
    0.05858744116079423,
    {
      "mAP": 0.7745129921348243,
      "loss": 0.05858744116079423
    }
  ],
  "epoch_38": [
    "output/35_conv1d_param_tune/fold1/checkpoints/train.39.pth",
    0.05012862155995061,
    {
      "mAP": 0.8062584305145508,
      "loss": 0.05012862155995061
    }
  ],
  "epoch_39": [
    "output/35_conv1d_param_tune/fold1/checkpoints/train.40.pth",
    0.08815974918424442,
    {
      "mAP": 0.7436822246973809,
      "loss": 0.08815974918424442
    }
  ],