{
    "metrics": {
        "lgbm_av": {
            "Fold1 auc": 0.8702863661178801,
            "Fold2 auc": 0.8595178213779224,
            "Fold3 auc": 0.8651961389090883,
            "Fold4 auc": 0.8477133407091852,
            "Fold5 auc": 0.8651068768739724,
            "oof auc": 0.8611851822162081
        },
        "lgbm_vsb_1st": {
            "Fold1 pr-auc": 0.8607117604256088,
            "Fold2 pr-auc": 0.8488694736011828,
            "Fold3 pr-auc": 0.8804646834969335,
            "Fold4 pr-auc": 0.7977370709278641,
            "Fold5 pr-auc": 0.8658338748727782,
            "oof pr-auc": 0.838728323649051
        }
    },
    "importances": {
        "lgbm_av": {
            "params0": 70371.6228466795,
            "params2": 42710.00608483475,
            "rms": 38175.61228036936,
            "params5": 28549.795010909373,
            "spectrum_min": 25115.92205801801,
            "highest_peak_fwhm_inverse": 21244.92016079812,
            "params6": 19226.137534248763,
            "spectrum_skew": 17098.148922395798,
            "spectrum_kurt": 16370.777223186069,
            "spectrum_std": 16305.397958571266,
            "spectrum_max": 15278.780315011954,
            "params4": 14065.701866795534,
            "params1": 10952.66119939273,
            "beta": 10352.938430636632,
            "params3": 9718.362868996788,
            "max_fwhm_inverse": 9708.186134553365,
            "mean_fwhm_inverse": 7889.513341669075,
            "exc_wl": 7654.609372108372,
            "spectrum_integral": 7423.011308995846,
            "num_peaks": 1870.431539924428
        },
        "lgbm_vsb_1st": {
            "highest_peak_fwhm_inverse": 12719.039366397074,
            "spectrum_max": 5228.118542380256,
            "params3": 4942.578405207271,
            "params2": 4378.333167597706,
            "params1": 3605.032174205306,
            "params6": 3394.139155203239,
            "beta": 2998.9906784380964,
            "params4": 2301.30553968788,
            "params5": 2227.613614541894,
            "spectrum_kurt": 2201.427312611251,
            "spectrum_skew": 2184.259631860559,
            "mean_fwhm_inverse": 1974.2865975669174,
            "params0": 1833.974221938871,
            "max_fwhm_inverse": 1712.9144479239687,
            "spectrum_min": 1550.9780870703246,
            "spectrum_std": 1490.7613586743264,
            "rms": 1411.8240843365338,
            "exc_wl": 851.2994571230367,
            "num_peaks": 38.86561290167255,
            "spectrum_integral": 3.108920023725375
        }
    }
}