{
    "metrics": {
        "lgbm_av": {
            "Fold1 auc": 0.8452362819067734,
            "Fold2 auc": 0.8453022736662053,
            "Fold3 auc": 0.8532636436517509,
            "Fold4 auc": 0.8281557175919875,
            "Fold5 auc": 0.8498737788954444,
            "oof auc": 0.8440662003527144
        },
        "lgbm_tuned": {
            "Fold1 pr-auc": 0.8444858238558335,
            "Fold2 pr-auc": 0.8766564583685633,
            "Fold3 pr-auc": 0.8693473613759821,
            "Fold4 pr-auc": 0.9014489383657052,
            "Fold5 pr-auc": 0.892515392683632,
            "oof pr-auc": 0.8693819650816734
        }
    },
    "importances": {
        "lgbm_av": {
            "params0": 56333.35179354313,
            "rms": 34861.73332811923,
            "params2": 30434.877106439875,
            "params5": 22699.573390431244,
            "spectrum_skew": 14002.872114670463,
            "params6": 12036.098799569105,
            "max_steapness_span_1": 10703.869602659122,
            "spectrum_kurt": 10469.126256551926,
            "highest_peak_inverse_fw_0.5": 9145.933686337585,
            "spectrum_std": 8439.195538705686,
            "max_threshed": 8343.045283128084,
            "params4": 8054.713425868125,
            "highest_peak_inverse_fw_0.66": 7853.459453271726,
            "highest_peak_inverse_fw_0.33": 7804.671176532467,
            "max_steapness_span_4": 7105.767713396974,
            "max_inverse_fw_0.33": 7009.697199554505,
            "max_steapness_span_3": 6927.665610535757,
            "max_inverse_fw_0.5": 6293.524308591645,
            "peak_distance": 6270.753114608246,
            "max_steapness_span_2": 6126.827188390609,
            "highest_peak_inverse_hw_0.8": 6111.600959224253,
            "max_inverse_fw_0.66": 6033.870810495614,
            "highest_peak_inverse_fw_0.8": 6023.047915742653,
            "highest_peak_steapness_span_1": 5952.838213713476,
            "max_inverse_hw_0.33": 5773.198548267691,
            "max_inverse_fw_0.8": 5663.918291058932,
            "highest_peak_inverse_hw_0.33": 5612.6882370655685,
            "highest_peak_inverse_fw_0.75": 5467.344014333028,
            "params3": 5355.721672158269,
            "max_inverse_hw_0.5": 5273.951183517541,
            "peak_area_ratio": 5210.061322818275,
            "highest_peak_steapness_span_2": 5205.475838707742,
            "beta": 5173.947112261945,
            "highest_peak_inverse_hw_0.66": 5155.125880034593,
            "highest_peak_inverse_hw_0.5": 5138.38182899348,
            "max_inverse_fw_0.75": 5068.240475304367,
            "max_inverse_hw_0.66": 4880.223649429025,
            "max_inverse_hw_0.8": 4750.203374269442,
            "max_inverse_hw_0.75": 4732.846637026246,
            "params1": 4622.747036673033,
            "highest_peak_inverse_hw_0.75": 4469.606695288329,
            "highest_peak_steapness_span_3": 4117.781336723779,
            "highest_peak_steapness_span_4": 4094.195681715253,
            "max_steapness_span_5": 3939.226984257525,
            "highest_peak_steapness_span_5": 3914.092246570287,
            "cavity_ratio": 3290.787149351917
        },
        "lgbm_tuned": {
            "max_steapness_span_1": 11935.2960154744,
            "highest_peak_steapness_span_1": 2846.2682619497386,
            "max_steapness_span_2": 2703.7733368853806,
            "params2": 1817.2175833026877,
            "params0": 1815.8141045423154,
            "max_inverse_fw_0.8": 1689.9906398532912,
            "highest_peak_inverse_fw_0.66": 1501.8469793962547,
            "params4": 1449.2125586105276,
            "max_steapness_span_3": 1433.962122560432,
            "max_inverse_fw_0.75": 1400.4234647405333,
            "params5": 1308.1248188454656,
            "max_inverse_hw_0.66": 1170.9519774166924,
            "max_inverse_hw_0.5": 1158.3010337093378,
            "max_inverse_fw_0.33": 1083.6117942233686,
            "highest_peak_inverse_fw_0.8": 976.0862406032625,
            "params3": 924.7564507968491,
            "highest_peak_inverse_fw_0.75": 871.6210753769185,
            "highest_peak_inverse_hw_0.5": 834.4306037390604,
            "highest_peak_steapness_span_2": 822.4392222774914,
            "params6": 805.3237423983403,
            "peak_area_ratio": 773.6349934617989,
            "max_inverse_fw_0.66": 734.6231824088668,
            "max_inverse_hw_0.33": 711.6192101837136,
            "rms": 702.4383534005144,
            "highest_peak_inverse_hw_0.33": 657.9023078732658,
            "spectrum_skew": 595.4000590104611,
            "max_inverse_hw_0.75": 573.3044268313795,
            "highest_peak_steapness_span_4": 545.5499592590146,
            "highest_peak_steapness_span_3": 536.3501883986871,
            "max_threshed": 509.54977242310997,
            "spectrum_kurt": 411.3138326340064,
            "spectrum_std": 392.0205217366805,
            "highest_peak_inverse_fw_0.33": 357.70092573722354,
            "highest_peak_inverse_hw_0.66": 332.6073083244264,
            "max_steapness_span_4": 332.44085368465164,
            "highest_peak_steapness_span_5": 324.08939774209864,
            "max_inverse_hw_0.8": 320.1638807715904,
            "max_inverse_fw_0.5": 276.10829994669183,
            "highest_peak_inverse_fw_0.5": 274.367215322121,
            "peak_distance": 252.53567787545617,
            "params1": 249.75875737667081,
            "beta": 242.4272968894802,
            "highest_peak_inverse_hw_0.75": 213.90332665792667,
            "max_steapness_span_5": 213.76542685290622,
            "highest_peak_inverse_hw_0.8": 166.829671388492,
            "cavity_ratio": 129.16534728605183
        }
    }
}