{
    "metrics": {
        "conv1d_main": {
            "Fold1 pr-auc": 0.8626856807929877,
            "Fold2 pr-auc": 0.8209670672470382,
            "Fold3 pr-auc": 0.8293707028338059,
            "Fold4 pr-auc": 0.8596601320035562,
            "Fold5 pr-auc": 0.8389826656215155,
            "oof pr-auc": 0.8416861907685762
        }
    },
    "importances": {}
}