{
  "best": {
    "mAP": 0.9011218856642079,
    "loss": 0.030061583242002716
  },
  "last": {
    "mAP": 0.8383404167576817,
    "loss": 0.05720507516384766
  },
  "train.30": {
    "mAP": 0.9011218856642079,
    "loss": 0.030061583242002716
  },
  "epoch_0": [
    "output/38_no_crop/20200606-09:20:06/fold4/checkpoints/train.1.pth",
    0.6090343454257706,
    {
      "mAP": 0.16915573416714635,
      "loss": 0.6090343454257706
    }
  ],
  "epoch_1": [
    "output/38_no_crop/20200606-09:20:06/fold4/checkpoints/train.2.pth",
    0.4535520800465133,
    {
      "mAP": 0.3167993201673004,
      "loss": 0.4535520800465133
    }
  ],
  "epoch_2": [
    "output/38_no_crop/20200606-09:20:06/fold4/checkpoints/train.3.pth",
    0.327745489089699,
    {
      "mAP": 0.695796832322414,
      "loss": 0.327745489089699
    }
  ],
  "epoch_3": [
    "output/38_no_crop/20200606-09:20:06/fold4/checkpoints/train.4.pth",
    0.15551308552009913,
    {
      "mAP": 0.6989779940597086,
      "loss": 0.15551308552009913
    }
  ],
  "epoch_4": [
    "output/38_no_crop/20200606-09:20:06/fold4/checkpoints/train.5.pth",
    0.0783796039508266,
    {
      "mAP": 0.8035218817397969,
      "loss": 0.0783796039508266
    }
  ],
  "epoch_5": [
    "output/38_no_crop/20200606-09:20:06/fold4/checkpoints/train.6.pth",
    0.04323715523947544,
    {
      "mAP": 0.8350855121714023,
      "loss": 0.04323715523947544
    }
  ],
  "epoch_6": [
    "output/38_no_crop/20200606-09:20:06/fold4/checkpoints/train.7.pth",
    0.04317217035358114,
    {
      "mAP": 0.8630411350414223,
      "loss": 0.04317217035358114
    }
  ],
  "epoch_7": [
    "output/38_no_crop/20200606-09:20:06/fold4/checkpoints/train.8.pth",
    0.03983154659683703,
    {
      "mAP": 0.8589697755588319,
      "loss": 0.03983154659683703
    }
  ],
  "epoch_8": [
    "output/38_no_crop/20200606-09:20:06/fold4/checkpoints/train.9.pth",
    0.03921226396525395,
    {
      "mAP": 0.8537348154038833,
      "loss": 0.03921226396525395
    }
  ],
  "epoch_9": [
    "output/38_no_crop/20200606-09:20:06/fold4/checkpoints/train.10.pth",
    0.038689274977198686,
    {
      "mAP": 0.8596225583408326,
      "loss": 0.038689274977198686
    }
  ],
  "epoch_10": [
    "output/38_no_crop/20200606-09:20:06/fold4/checkpoints/train.11.pth",
    0.03832853411367538,
    {
      "mAP": 0.8584477274777356,
      "loss": 0.03832853411367538
    }
  ],
  "epoch_11": [
    "output/38_no_crop/20200606-09:20:06/fold4/checkpoints/train.12.pth",
    0.03720967308508524,
    {
      "mAP": 0.8656362767455743,
      "loss": 0.03720967308508524
    }
  ],
  "epoch_12": [
    "output/38_no_crop/20200606-09:20:06/fold4/checkpoints/train.13.pth",
    0.03650518333653355,
    {
      "mAP": 0.8666868121892521,
      "loss": 0.03650518333653355
    }
  ],
  "epoch_13": [
    "output/38_no_crop/20200606-09:20:06/fold4/checkpoints/train.14.pth",
    0.03769699539976707,
    {
      "mAP": 0.8630010265197303,
      "loss": 0.03769699539976707
    }
  ],
  "epoch_14": [
    "output/38_no_crop/20200606-09:20:06/fold4/checkpoints/train.15.pth",
    0.03470605078310516,
    {
      "mAP": 0.8785113727789019,
      "loss": 0.03470605078310516
    }
  ],
  "epoch_15": [
    "output/38_no_crop/20200606-09:20:06/fold4/checkpoints/train.16.pth",
    0.04551182370119313,
    {
      "mAP": 0.8528569110616915,
      "loss": 0.04551182370119313
    }
  ],
  "epoch_16": [
    "output/38_no_crop/20200606-09:20:06/fold4/checkpoints/train.17.pth",
    0.037521498669853284,
    {
      "mAP": 0.8823560119285389,
      "loss": 0.037521498669853284
    }
  ],
  "epoch_17": [
    "output/38_no_crop/20200606-09:20:06/fold4/checkpoints/train.18.pth",
    0.03678839018902846,
    {
      "mAP": 0.8583394249955909,
      "loss": 0.03678839018902846
    }
  ],
  "epoch_18": [
    "output/38_no_crop/20200606-09:20:06/fold4/checkpoints/train.19.pth",
    0.042453139178610204,
    {
      "mAP": 0.8680799547775819,
      "loss": 0.042453139178610204
    }
  ],
  "epoch_19": [
    "output/38_no_crop/20200606-09:20:06/fold4/checkpoints/train.20.pth",
    0.049324709223113605,
    {
      "mAP": 0.8531403896054155,
      "loss": 0.049324709223113605
    }
  ],
  "epoch_20": [
    "output/38_no_crop/20200606-09:20:06/fold4/checkpoints/train.21.pth",
    0.048890604619400244,
    {
      "mAP": 0.8649880561301071,
      "loss": 0.048890604619400244
    }
  ],
  "epoch_21": [
    "output/38_no_crop/20200606-09:20:06/fold4/checkpoints/train.22.pth",
    0.0332435128136858,
    {
      "mAP": 0.8882690273982914,
      "loss": 0.0332435128136858
    }
  ],
  "epoch_22": [
    "output/38_no_crop/20200606-09:20:06/fold4/checkpoints/train.23.pth",
    0.037479036363003315,
    {
      "mAP": 0.8566618791290894,
      "loss": 0.037479036363003315
    }
  ],
  "epoch_23": [
    "output/38_no_crop/20200606-09:20:06/fold4/checkpoints/train.24.pth",
    0.03254977565336404,
    {
      "mAP": 0.8756453970808866,
      "loss": 0.03254977565336404
    }
  ],
  "epoch_24": [
    "output/38_no_crop/20200606-09:20:06/fold4/checkpoints/train.25.pth",
    0.033356812169428394,
    {
      "mAP": 0.8890172203788096,
      "loss": 0.033356812169428394
    }
  ],
  "epoch_25": [
    "output/38_no_crop/20200606-09:20:06/fold4/checkpoints/train.26.pth",
    0.033391471836958946,
    {
      "mAP": 0.8960482288854835,
      "loss": 0.033391471836958946
    }
  ],
  "epoch_26": [
    "output/38_no_crop/20200606-09:20:06/fold4/checkpoints/train.27.pth",
    0.031702587229438334,
    {
      "mAP": 0.9023392939197417,
      "loss": 0.031702587229438334
    }
  ],
  "epoch_27": [
    "output/38_no_crop/20200606-09:20:06/fold4/checkpoints/train.28.pth",
    0.03614830336437661,
    {
      "mAP": 0.8750854885017489,
      "loss": 0.03614830336437661
    }
  ],
  "epoch_28": [
    "output/38_no_crop/20200606-09:20:06/fold4/checkpoints/train.29.pth",
    0.03550239372810583,
    {
      "mAP": 0.8716106004158954,
      "loss": 0.03550239372810583
    }
  ],
  "epoch_29": [
    "output/38_no_crop/20200606-09:20:06/fold4/checkpoints/train.30.pth",
    0.030061583242002716,
    {
      "mAP": 0.9011218856642079,
      "loss": 0.030061583242002716
    }
  ],
  "epoch_30": [
    "output/38_no_crop/20200606-09:20:06/fold4/checkpoints/train.31.pth",
    0.03261138792397115,
    {
      "mAP": 0.887899267934233,
      "loss": 0.03261138792397115
    }
  ],
  "epoch_31": [
    "output/38_no_crop/20200606-09:20:06/fold4/checkpoints/train.32.pth",
    0.03345722935607791,
    {
      "mAP": 0.8842642748962347,
      "loss": 0.03345722935607791
    }
  ],
  "epoch_32": [
    "output/38_no_crop/20200606-09:20:06/fold4/checkpoints/train.33.pth",
    0.030919797385328154,
    {
      "mAP": 0.8900379838972168,
      "loss": 0.030919797385328154
    }
  ],
  "epoch_33": [
    "output/38_no_crop/20200606-09:20:06/fold4/checkpoints/train.34.pth",
    0.035425336744633794,
    {
      "mAP": 0.8750528243423439,
      "loss": 0.035425336744633794
    }
  ],
  "epoch_34": [
    "output/38_no_crop/20200606-09:20:06/fold4/checkpoints/train.35.pth",
    0.03403577240084993,
    {
      "mAP": 0.889222836191003,
      "loss": 0.03403577240084993
    }
  ],
  "epoch_35": [
    "output/38_no_crop/20200606-09:20:06/fold4/checkpoints/train.36.pth",
    0.038489640959073174,
    {
      "mAP": 0.8608493822796421,
      "loss": 0.038489640959073174
    }
  ],
  "epoch_36": [
    "output/38_no_crop/20200606-09:20:06/fold4/checkpoints/train.37.pth",
    0.04703396058715905,
    {
      "mAP": 0.8688411870032302,
      "loss": 0.04703396058715905
    }
  ],
  "epoch_37": [
    "output/38_no_crop/20200606-09:20:06/fold4/checkpoints/train.38.pth",
    0.04385997304378457,
    {
      "mAP": 0.8786318817476287,
      "loss": 0.04385997304378457
    }
  ],
  "epoch_38": [
    "output/38_no_crop/20200606-09:20:06/fold4/checkpoints/train.39.pth",
    0.047163038954850245,
    {
      "mAP": 0.8653523639114508,