{
    "metrics": {
        "lgbm_av": {
            "Fold1 auc": 0.8461410133475692,
            "Fold2 auc": 0.8448021685716564,
            "Fold3 auc": 0.8526603179579626,
            "Fold4 auc": 0.829824963870909,
            "Fold5 auc": 0.8519116935873876,
            "oof auc": 0.8448852145906673
        },
        "lgbm_tuned": {
            "Fold1 pr-auc": 0.899940533051641,
            "Fold2 pr-auc": 0.8844376496124019,
            "Fold3 pr-auc": 0.9017374169296775,
            "Fold4 pr-auc": 0.8381298865159571,
            "Fold5 pr-auc": 0.8461239951502814,
            "oof pr-auc": 0.8136667570468483
        }
    },
    "importances": {
        "lgbm_av": {
            "params0": 62045.29040339354,
            "params2": 35091.18588812413,
            "rms": 34311.526004990126,
            "params5": 23460.635730469505,
            "params6": 13857.37726748699,
            "spectrum_skew": 13467.594295901168,
            "spectrum_kurt": 12946.685607375635,
            "max_steapness_span_1": 11341.111451491648,
            "highest_peak_inverse_fw_0.5": 10497.513013622125,
            "params4": 10045.16278510844,
            "spectrum_std": 9133.82843863469,
            "highest_peak_inverse_fw_0.66": 8724.871066084228,
            "max_threshed": 8717.080872604127,
            "highest_peak_inverse_fw_0.33": 7990.142790325565,
            "max_steapness_span_2": 7671.546562599357,
            "max_steapness_span_4": 7640.634584757272,
            "max_inverse_fw_0.33": 7511.390587020712,
            "max_steapness_span_3": 7202.749418085557,
            "max_inverse_fw_0.66": 7165.640416848037,
            "beta": 7125.714838991448,
            "highest_peak_steapness_span_1": 7089.9442779763995,
            "max_inverse_fw_0.5": 6990.074903520487,
            "highest_peak_inverse_fw_0.8": 6962.717251551373,
            "max_inverse_hw_0.33": 6935.742113021331,
            "highest_peak_inverse_hw_0.33": 6872.489380915675,
            "params1": 6802.439586955068,
            "highest_peak_inverse_hw_0.8": 6574.5286316746815,
            "max_inverse_fw_0.8": 6532.064701607686,
            "params3": 6455.776297701982,
            "highest_peak_inverse_fw_0.75": 6164.962366615384,
            "max_inverse_hw_0.5": 6018.151054678962,
            "highest_peak_inverse_hw_0.5": 6007.017979915579,
            "highest_peak_steapness_span_2": 5987.500507149851,
            "max_inverse_fw_0.75": 5798.638792892147,
            "highest_peak_inverse_hw_0.66": 5783.038777436534,
            "max_inverse_hw_0.8": 5679.997286059997,
            "max_inverse_hw_0.66": 5563.506001613889,
            "max_inverse_hw_0.75": 5534.117192880298,
            "highest_peak_inverse_hw_0.75": 5296.402397670037,
            "highest_peak_steapness_span_4": 4924.195925914578,
            "max_steapness_span_5": 4922.30249709044,
            "highest_peak_steapness_span_3": 4859.6314476615025,
            "highest_peak_steapness_span_5": 4606.745015532802
        },
        "lgbm_tuned": {
            "max_steapness_span_1": 12610.289348205828,
            "highest_peak_steapness_span_1": 2281.526664720502,
            "max_steapness_span_2": 2257.089619849062,
            "params2": 1788.7018051188725,
            "max_inverse_fw_0.8": 1766.5421337085356,
            "params0": 1684.7764548943976,
            "highest_peak_inverse_fw_0.66": 1493.5799713155245,
            "params4": 1459.8490128682663,
            "max_inverse_fw_0.75": 1326.4745250142646,
            "max_steapness_span_3": 1218.9783459480573,
            "params5": 1171.5912589175405,
            "max_inverse_hw_0.5": 1121.9358143692298,
            "max_inverse_hw_0.66": 1112.980801437345,
            "max_inverse_fw_0.33": 1056.2869774507085,
            "highest_peak_inverse_fw_0.8": 895.5608709205843,
            "params3": 889.7974107866835,
            "highest_peak_inverse_fw_0.75": 888.4724302033653,
            "params6": 773.9457362264519,
            "highest_peak_inverse_hw_0.33": 763.9769431813845,
            "max_inverse_hw_0.33": 757.293580024062,
            "highest_peak_steapness_span_2": 715.5554874454115,
            "max_inverse_fw_0.66": 704.4069090352071,
            "highest_peak_inverse_hw_0.5": 702.6420812805021,
            "rms": 682.3882474095361,
            "max_inverse_hw_0.75": 663.7297377491941,
            "spectrum_skew": 620.1699445104954,
            "max_threshed": 532.9410667735666,
            "highest_peak_steapness_span_4": 508.9490579452001,
            "highest_peak_steapness_span_3": 501.0251469392134,
            "params1": 411.7474013971472,
            "spectrum_kurt": 403.305555141777,
            "spectrum_std": 393.4916398644844,
            "highest_peak_inverse_fw_0.33": 375.03105199941814,
            "max_steapness_span_4": 358.07999757067466,
            "max_inverse_fw_0.5": 350.5381157104394,
            "beta": 308.08434805323213,
            "highest_peak_inverse_hw_0.66": 306.4378242244329,
            "highest_peak_inverse_fw_0.5": 304.1117829028946,
            "max_inverse_hw_0.8": 297.4449745839265,
            "highest_peak_steapness_span_5": 268.1278401346809,
            "max_steapness_span_5": 238.06066807347705,
            "highest_peak_inverse_hw_0.8": 212.9250220305112,
            "highest_peak_inverse_hw_0.75": 183.45485521601188
        }
    }
}