{
  "best": {
    "mAP": 0.7973673570141775,
    "loss": 0.039489103481173515,
    "_timer/data_time": 1.4905164241790771,
    "_timer/model_time": 0.007634401321411133,
    "_timer/batch_time": 1.498166561126709,
    "_timer/_fps": 71258.8322917485
  },
  "last": {
    "mAP": 0.7869109206023512,
    "loss": 0.04952477663755417,
    "_timer/data_time": 1.4716764688491821,
    "_timer/model_time": 0.007686734199523926,
    "_timer/batch_time": 1.4793753623962402,
    "_timer/_fps": 61994.74969849014
  },
  "train.25": {
    "mAP": 0.7973673570141775,
    "loss": 0.039489103481173515,
    "_timer/data_time": 1.4905164241790771,
    "_timer/model_time": 0.007634401321411133,
    "_timer/batch_time": 1.498166561126709,
    "_timer/_fps": 71258.8322917485
  },
  "epoch_0": [
    "output/36_tta/fold1/checkpoints/train.1.pth",
    0.4817928075790405,
    {
      "mAP": 0.13340790003538966,
      "loss": 0.4817928075790405,
      "_timer/data_time": 1.6123154163360596,
      "_timer/model_time": 0.009821295738220215,
      "_timer/batch_time": 1.6221506595611572,
      "_timer/_fps": 68708.747473145
    }
  ],
  "epoch_1": [
    "output/36_tta/fold1/checkpoints/train.2.pth",
    0.25088097155094147,
    {
      "mAP": 0.18379283238507854,
      "loss": 0.25088097155094147,
      "_timer/data_time": 1.4198716878890991,
      "_timer/model_time": 0.007243990898132324,
      "_timer/batch_time": 1.427128553390503,
      "_timer/_fps": 76261.5612227637
    }
  ],
  "epoch_2": [
    "output/36_tta/fold1/checkpoints/train.3.pth",
    0.1848800927400589,
    {
      "mAP": 0.26293327126340194,
      "loss": 0.1848800927400589,
      "_timer/data_time": 1.473840355873108,
      "_timer/model_time": 0.007561683654785156,
      "_timer/batch_time": 1.4814149141311646,
      "_timer/_fps": 63908.17542665493
    }
  ],
  "epoch_3": [
    "output/36_tta/fold1/checkpoints/train.4.pth",
    0.12191897258162498,
    {
      "mAP": 0.5081559893686797,
      "loss": 0.12191897258162498,
      "_timer/data_time": 1.4682997465133667,
      "_timer/model_time": 0.009782075881958008,
      "_timer/batch_time": 1.4780969619750977,
      "_timer/_fps": 43609.168430357604
    }
  ],
  "epoch_4": [
    "output/36_tta/fold1/checkpoints/train.5.pth",
    0.06972819194197655,
    {
      "mAP": 0.6787067727252982,
      "loss": 0.06972819194197655,
      "_timer/data_time": 1.4686874151229858,
      "_timer/model_time": 0.007790565490722656,
      "_timer/batch_time": 1.4764928817749023,
      "_timer/_fps": 68774.75748302434
    }
  ],
  "epoch_5": [
    "output/36_tta/fold1/checkpoints/train.6.pth",
    0.05409323237836361,
    {
      "mAP": 0.7279862647752096,
      "loss": 0.05409323237836361,
      "_timer/data_time": 1.4267572164535522,
      "_timer/model_time": 0.007634878158569336,
      "_timer/batch_time": 1.434407114982605,
      "_timer/_fps": 65083.11417216335
    }
  ],
  "epoch_6": [
    "output/36_tta/fold1/checkpoints/train.7.pth",
    0.049285080283880234,
    {
      "mAP": 0.7558465502865834,
      "loss": 0.049285080283880234,
      "_timer/data_time": 1.4549423456192017,
      "_timer/model_time": 0.00787496566772461,
      "_timer/batch_time": 1.4628348350524902,
      "_timer/_fps": 68693.21124053268
    }
  ],
  "epoch_7": [
    "output/36_tta/fold1/checkpoints/train.8.pth",
    0.057237351313233376,
    {
      "mAP": 0.7516933850125134,
      "loss": 0.057237351313233376,
      "_timer/data_time": 1.4485772848129272,
      "_timer/model_time": 0.007312655448913574,
      "_timer/batch_time": 1.4559026956558228,
      "_timer/_fps": 68606.71552542818
    }
  ],
  "epoch_8": [
    "output/36_tta/fold1/checkpoints/train.9.pth",
    0.0458619836717844,
    {
      "mAP": 0.7820424136292397,
      "loss": 0.0458619836717844,
      "_timer/data_time": 1.4477605819702148,
      "_timer/model_time": 0.007645964622497559,
      "_timer/batch_time": 1.4554221630096436,
      "_timer/_fps": 70615.65755897723
    }
  ],
  "epoch_9": [
    "output/36_tta/fold1/checkpoints/train.10.pth",
    0.052832819521427155,
    {
      "mAP": 0.7447713311916866,
      "loss": 0.052832819521427155,
      "_timer/data_time": 1.4309865236282349,
      "_timer/model_time": 0.00824582576751709,
      "_timer/batch_time": 1.4392496347427368,
      "_timer/_fps": 67257.8600768946
    }
  ],
  "epoch_10": [
    "output/36_tta/fold1/checkpoints/train.11.pth",
    0.04753330536186695,
    {
      "mAP": 0.7591598053899995,
      "loss": 0.04753330536186695,
      "_timer/data_time": 1.4671578407287598,
      "_timer/model_time": 0.008252620697021484,
      "_timer/batch_time": 1.4754281044006348,
      "_timer/_fps": 68326.40019138943
    }
  ],
  "epoch_11": [
    "output/36_tta/fold1/checkpoints/train.12.pth",
    0.05361514911055565,
    {
      "mAP": 0.7333187376570958,
      "loss": 0.05361514911055565,
      "_timer/data_time": 1.4328848123550415,
      "_timer/model_time": 0.008247852325439453,
      "_timer/batch_time": 1.4411487579345703,
      "_timer/_fps": 69191.29137598541
    }
  ],
  "epoch_12": [
    "output/36_tta/fold1/checkpoints/train.13.pth",
    0.04432268813252449,
    {
      "mAP": 0.7742437438541022,
      "loss": 0.04432268813252449,
      "_timer/data_time": 1.4744327068328857,
      "_timer/model_time": 0.0081787109375,
      "_timer/batch_time": 1.4826250076293945,
      "_timer/_fps": 74622.14587227038
    }
  ],
  "epoch_13": [
    "output/36_tta/fold1/checkpoints/train.14.pth",
    0.04911943897604942,
    {
      "mAP": 0.7659046951491044,
      "loss": 0.04911943897604942,
      "_timer/data_time": 1.4394711256027222,
      "_timer/model_time": 0.0084228515625,
      "_timer/batch_time": 1.4479105472564697,
      "_timer/_fps": 69486.69736277853
    }
  ],
  "epoch_14": [
    "output/36_tta/fold1/checkpoints/train.15.pth",
    0.05817573517560959,
    {
      "mAP": 0.7468772298783712,
      "loss": 0.05817573517560959,
      "_timer/data_time": 1.484235167503357,
      "_timer/model_time": 0.007515311241149902,
      "_timer/batch_time": 1.4917627573013306,
      "_timer/_fps": 62098.48446124679
    }
  ],
  "epoch_15": [
    "output/36_tta/fold1/checkpoints/train.16.pth",
    0.04728136025369167,
    {
      "mAP": 0.7525948187510589,
      "loss": 0.04728136025369167,
      "_timer/data_time": 1.4626590013504028,
      "_timer/model_time": 0.008483648300170898,
      "_timer/batch_time": 1.4711582660675049,
      "_timer/_fps": 68059.76189056432
    }
  ],
  "epoch_16": [
    "output/36_tta/fold1/checkpoints/train.17.pth",
    0.05378362908959389,
    {
      "mAP": 0.7517120084033461,
      "loss": 0.05378362908959389,
      "_timer/data_time": 1.4453359842300415,
      "_timer/model_time": 0.00870203971862793,
      "_timer/batch_time": 1.4540566205978394,
      "_timer/_fps": 65324.843379044236
    }
  ],
  "epoch_17": [
    "output/36_tta/fold1/checkpoints/train.18.pth",
    0.04606090858578682,
    {
      "mAP": 0.7679773732416003,
      "loss": 0.04606090858578682,
      "_timer/data_time": 1.4230108261108398,
      "_timer/model_time": 0.0085526704788208,
      "_timer/batch_time": 1.431578278541565,
      "_timer/_fps": 69002.27597068336
    }
  ],
  "epoch_18": [
    "output/36_tta/fold1/checkpoints/train.19.pth",
    0.0432985108345747,
    {
      "mAP": 0.795806193273196,
      "loss": 0.0432985108345747,
      "_timer/data_time": 1.4695435762405396,
      "_timer/model_time": 0.00808572769165039,
      "_timer/batch_time": 1.4776414632797241,
      "_timer/_fps": 68923.96361021743
    }
  ],
  "epoch_19": [
    "output/36_tta/fold1/checkpoints/train.20.pth",
    0.04569320194423199,
    {
      "mAP": 0.7906497527757166,
      "loss": 0.04569320194423199,
      "_timer/data_time": 1.501320481300354,
      "_timer/model_time": 0.007536053657531738,
      "_timer/batch_time": 1.5088684558868408,
      "_timer/_fps": 77428.76657415398
    }
  ],