{
  "best": {
    "mAP": 0.8648883352582692,
    "loss": 0.033783910469112576
  },
  "last": {
    "mAP": 0.8596532724719138,
    "loss": 0.03579815581100213
  },
  "train.47": {
    "mAP": 0.8648883352582692,
    "loss": 0.033783910469112576
  },
  "epoch_0": [
    "output/35_conv1d_param_tune/20200605-20:53:15/fold3/checkpoints/train.1.pth",
    0.5142135023669901,
    {
      "mAP": 0.13683946309557465,
      "loss": 0.5142135023669901
    }
  ],
  "epoch_1": [
    "output/35_conv1d_param_tune/20200605-20:53:15/fold3/checkpoints/train.2.pth",
    0.29924737102406573,
    {
      "mAP": 0.15978457645015876,
      "loss": 0.29924737102406573
    }
  ],
  "epoch_2": [
    "output/35_conv1d_param_tune/20200605-20:53:15/fold3/checkpoints/train.3.pth",
    0.1593419055090547,
    {
      "mAP": 0.19679374327249988,
      "loss": 0.1593419055090547
    }
  ],
  "epoch_3": [
    "output/35_conv1d_param_tune/20200605-20:53:15/fold3/checkpoints/train.4.pth",
    0.10767732927401594,
    {
      "mAP": 0.38522763598273563,
      "loss": 0.10767732927401594
    }
  ],
  "epoch_4": [
    "output/35_conv1d_param_tune/20200605-20:53:15/fold3/checkpoints/train.5.pth",
    0.07630360797899396,
    {
      "mAP": 0.6613698614816331,
      "loss": 0.07630360797899396
    }
  ],
  "epoch_5": [
    "output/35_conv1d_param_tune/20200605-20:53:15/fold3/checkpoints/train.6.pth",
    0.06343711985283917,
    {
      "mAP": 0.6855092398998016,
      "loss": 0.06343711985283917
    }
  ],
  "epoch_6": [
    "output/35_conv1d_param_tune/20200605-20:53:15/fold3/checkpoints/train.7.pth",
    0.057317973150249765,
    {
      "mAP": 0.7079509590878894,
      "loss": 0.057317973150249765
    }
  ],
  "epoch_7": [
    "output/35_conv1d_param_tune/20200605-20:53:15/fold3/checkpoints/train.8.pth",
    0.051194916491189416,
    {
      "mAP": 0.7332776124033351,
      "loss": 0.051194916491189416
    }
  ],
  "epoch_8": [
    "output/35_conv1d_param_tune/20200605-20:53:15/fold3/checkpoints/train.9.pth",
    0.05108382172065849,
    {
      "mAP": 0.7580741028683777,
      "loss": 0.05108382172065849
    }
  ],
  "epoch_9": [
    "output/35_conv1d_param_tune/20200605-20:53:15/fold3/checkpoints/train.10.pth",
    0.052530098721515275,
    {
      "mAP": 0.7264650254942336,
      "loss": 0.052530098721515275
    }
  ],
  "epoch_10": [
    "output/35_conv1d_param_tune/20200605-20:53:15/fold3/checkpoints/train.11.pth",
    0.052004063989223054,
    {
      "mAP": 0.742716642025528,
      "loss": 0.052004063989223054
    }
  ],
  "epoch_11": [
    "output/35_conv1d_param_tune/20200605-20:53:15/fold3/checkpoints/train.12.pth",
    0.052858606339122274,
    {
      "mAP": 0.7377261248644256,
      "loss": 0.052858606339122274
    }
  ],
  "epoch_12": [
    "output/35_conv1d_param_tune/20200605-20:53:15/fold3/checkpoints/train.13.pth",
    0.050277055715284014,
    {
      "mAP": 0.763128037219726,
      "loss": 0.050277055715284014
    }
  ],
  "epoch_13": [
    "output/35_conv1d_param_tune/20200605-20:53:15/fold3/checkpoints/train.14.pth",
    0.052031935408721454,
    {
      "mAP": 0.7484653666519268,
      "loss": 0.052031935408721454
    }
  ],
  "epoch_14": [
    "output/35_conv1d_param_tune/20200605-20:53:15/fold3/checkpoints/train.15.pth",
    0.051823707363833175,
    {
      "mAP": 0.7802497547850931,
      "loss": 0.051823707363833175
    }
  ],
  "epoch_15": [
    "output/35_conv1d_param_tune/20200605-20:53:15/fold3/checkpoints/train.16.pth",
    0.0472514288375942,
    {
      "mAP": 0.7886314841577131,
      "loss": 0.0472514288375942
    }
  ],
  "epoch_16": [
    "output/35_conv1d_param_tune/20200605-20:53:15/fold3/checkpoints/train.17.pth",
    0.05067518017509678,
    {
      "mAP": 0.7541285511801988,
      "loss": 0.05067518017509678
    }
  ],
  "epoch_17": [
    "output/35_conv1d_param_tune/20200605-20:53:15/fold3/checkpoints/train.18.pth",
    0.051535347680778575,
    {
      "mAP": 0.771912714666686,
      "loss": 0.051535347680778575
    }
  ],
  "epoch_18": [
    "output/35_conv1d_param_tune/20200605-20:53:15/fold3/checkpoints/train.19.pth",
    0.04770391431925837,
    {
      "mAP": 0.770717362254995,
      "loss": 0.04770391431925837
    }
  ],
  "epoch_19": [
    "output/35_conv1d_param_tune/20200605-20:53:15/fold3/checkpoints/train.20.pth",
    0.048736853882039084,
    {
      "mAP": 0.7792465779273189,
      "loss": 0.048736853882039084
    }
  ],
  "epoch_20": [
    "output/35_conv1d_param_tune/20200605-20:53:15/fold3/checkpoints/train.21.pth",
    0.041860383935899005,
    {
      "mAP": 0.8247633341795667,
      "loss": 0.041860383935899005
    }
  ],
  "epoch_21": [
    "output/35_conv1d_param_tune/20200605-20:53:15/fold3/checkpoints/train.22.pth",
    0.03835695074957613,
    {
      "mAP": 0.8283324726760188,
      "loss": 0.03835695074957613
    }
  ],
  "epoch_22": [
    "output/35_conv1d_param_tune/20200605-20:53:15/fold3/checkpoints/train.23.pth",
    0.043453024856861436,
    {
      "mAP": 0.8218281067348255,
      "loss": 0.043453024856861436
    }
  ],
  "epoch_23": [
    "output/35_conv1d_param_tune/20200605-20:53:15/fold3/checkpoints/train.24.pth",
    0.03664819359348457,
    {
      "mAP": 0.8531939853795482,
      "loss": 0.03664819359348457
    }
  ],
  "epoch_24": [
    "output/35_conv1d_param_tune/20200605-20:53:15/fold3/checkpoints/train.25.pth",
    0.03480939041991,
    {
      "mAP": 0.8701184670926645,
      "loss": 0.03480939041991
    }
  ],
  "epoch_25": [
    "output/35_conv1d_param_tune/20200605-20:53:15/fold3/checkpoints/train.26.pth",
    0.04307570654670905,
    {
      "mAP": 0.8103857860654399,
      "loss": 0.04307570654670905
    }
  ],
  "epoch_26": [
    "output/35_conv1d_param_tune/20200605-20:53:15/fold3/checkpoints/train.27.pth",
    0.03715767946642922,
    {
      "mAP": 0.8321081703186594,
      "loss": 0.03715767946642922
    }
  ],
  "epoch_27": [
    "output/35_conv1d_param_tune/20200605-20:53:15/fold3/checkpoints/train.28.pth",
    0.03680064334147676,
    {
      "mAP": 0.8515707387823248,
      "loss": 0.03680064334147676
    }
  ],
  "epoch_28": [
    "output/35_conv1d_param_tune/20200605-20:53:15/fold3/checkpoints/train.29.pth",
    0.04055559706311139,
    {
      "mAP": 0.8255613520189189,
      "loss": 0.04055559706311139
    }
  ],
  "epoch_29": [
    "output/35_conv1d_param_tune/20200605-20:53:15/fold3/checkpoints/train.30.pth",
    0.03698128204925516,
    {
      "mAP": 0.8445520108616712,
      "loss": 0.03698128204925516
    }
  ],
  "epoch_30": [
    "output/35_conv1d_param_tune/20200605-20:53:15/fold3/checkpoints/train.31.pth",
    0.03491626520188326,
    {
      "mAP": 0.8526237473905139,
      "loss": 0.03491626520188326
    }
  ],
  "epoch_31": [
    "output/35_conv1d_param_tune/20200605-20:53:15/fold3/checkpoints/train.32.pth",
    0.03552264762038983,
    {
      "mAP": 0.8477685013147439,
      "loss": 0.03552264762038983
    }
  ],
  "epoch_32": [
    "output/35_conv1d_param_tune/20200605-20:53:15/fold3/checkpoints/train.33.pth",
    0.037393990393024046,
    {
      "mAP": 0.8380339240045023,
      "loss": 0.037393990393024046
    }
  ],
  "epoch_33": [
    "output/35_conv1d_param_tune/20200605-20:53:15/fold3/checkpoints/train.34.pth",
    0.03768743587646536,
    {
      "mAP": 0.8389275043906346,
      "loss": 0.03768743587646536
    }
  ],
  "epoch_34": [
    "output/35_conv1d_param_tune/20200605-20:53:15/fold3/checkpoints/train.35.pth",
    0.03831408242115697,
    {
      "mAP": 0.8395149283716064,
      "loss": 0.03831408242115697
    }
  ],
  "epoch_35": [
    "output/35_conv1d_param_tune/20200605-20:53:15/fold3/checkpoints/train.36.pth",
    0.03616485437822967,
    {
      "mAP": 0.851587747496525,
      "loss": 0.03616485437822967
    }
  ],
  "epoch_36": [
    "output/35_conv1d_param_tune/20200605-20:53:15/fold3/checkpoints/train.37.pth",
    0.036265852150244846,
    {
      "mAP": 0.8370864135399116,
      "loss": 0.036265852150244846
    }
  ],