{
    "metrics": {
        "lgbm_av": {
            "Fold1 auc": 0.8720740690236105,
            "Fold2 auc": 0.8782604073802949,
            "Fold3 auc": 0.8808787363737658,
            "Fold4 auc": 0.8642344746544627,
            "Fold5 auc": 0.8835071090047394,
            "oof auc": 0.8753522966367084
        },
        "lgbm_vsb_1st_tuned": {
            "Fold1 pr-auc": 0.8886227144296236,
            "Fold2 pr-auc": 0.8676316737370267,
            "Fold3 pr-auc": 0.8804014911510064,
            "Fold4 pr-auc": 0.84053501332279,
            "Fold5 pr-auc": 0.8548604320892177,
            "oof pr-auc": 0.8620153189169218
        }
    },
    "importances": {
        "lgbm_av": {
            "params0": 61561.1917356018,
            "rms": 36145.3555659802,
            "params2": 33233.68615311046,
            "spectrum_max_min": 28925.546449424197,
            "params5": 23356.23371775513,
            "spectrum_max_mean": 22320.11297344095,
            "spectrum_max_median": 16728.127411807403,
            "params6": 14298.940516591261,
            "spectrum_skew": 13942.149615978822,
            "max_steapness_span_1": 12983.798187258017,
            "spectrum_kurt": 12507.16390016774,
            "highest_peak_inverse_fw_0.5": 11299.89183235549,
            "spectrum_std": 10353.475653110676,
            "params4": 9983.076189869502,
            "highest_peak_inverse_fw_0.66": 9446.735506037658,
            "max_steapness_span_3": 9409.271479470977,
            "highest_peak_inverse_fw_0.33": 8437.175192632396,
            "beta": 7763.060930740313,
            "max_inverse_fw_0.66": 7724.818493666867,
            "max_inverse_fw_0.5": 7654.876391575504,
            "max_inverse_fw_0.33": 7605.322351502669,
            "params1": 7580.191730736009,
            "highest_peak_steapness_span_1": 7506.482702436952,
            "highest_peak_inverse_hw_0.8": 7273.627817674354,
            "max_inverse_hw_0.33": 7213.021440182584,
            "highest_peak_inverse_fw_0.8": 7058.1002399040435,
            "params3": 6965.214154712074,
            "max_inverse_fw_0.8": 6945.543282488264,
            "highest_peak_inverse_hw_0.33": 6924.28557834041,
            "max_inverse_hw_0.5": 6922.694852050323,
            "max_steapness_span_5": 6854.082952410413,
            "highest_peak_inverse_hw_0.5": 6600.226501480494,
            "highest_peak_inverse_fw_0.75": 6337.366410751,
            "highest_peak_inverse_hw_0.66": 6165.166601352581,
            "max_inverse_hw_0.66": 6016.310204503441,
            "max_inverse_fw_0.75": 6002.7324718389655,
            "highest_peak_inverse_hw_0.75": 5912.855024431168,
            "highest_peak_steapness_span_3": 5892.001886537447,
            "max_inverse_hw_0.75": 5759.151296608049,
            "max_inverse_hw_0.8": 5696.252079998518,
            "highest_peak_steapness_span_5": 5341.066141840839,
            "highest_peak_steapness_span_15": 5149.941655617988,
            "highest_peak_steapness_span_10": 4709.951575981956,
            "max_steapness_span_10": 3982.1861190169875,
            "max_steapness_span_15": 3599.625786378063
        },
        "lgbm_vsb_1st_tuned": {
            "max_steapness_span_1": 11769.07636120452,
            "highest_peak_steapness_span_1": 3893.3393529896193,
            "max_steapness_span_3": 2393.595673007771,
            "highest_peak_inverse_fw_0.66": 2109.0153299073418,
            "params0": 1839.958509764286,
            "params2": 1826.1225394688565,
            "max_inverse_fw_0.8": 1775.055875713334,
            "params4": 1472.6872761340092,
            "params5": 1370.0623750800805,
            "max_inverse_fw_0.75": 1353.1945186653297,
            "max_inverse_hw_0.66": 1298.6707121238223,
            "max_inverse_fw_0.33": 1142.4725711600975,
            "max_inverse_hw_0.5": 1101.229427153527,
            "highest_peak_inverse_fw_0.75": 1006.5887528101339,
            "highest_peak_steapness_span_3": 984.4955482855124,
            "params3": 943.3163454322917,
            "highest_peak_inverse_fw_0.8": 924.803025889586,
            "params6": 886.091603404458,
            "highest_peak_inverse_hw_0.33": 830.4960673969211,
            "max_inverse_hw_0.33": 822.5513345799031,
            "rms": 792.9966574730756,
            "highest_peak_inverse_hw_0.5": 783.1798011522001,
            "max_inverse_fw_0.66": 766.2789720635676,
            "highest_peak_steapness_span_15": 752.2934244494179,
            "max_inverse_hw_0.75": 750.1635116712669,
            "spectrum_skew": 621.5473561242477,
            "highest_peak_steapness_span_5": 509.51151863621345,
            "spectrum_std": 479.500734003444,
            "highest_peak_inverse_fw_0.5": 474.51010333229226,
            "max_steapness_span_5": 451.56814461176543,
            "spectrum_kurt": 430.681587435581,
            "highest_peak_inverse_fw_0.33": 405.07336299740575,
            "params1": 391.0925201623675,
            "max_inverse_fw_0.5": 359.30106042772934,
            "highest_peak_steapness_span_10": 351.12642919029383,
            "max_steapness_span_15": 342.57801828123377,
            "highest_peak_inverse_hw_0.66": 329.7760527153338,
            "beta": 308.6710129180188,
            "max_inverse_hw_0.8": 304.5297410065033,
            "spectrum_max_mean": 283.76405499137184,
            "highest_peak_inverse_hw_0.8": 235.0348725216536,
            "highest_peak_inverse_hw_0.75": 226.42364964966544,
            "spectrum_max_min": 206.6263419337396,
            "max_steapness_span_10": 203.0599552300884,
            "spectrum_max_median": 157.49758857744746
        }
    }
}