{
    "metrics": {
        "lgbm_av": {
            "Fold1 auc": 0.8455360860186354,
            "Fold2 auc": 0.8454873367108547,
            "Fold3 auc": 0.8522868075845829,
            "Fold4 auc": 0.8296279840983601,
            "Fold5 auc": 0.8517245381564948,
            "oof auc": 0.8447541576110001
        },
        "lgbm_vsb_1st_tuned": {
            "Fold1 pr-auc": 0.8905069294446539,
            "Fold2 pr-auc": 0.8627196375091498,
            "Fold3 pr-auc": 0.8959118547796416,
            "Fold4 pr-auc": 0.8437223420175043,
            "Fold5 pr-auc": 0.8513515768783729,
            "oof pr-auc": 0.8646396463818669
        }
    },
    "importances": {
        "lgbm_av": {
            "params0": 61300.097896139894,
            "params2": 34511.505369691135,
            "rms": 33625.888547114126,
            "params5": 23087.325699248275,
            "params6": 13309.057470022482,
            "spectrum_skew": 12956.524616574927,
            "spectrum_kurt": 12537.987809264094,
            "max_steapness_span_1": 11547.105649788493,
            "highest_peak_inverse_fw_0.5": 10226.599798447447,
            "params4": 9646.811171978388,
            "max_steapness_span_3": 8971.426851498132,
            "highest_peak_inverse_fw_0.66": 8414.941565981444,
            "spectrum_std": 8334.401075890146,
            "max_threshed": 7523.230163536991,
            "highest_peak_inverse_fw_0.33": 7498.414827566664,
            "max_inverse_fw_0.33": 7285.637810272787,
            "beta": 6948.492980615372,
            "max_inverse_fw_0.66": 6929.098689866256,
            "highest_peak_steapness_span_1": 6904.476033313558,
            "highest_peak_inverse_fw_0.8": 6759.494839707671,
            "max_inverse_fw_0.5": 6662.600106431489,
            "params1": 6625.013852496539,
            "max_inverse_hw_0.33": 6571.050307959376,
            "highest_peak_inverse_hw_0.8": 6375.842861614027,
            "highest_peak_inverse_hw_0.33": 6367.267097982357,
            "params3": 6183.214607823154,
            "max_inverse_fw_0.8": 6033.8604752540705,
            "highest_peak_inverse_hw_0.5": 5885.222265514685,
            "max_inverse_hw_0.5": 5790.622086907815,
            "highest_peak_inverse_fw_0.75": 5727.245603008006,
            "highest_peak_inverse_hw_0.66": 5623.751448890438,
            "max_steapness_span_5": 5430.303081326504,
            "max_inverse_fw_0.75": 5407.224789672007,
            "max_inverse_hw_0.8": 5373.973045648123,
            "max_inverse_hw_0.66": 5355.238405949272,
            "max_inverse_hw_0.75": 5344.111584957282,
            "highest_peak_inverse_hw_0.75": 5010.022402631422,
            "highest_peak_steapness_span_3": 5004.448132109374,
            "highest_peak_steapness_span_5": 4514.114709824586,
            "highest_peak_steapness_span_10": 3828.038721238915,
            "highest_peak_steapness_span_15": 3815.5877596186274,
            "max_steapness_span_10": 3633.266346371125,
            "max_steapness_span_15": 3039.2922396267536
        },
        "lgbm_vsb_1st_tuned": {
            "max_steapness_span_1": 13472.068892962816,
            "highest_peak_steapness_span_1": 2723.9497379607956,
            "max_steapness_span_3": 2180.4038163659206,
            "highest_peak_inverse_fw_0.66": 1963.2761266213586,
            "params2": 1893.0332986444328,
            "params0": 1870.7640282549055,
            "max_inverse_fw_0.8": 1855.2659002134822,
            "params4": 1515.683089701151,
            "max_inverse_fw_0.75": 1356.451093119055,
            "params5": 1296.9355506781794,
            "max_inverse_hw_0.66": 1255.6787507082747,
            "max_inverse_fw_0.33": 1228.9288324266356,
            "max_inverse_hw_0.5": 1159.879715565277,
            "highest_peak_steapness_span_3": 1096.8966722128575,
            "params3": 1017.9277323052634,
            "highest_peak_inverse_fw_0.75": 977.6847562344736,
            "highest_peak_inverse_fw_0.8": 976.3804511625472,
            "params6": 895.0927286267647,
            "rms": 821.3204152157806,
            "highest_peak_inverse_hw_0.5": 796.5114644217279,
            "highest_peak_inverse_hw_0.33": 796.3479256214055,
            "max_inverse_hw_0.33": 784.199969723174,
            "max_inverse_fw_0.66": 742.6757984496003,
            "max_inverse_hw_0.75": 730.7328808502326,
            "spectrum_skew": 693.647309078509,
            "highest_peak_steapness_span_15": 616.0375998586055,
            "spectrum_std": 442.2624067460627,
            "spectrum_kurt": 429.14845962139077,
            "params1": 420.5399567875821,
            "max_threshed": 417.4932200762916,
            "highest_peak_inverse_fw_0.33": 403.71857706276603,
            "max_inverse_fw_0.5": 400.55753788022685,
            "highest_peak_steapness_span_5": 373.80636837107267,
            "max_steapness_span_5": 364.54837296626806,
            "max_inverse_hw_0.8": 358.9176084304854,
            "highest_peak_inverse_hw_0.66": 334.30853121147817,
            "highest_peak_steapness_span_10": 334.16844761042375,
            "beta": 308.0214847544914,
            "highest_peak_inverse_fw_0.5": 300.66911713788943,
            "max_steapness_span_15": 262.77915492063113,
            "highest_peak_inverse_hw_0.75": 225.76749428651746,
            "highest_peak_inverse_hw_0.8": 224.969056726075,
            "max_steapness_span_10": 167.75137145750196
        }
    }
}