{
    "metrics": {
        "conv1d_av": {
            "Fold1 pr-auc": 0.8662067822451804,
            "Fold2 pr-auc": 0.875605331794259,
            "Fold3 pr-auc": 0.8977119838056105,
            "Fold4 pr-auc": 0.9126172137466099,
            "Fold5 pr-auc": 0.9071402105092294,
            "oof pr-auc": 0.8866361344367935
        }
    },
    "importances": {}
}