{
    "metrics": {
        "lgbm_av": {
            "Fold1 auc": 0.8461410133475692,
            "Fold2 auc": 0.8448021685716564,
            "Fold3 auc": 0.8526603179579626,
            "Fold4 auc": 0.829824963870909,
            "Fold5 auc": 0.8519116935873876,
            "oof auc": 0.8448852145906673
        },
        "lgbm_tuned": {
            "Fold1 pr-auc": 0.8994171783673646,
            "Fold2 pr-auc": 0.8878168242172022,
            "Fold3 pr-auc": 0.8983091037178411,
            "Fold4 pr-auc": 0.8448543391790306,
            "Fold5 pr-auc": 0.8698839102728221,
            "oof pr-auc": 0.8204644480735639
        }
    },
    "importances": {
        "lgbm_av": {
            "params0": 62045.29040339354,
            "params2": 35091.18588812413,
            "rms": 34311.526004990126,
            "params5": 23460.635730469505,
            "params6": 13857.37726748699,
            "spectrum_skew": 13467.594295901168,
            "spectrum_kurt": 12946.685607375635,
            "max_steapness_span_1": 11341.111451491648,
            "highest_peak_inverse_fw_0.5": 10497.513013622125,
            "params4": 10045.16278510844,
            "spectrum_std": 9133.82843863469,
            "highest_peak_inverse_fw_0.66": 8724.871066084228,
            "max_threshed": 8717.080872604127,
            "highest_peak_inverse_fw_0.33": 7990.142790325565,
            "max_steapness_span_2": 7671.546562599357,
            "max_steapness_span_4": 7640.634584757272,
            "max_inverse_fw_0.33": 7511.390587020712,
            "max_steapness_span_3": 7202.749418085557,
            "max_inverse_fw_0.66": 7165.640416848037,
            "beta": 7125.714838991448,
            "highest_peak_steapness_span_1": 7089.9442779763995,
            "max_inverse_fw_0.5": 6990.074903520487,
            "highest_peak_inverse_fw_0.8": 6962.717251551373,
            "max_inverse_hw_0.33": 6935.742113021331,
            "highest_peak_inverse_hw_0.33": 6872.489380915675,
            "params1": 6802.439586955068,
            "highest_peak_inverse_hw_0.8": 6574.5286316746815,
            "max_inverse_fw_0.8": 6532.064701607686,
            "params3": 6455.776297701982,
            "highest_peak_inverse_fw_0.75": 6164.962366615384,
            "max_inverse_hw_0.5": 6018.151054678962,
            "highest_peak_inverse_hw_0.5": 6007.017979915579,
            "highest_peak_steapness_span_2": 5987.500507149851,
            "max_inverse_fw_0.75": 5798.638792892147,
            "highest_peak_inverse_hw_0.66": 5783.038777436534,
            "max_inverse_hw_0.8": 5679.997286059997,
            "max_inverse_hw_0.66": 5563.506001613889,
            "max_inverse_hw_0.75": 5534.117192880298,
            "highest_peak_inverse_hw_0.75": 5296.402397670037,
            "highest_peak_steapness_span_4": 4924.195925914578,
            "max_steapness_span_5": 4922.30249709044,
            "highest_peak_steapness_span_3": 4859.6314476615025,
            "highest_peak_steapness_span_5": 4606.745015532802
        },
        "lgbm_tuned": {
            "max_steapness_span_1": 12801.993511411732,
            "max_steapness_span_2": 2604.9471122641567,
            "highest_peak_steapness_span_1": 2308.110684229858,
            "params2": 2024.1913108418623,
            "params0": 1947.1166031962862,
            "max_inverse_fw_0.8": 1884.5946153559178,
            "params4": 1632.3645696142262,
            "highest_peak_inverse_fw_0.66": 1530.3132972756555,
            "max_inverse_fw_0.75": 1411.940163608167,
            "max_steapness_span_3": 1371.86656852692,
            "params5": 1340.2502432355209,
            "max_inverse_hw_0.66": 1271.9969132796662,
            "max_inverse_hw_0.5": 1238.7195515432488,
            "max_inverse_fw_0.33": 1235.966439562837,
            "params3": 1073.8840843380278,
            "highest_peak_inverse_fw_0.8": 996.170600197108,
            "params6": 990.4868725482347,
            "highest_peak_inverse_fw_0.75": 956.8366780855226,
            "max_inverse_hw_0.33": 887.1814734305029,
            "rms": 865.2733921161889,
            "highest_peak_steapness_span_2": 840.7804305603913,
            "highest_peak_inverse_hw_0.33": 827.5998586440147,
            "highest_peak_inverse_hw_0.5": 778.92950628915,
            "max_inverse_hw_0.75": 755.629167917838,
            "max_inverse_fw_0.66": 754.3878570683702,
            "spectrum_skew": 676.6579190613604,
            "max_threshed": 651.0552622802089,
            "highest_peak_steapness_span_4": 565.1630478215295,
            "highest_peak_steapness_span_3": 536.8838344336348,
            "spectrum_std": 489.8997626649243,
            "params1": 486.8810085573464,
            "spectrum_kurt": 483.0106599637288,
            "highest_peak_inverse_fw_0.33": 465.4567828219284,
            "max_inverse_fw_0.5": 403.8334657770353,
            "max_steapness_span_4": 397.63283278967765,
            "highest_peak_inverse_hw_0.66": 372.02235432675445,
            "beta": 350.145305336587,
            "max_inverse_hw_0.8": 348.6118303275655,
            "highest_peak_inverse_fw_0.5": 314.94861877487267,
            "highest_peak_steapness_span_5": 280.1491652128401,
            "max_steapness_span_5": 276.62207105095166,
            "highest_peak_inverse_hw_0.8": 253.82428839518317,
            "highest_peak_inverse_hw_0.75": 210.3536222974191
        }
    }
}