{
    "metrics": {
        "conv1d_tune": {
            "Fold1 pr-auc": 0.8088937535185183,
            "Fold2 pr-auc": 0.9150514189371145,
            "Fold3 pr-auc": 0.8820653092921001,
            "Fold4 pr-auc": 0.8827995362195051,
            "Fold5 pr-auc": 0.9131316945822618,
            "oof pr-auc": 0.8804166778618877
        }
    },
    "importances": {}
}