{
    "metrics": {
        "conv1d_tune": {
            "Fold1 pr-auc": 0.8866104521930407,
            "Fold2 pr-auc": 0.9099785083576435,
            "Fold3 pr-auc": 0.8654401012427533,
            "Fold4 pr-auc": 0.8851985799973375,
            "Fold5 pr-auc": 0.9159912753398561,
            "oof pr-auc": 0.8892937335949768
        }
    },
    "importances": {}
}