{
    "metrics": {
        "lgbm_av": {
            "Fold1 auc": 0.8932141273500169,
            "Fold2 auc": 0.8958974470480512,
            "Fold3 auc": 0.8918624572241115,
            "Fold4 auc": 0.8852067706836022,
            "Fold5 auc": 0.8917903085404778,
            "oof auc": 0.8914181993981942
        },
        "lgbm_vsb_1st": {
            "Fold1 pr-auc": 0.8431347150974186,
            "Fold2 pr-auc": 0.8391124173219723,
            "Fold3 pr-auc": 0.8474414260169931,
            "Fold4 pr-auc": 0.7792327671044446,
            "Fold5 pr-auc": 0.8475147895551299,
            "oof pr-auc": 0.831960891243815
        }
    },
    "importances": {
        "lgbm_av": {
            "spectrum_median": 110847.65712622463,
            "params2": 37743.32213868522,
            "spectrum_mean": 33574.97375716149,
            "pos_x": 29578.270325329097,
            "params5": 26547.488344724225,
            "spectrum_min": 25318.731673019203,
            "rms": 24982.77793656775,
            "layout_y": 21833.696975842387,
            "params0": 21795.76446405284,
            "spectrum_nunique": 18947.263308847876,
            "params6": 16970.659400660435,
            "layout_x": 14002.684802505899,
            "spectrum_std": 13144.868187727589,
            "spectrum_kurt": 11945.860048612198,
            "spectrum_max": 11575.164722405152,
            "spectrum_skew": 11557.290916042515,
            "params4": 11427.704153043487,
            "params3": 11073.594954551165,
            "beta": 10268.38717754547,
            "params1": 10237.29431866232,
            "exc_wl": 8807.311205028658,
            "layout_a": 5196.507323459742
        },
        "lgbm_vsb_1st": {
            "params1": 7664.891810162437,
            "params3": 7371.267927483028,
            "spectrum_kurt": 6234.049642263091,
            "params2": 5370.808004663019,
            "params6": 4728.146034858404,
            "spectrum_max": 4318.1611261309845,
            "beta": 4023.72589217234,
            "params5": 4020.491359908966,
            "spectrum_std": 1974.045302574997,
            "params4": 1543.6037256777327,
            "rms": 1354.2643824066276,
            "spectrum_skew": 1321.607983193768,
            "spectrum_min": 1266.4916781089862,
            "spectrum_nunique": 1108.4928829110909,
            "params0": 1100.1770491075442,
            "pos_x": 970.3967178295355,
            "spectrum_mean": 780.2121734635498,
            "layout_y": 658.8005914034271,
            "spectrum_median": 615.9950183614181,
            "exc_wl": 523.2308097444818,
            "layout_x": 474.26639444862843,
            "layout_a": 147.32196429465193
        }
    }
}