{
  "best": {
    "mAP": 0.8178152252196643,
    "loss": 0.04704636352158026
  },
  "last": {
    "mAP": 0.7683250904700674,
    "loss": 0.1553065339159709
  },
  "train.23": {
    "mAP": 0.8178152252196643,
    "loss": 0.04704636352158026
  },
  "epoch_0": [
    "output/23_conv1d_tuned/fold2/checkpoints/train.1.pth",
    0.5499675944497622,
    {
      "mAP": 0.02091409670055655,
      "loss": 0.5499675944497622
    }
  ],
  "epoch_1": [
    "output/23_conv1d_tuned/fold2/checkpoints/train.2.pth",
    0.35582592700581145,
    {
      "mAP": 0.021376976149556304,
      "loss": 0.35582592700581145
    }
  ],
  "epoch_2": [
    "output/23_conv1d_tuned/fold2/checkpoints/train.3.pth",
    0.2231340485185926,
    {
      "mAP": 0.022007310609475902,
      "loss": 0.2231340485185926
    }
  ],
  "epoch_3": [
    "output/23_conv1d_tuned/fold2/checkpoints/train.4.pth",
    0.17430460758672597,
    {
      "mAP": 0.022676031970945497,
      "loss": 0.17430460758672597
    }
  ],
  "epoch_4": [
    "output/23_conv1d_tuned/fold2/checkpoints/train.5.pth",
    0.18590304029011934,
    {
      "mAP": 0.02811793880249852,
      "loss": 0.18590304029011934
    }
  ],
  "epoch_5": [
    "output/23_conv1d_tuned/fold2/checkpoints/train.6.pth",
    0.15786131160244818,
    {
      "mAP": 0.1263319576492184,
      "loss": 0.15786131160244818
    }
  ],
  "epoch_6": [
    "output/23_conv1d_tuned/fold2/checkpoints/train.7.pth",
    0.13735798158618373,
    {
      "mAP": 0.44642627288431114,
      "loss": 0.13735798158618373
    }
  ],
  "epoch_7": [
    "output/23_conv1d_tuned/fold2/checkpoints/train.8.pth",
    0.08576025854903896,
    {
      "mAP": 0.6907726530929703,
      "loss": 0.08576025854903896
    }
  ],
  "epoch_8": [
    "output/23_conv1d_tuned/fold2/checkpoints/train.9.pth",
    0.06646585609530874,
    {
      "mAP": 0.7896225252253656,
      "loss": 0.06646585609530874
    }
  ],
  "epoch_9": [
    "output/23_conv1d_tuned/fold2/checkpoints/train.10.pth",
    0.05555633982366656,
    {
      "mAP": 0.8015657330561498,
      "loss": 0.05555633982366656
    }
  ],
  "epoch_10": [
    "output/23_conv1d_tuned/fold2/checkpoints/train.11.pth",
    0.053358688920475766,
    {
      "mAP": 0.8046597984794062,
      "loss": 0.053358688920475766
    }
  ],
  "epoch_11": [
    "output/23_conv1d_tuned/fold2/checkpoints/train.12.pth",
    0.05270184480310208,
    {
      "mAP": 0.7553404639384078,
      "loss": 0.05270184480310208
    }
  ],
  "epoch_12": [
    "output/23_conv1d_tuned/fold2/checkpoints/train.13.pth",
    0.05278849866799885,
    {
      "mAP": 0.8018640924213603,
      "loss": 0.05278849866799885
    }
  ],
  "epoch_13": [
    "output/23_conv1d_tuned/fold2/checkpoints/train.14.pth",
    0.05156282790721706,
    {
      "mAP": 0.8143182338540491,
      "loss": 0.05156282790721706
    }
  ],
  "epoch_14": [
    "output/23_conv1d_tuned/fold2/checkpoints/train.15.pth",
    0.053418884465938135,
    {
      "mAP": 0.8148370751238105,
      "loss": 0.053418884465938135
    }
  ],
  "epoch_15": [
    "output/23_conv1d_tuned/fold2/checkpoints/train.16.pth",
    0.05851773750325057,
    {
      "mAP": 0.7714446200590762,
      "loss": 0.05851773750325057
    }
  ],
  "epoch_16": [
    "output/23_conv1d_tuned/fold2/checkpoints/train.17.pth",
    0.054156447867859746,
    {
      "mAP": 0.7882122901570725,
      "loss": 0.054156447867859746
    }
  ],
  "epoch_17": [
    "output/23_conv1d_tuned/fold2/checkpoints/train.18.pth",
    0.06586834509739879,
    {
      "mAP": 0.7851980086255479,
      "loss": 0.06586834509739879
    }
  ],
  "epoch_18": [
    "output/23_conv1d_tuned/fold2/checkpoints/train.19.pth",
    0.05303126294228481,
    {
      "mAP": 0.8014833367641733,
      "loss": 0.05303126294228481
    }
  ],
  "epoch_19": [
    "output/23_conv1d_tuned/fold2/checkpoints/train.20.pth",
    0.06677408584048464,
    {
      "mAP": 0.8159980189137794,
      "loss": 0.06677408584048464
    }
  ],
  "epoch_20": [
    "output/23_conv1d_tuned/fold2/checkpoints/train.21.pth",
    0.052801855875488565,
    {
      "mAP": 0.8225396618884935,
      "loss": 0.052801855875488565
    }
  ],
  "epoch_21": [
    "output/23_conv1d_tuned/fold2/checkpoints/train.22.pth",
    0.05487490512014798,
    {
      "mAP": 0.8109289941950187,
      "loss": 0.05487490512014798
    }
  ],
  "epoch_22": [
    "output/23_conv1d_tuned/fold2/checkpoints/train.23.pth",
    0.04704636352158026,
    {
      "mAP": 0.8178152252196643,
      "loss": 0.04704636352158026
    }
  ],
  "epoch_23": [
    "output/23_conv1d_tuned/fold2/checkpoints/train.24.pth",
    0.06573679130311452,
    {
      "mAP": 0.7921574879963814,
      "loss": 0.06573679130311452
    }
  ],
  "epoch_24": [
    "output/23_conv1d_tuned/fold2/checkpoints/train.25.pth",
    0.07490000105697835,
    {
      "mAP": 0.8295968935106635,
      "loss": 0.07490000105697835
    }
  ],
  "epoch_25": [
    "output/23_conv1d_tuned/fold2/checkpoints/train.26.pth",
    0.047734493576365986,
    {
      "mAP": 0.8214180725926148,
      "loss": 0.047734493576365986
    }
  ],
  "epoch_26": [
    "output/23_conv1d_tuned/fold2/checkpoints/train.27.pth",
    0.054094899147648735,
    {
      "mAP": 0.8285596926241702,
      "loss": 0.054094899147648735
    }
  ],
  "epoch_27": [
    "output/23_conv1d_tuned/fold2/checkpoints/train.28.pth",
    0.0535237776302177,
    {
      "mAP": 0.7943034063734313,
      "loss": 0.0535237776302177
    }
  ],
  "epoch_28": [
    "output/23_conv1d_tuned/fold2/checkpoints/train.29.pth",
    0.05666396511617169,
    {
      "mAP": 0.8152323202269371,
      "loss": 0.05666396511617169
    }
  ],
  "epoch_29": [
    "output/23_conv1d_tuned/fold2/checkpoints/train.30.pth",
    0.055971674696262366,
    {
      "mAP": 0.8157574731004605,
      "loss": 0.055971674696262366
    }
  ],
  "epoch_30": [
    "output/23_conv1d_tuned/fold2/checkpoints/train.31.pth",
    0.055861427379169555,
    {
      "mAP": 0.8466671664832871,
      "loss": 0.055861427379169555
    }
  ],
  "epoch_31": [
    "output/23_conv1d_tuned/fold2/checkpoints/train.32.pth",
    0.05548877454417299,
    {
      "mAP": 0.8145789833666185,
      "loss": 0.05548877454417299
    }
  ],
  "epoch_32": [
    "output/23_conv1d_tuned/fold2/checkpoints/train.33.pth",
    0.05685321992687836,
    {
      "mAP": 0.810573708007928,
      "loss": 0.05685321992687836
    }
  ],
  "epoch_33": [
    "output/23_conv1d_tuned/fold2/checkpoints/train.34.pth",
    0.05554471907494608,
    {
      "mAP": 0.8235714369596677,
      "loss": 0.05554471907494608
    }
  ],
  "epoch_34": [
    "output/23_conv1d_tuned/fold2/checkpoints/train.35.pth",
    0.06263439714527803,
    {
      "mAP": 0.8226371284038834,
      "loss": 0.06263439714527803
    }
  ],
  "epoch_35": [
    "output/23_conv1d_tuned/fold2/checkpoints/train.36.pth",
    0.0576700018800259,
    {
      "mAP": 0.8264097340060548,
      "loss": 0.0576700018800259
    }
  ],
  "epoch_36": [
    "output/23_conv1d_tuned/fold2/checkpoints/train.37.pth",
    0.07737620983575924,
    {
      "mAP": 0.7965824101031747,
      "loss": 0.07737620983575924
    }
  ],
  "epoch_37": [
    "output/23_conv1d_tuned/fold2/checkpoints/train.38.pth",
    0.05951050992130672,
    {
      "mAP": 0.8242973852910309,
      "loss": 0.05951050992130672
    }
  ],
  "epoch_38": [
    "output/23_conv1d_tuned/fold2/checkpoints/train.39.pth",
    0.05340850608775338,
    {
      "mAP": 0.8092013937226787,
      "loss": 0.05340850608775338
    }
  ],
  "epoch_39": [
    "output/23_conv1d_tuned/fold2/checkpoints/train.40.pth",
    0.06341423716072918,
    {
      "mAP": 0.8014366448292279,
      "loss": 0.06341423716072918
    }
  ],
  "epoch_40": [
    "output/23_conv1d_tuned/fold2/checkpoints/train.41.pth",
    0.055753890557744476,
    {
      "mAP": 0.8050185580878371,
      "loss": 0.055753890557744476
    }
  ],