{
    "metrics": {
        "conv1d_main": {
            "Fold1 pr-auc": 0.8755417151439348,
            "Fold2 pr-auc": 0.8330125239786568,
            "Fold3 pr-auc": 0.8445195355195004,
            "Fold4 pr-auc": 0.90429178173468,
            "Fold5 pr-auc": 0.8979943019958871,
            "oof pr-auc": 0.8663334881921492
        }
    },
    "importances": {}
}