{
  "best": {
    "mAP": 0.9356693994041071,
    "loss": 0.023859809473452547
  },
  "last": {
    "mAP": 0.9397841226726753,
    "loss": 0.024048599805971002
  },
  "train.29": {
    "mAP": 0.9356693994041071,
    "loss": 0.023859809473452547
  },
  "epoch_0": [
    "output/30_conv1d_aug/20200604-23:14:55/fold2/checkpoints/train.1.pth",
    0.4948564866844567,
    {
      "mAP": 0.23971562088305373,
      "loss": 0.4948564866844567
    }
  ],
  "epoch_1": [
    "output/30_conv1d_aug/20200604-23:14:55/fold2/checkpoints/train.2.pth",
    0.2548921563998917,
    {
      "mAP": 0.25549403156102624,
      "loss": 0.2548921563998917
    }
  ],
  "epoch_2": [
    "output/30_conv1d_aug/20200604-23:14:55/fold2/checkpoints/train.3.pth",
    0.17348549666826407,
    {
      "mAP": 0.31391763070814876,
      "loss": 0.17348549666826407
    }
  ],
  "epoch_3": [
    "output/30_conv1d_aug/20200604-23:14:55/fold2/checkpoints/train.4.pth",
    0.11439861267023466,
    {
      "mAP": 0.5540875492852843,
      "loss": 0.11439861267023466
    }
  ],
  "epoch_4": [
    "output/30_conv1d_aug/20200604-23:14:55/fold2/checkpoints/train.5.pth",
    0.07100007471095497,
    {
      "mAP": 0.7451662984685166,
      "loss": 0.07100007471095497
    }
  ],
  "epoch_5": [
    "output/30_conv1d_aug/20200604-23:14:55/fold2/checkpoints/train.6.pth",
    0.043405208022665,
    {
      "mAP": 0.8583863682922366,
      "loss": 0.043405208022665
    }
  ],
  "epoch_6": [
    "output/30_conv1d_aug/20200604-23:14:55/fold2/checkpoints/train.7.pth",
    0.037598450153955854,
    {
      "mAP": 0.8799201742808145,
      "loss": 0.037598450153955854
    }
  ],
  "epoch_7": [
    "output/30_conv1d_aug/20200604-23:14:55/fold2/checkpoints/train.8.pth",
    0.03535111002854517,
    {
      "mAP": 0.8838923842294977,
      "loss": 0.03535111002854517
    }
  ],
  "epoch_8": [
    "output/30_conv1d_aug/20200604-23:14:55/fold2/checkpoints/train.9.pth",
    0.02968858934502996,
    {
      "mAP": 0.9179834369473746,
      "loss": 0.02968858934502996
    }
  ],
  "epoch_9": [
    "output/30_conv1d_aug/20200604-23:14:55/fold2/checkpoints/train.10.pth",
    0.028983597281040083,
    {
      "mAP": 0.9074345775350917,
      "loss": 0.028983597281040083
    }
  ],
  "epoch_10": [
    "output/30_conv1d_aug/20200604-23:14:55/fold2/checkpoints/train.11.pth",
    0.03149063680659185,
    {
      "mAP": 0.892140650668072,
      "loss": 0.03149063680659185
    }
  ],
  "epoch_11": [
    "output/30_conv1d_aug/20200604-23:14:55/fold2/checkpoints/train.12.pth",
    0.0305258956322573,
    {
      "mAP": 0.9008977692006551,
      "loss": 0.0305258956322573
    }
  ],
  "epoch_12": [
    "output/30_conv1d_aug/20200604-23:14:55/fold2/checkpoints/train.13.pth",
    0.02864248570362914,
    {
      "mAP": 0.9195728272660324,
      "loss": 0.02864248570362914
    }
  ],
  "epoch_13": [
    "output/30_conv1d_aug/20200604-23:14:55/fold2/checkpoints/train.14.pth",
    0.028384747839186444,
    {
      "mAP": 0.9221890779685636,
      "loss": 0.028384747839186444
    }
  ],
  "epoch_14": [
    "output/30_conv1d_aug/20200604-23:14:55/fold2/checkpoints/train.15.pth",
    0.030347762313729657,
    {
      "mAP": 0.9168663428376542,
      "loss": 0.030347762313729657
    }
  ],
  "epoch_15": [
    "output/30_conv1d_aug/20200604-23:14:55/fold2/checkpoints/train.16.pth",
    0.03633704849299001,
    {
      "mAP": 0.894700090676258,
      "loss": 0.03633704849299001
    }
  ],
  "epoch_16": [
    "output/30_conv1d_aug/20200604-23:14:55/fold2/checkpoints/train.17.pth",
    0.03138247016058244,
    {
      "mAP": 0.9008035491307824,
      "loss": 0.03138247016058244
    }
  ],
  "epoch_17": [
    "output/30_conv1d_aug/20200604-23:14:55/fold2/checkpoints/train.18.pth",
    0.03229451781012263,
    {
      "mAP": 0.9057615974833099,
      "loss": 0.03229451781012263
    }
  ],
  "epoch_18": [
    "output/30_conv1d_aug/20200604-23:14:55/fold2/checkpoints/train.19.pth",
    0.06649387034098414,
    {
      "mAP": 0.926605391849715,
      "loss": 0.06649387034098414
    }
  ],
  "epoch_19": [
    "output/30_conv1d_aug/20200604-23:14:55/fold2/checkpoints/train.20.pth",
    0.03204210879557992,
    {
      "mAP": 0.8957269300495244,
      "loss": 0.03204210879557992
    }
  ],
  "epoch_20": [
    "output/30_conv1d_aug/20200604-23:14:55/fold2/checkpoints/train.21.pth",
    0.03671850366035643,
    {
      "mAP": 0.9075704380596391,
      "loss": 0.03671850366035643
    }
  ],
  "epoch_21": [
    "output/30_conv1d_aug/20200604-23:14:55/fold2/checkpoints/train.22.pth",
    0.028922812083752344,
    {
      "mAP": 0.9008502712172618,
      "loss": 0.028922812083752344
    }
  ],
  "epoch_22": [
    "output/30_conv1d_aug/20200604-23:14:55/fold2/checkpoints/train.23.pth",
    0.03446406605024024,
    {
      "mAP": 0.9262155910768652,
      "loss": 0.03446406605024024
    }
  ],
  "epoch_23": [
    "output/30_conv1d_aug/20200604-23:14:55/fold2/checkpoints/train.24.pth",
    0.03154878428853452,
    {
      "mAP": 0.9216827569024059,
      "loss": 0.03154878428853452
    }
  ],
  "epoch_24": [
    "output/30_conv1d_aug/20200604-23:14:55/fold2/checkpoints/train.25.pth",
    0.024006485727333188,
    {
      "mAP": 0.9345499350945647,
      "loss": 0.024006485727333188
    }
  ],
  "epoch_25": [
    "output/30_conv1d_aug/20200604-23:14:55/fold2/checkpoints/train.26.pth",
    0.028619933115580216,
    {
      "mAP": 0.9064717618758062,
      "loss": 0.028619933115580216
    }
  ],
  "epoch_26": [
    "output/30_conv1d_aug/20200604-23:14:55/fold2/checkpoints/train.27.pth",
    0.024822087366592388,
    {
      "mAP": 0.9323682987432057,
      "loss": 0.024822087366592388
    }
  ],
  "epoch_27": [
    "output/30_conv1d_aug/20200604-23:14:55/fold2/checkpoints/train.28.pth",
    0.0276115028176359,
    {
      "mAP": 0.9293606400807554,
      "loss": 0.0276115028176359
    }
  ],
  "epoch_28": [
    "output/30_conv1d_aug/20200604-23:14:55/fold2/checkpoints/train.29.pth",
    0.023859809473452547,
    {
      "mAP": 0.9356693994041071,
      "loss": 0.023859809473452547
    }
  ],
  "epoch_29": [
    "output/30_conv1d_aug/20200604-23:14:55/fold2/checkpoints/train.30.pth",
    0.024146524560465538,
    {
      "mAP": 0.9371540473924879,
      "loss": 0.024146524560465538
    }
  ],
  "epoch_30": [
    "output/30_conv1d_aug/20200604-23:14:55/fold2/checkpoints/train.31.pth",
    0.026095495598732664,
    {
      "mAP": 0.9126126356325154,
      "loss": 0.026095495598732664
    }
  ],
  "epoch_31": [
    "output/30_conv1d_aug/20200604-23:14:55/fold2/checkpoints/train.32.pth",
    0.02587382984801716,
    {
      "mAP": 0.9307093740221126,
      "loss": 0.02587382984801716
    }
  ],
  "epoch_32": [
    "output/30_conv1d_aug/20200604-23:14:55/fold2/checkpoints/train.33.pth",
    0.025832279075485753,
    {
      "mAP": 0.9267739883111756,
      "loss": 0.025832279075485753
    }
  ],
  "epoch_33": [
    "output/30_conv1d_aug/20200604-23:14:55/fold2/checkpoints/train.34.pth",
    0.037505108694637995,
    {
      "mAP": 0.9209926828504336,
      "loss": 0.037505108694637995
    }
  ],
  "epoch_34": [
    "output/30_conv1d_aug/20200604-23:14:55/fold2/checkpoints/train.35.pth",
    0.04169269449502811,
    {
      "mAP": 0.9140673594369729,
      "loss": 0.04169269449502811
    }
  ],
  "epoch_35": [
    "output/30_conv1d_aug/20200604-23:14:55/fold2/checkpoints/train.36.pth",
    0.027863003936093287,
    {
      "mAP": 0.9269300910760502,
      "loss": 0.027863003936093287
    }
  ],
  "epoch_36": [
    "output/30_conv1d_aug/20200604-23:14:55/fold2/checkpoints/train.37.pth",
    0.028604837368720316,
    {
      "mAP": 0.9225543394595817,
      "loss": 0.028604837368720316
    }
  ],
  "epoch_37": [
    "output/30_conv1d_aug/20200604-23:14:55/fold2/checkpoints/train.38.pth",
    0.04165770035680501,
    {
      "mAP": 0.9127846895605024,
      "loss": 0.04165770035680501
    }
  ],