{
  "best": {
    "mAP": 0.9273429154313189,
    "loss": 0.026728984854098286
  },
  "last": {
    "mAP": 0.9084106073235991,
    "loss": 0.036240304609173164
  },
  "train.66": {
    "mAP": 0.9273429154313189,
    "loss": 0.026728984854098286
  },
  "epoch_0": [
    "output/38_no_crop/20200606-09:20:06/fold5/checkpoints/train.1.pth",
    0.614325071591696,
    {
      "mAP": 0.13649536646104385,
      "loss": 0.614325071591696
    }
  ],
  "epoch_1": [
    "output/38_no_crop/20200606-09:20:06/fold5/checkpoints/train.2.pth",
    0.46204850646819373,
    {
      "mAP": 0.2525680611557081,
      "loss": 0.46204850646819373
    }
  ],
  "epoch_2": [
    "output/38_no_crop/20200606-09:20:06/fold5/checkpoints/train.3.pth",
    0.2931407966426177,
    {
      "mAP": 0.5957684744647037,
      "loss": 0.2931407966426177
    }
  ],
  "epoch_3": [
    "output/38_no_crop/20200606-09:20:06/fold5/checkpoints/train.4.pth",
    0.20286476460774633,
    {
      "mAP": 0.8043490906548615,
      "loss": 0.20286476460774633
    }
  ],
  "epoch_4": [
    "output/38_no_crop/20200606-09:20:06/fold5/checkpoints/train.5.pth",
    0.08481977486678555,
    {
      "mAP": 0.8299852961455593,
      "loss": 0.08481977486678555
    }
  ],
  "epoch_5": [
    "output/38_no_crop/20200606-09:20:06/fold5/checkpoints/train.6.pth",
    0.03857621271726904,
    {
      "mAP": 0.8512433196599622,
      "loss": 0.03857621271726904
    }
  ],
  "epoch_6": [
    "output/38_no_crop/20200606-09:20:06/fold5/checkpoints/train.7.pth",
    0.03545402779313407,
    {
      "mAP": 0.8781374051050711,
      "loss": 0.03545402779313407
    }
  ],
  "epoch_7": [
    "output/38_no_crop/20200606-09:20:06/fold5/checkpoints/train.8.pth",
    0.03462027718777134,
    {
      "mAP": 0.8824135629401515,
      "loss": 0.03462027718777134
    }
  ],
  "epoch_8": [
    "output/38_no_crop/20200606-09:20:06/fold5/checkpoints/train.9.pth",
    0.03416001892422539,
    {
      "mAP": 0.862845724450605,
      "loss": 0.03416001892422539
    }
  ],
  "epoch_9": [
    "output/38_no_crop/20200606-09:20:06/fold5/checkpoints/train.10.pth",
    0.035938531166617715,
    {
      "mAP": 0.8558135956240611,
      "loss": 0.035938531166617715
    }
  ],
  "epoch_10": [
    "output/38_no_crop/20200606-09:20:06/fold5/checkpoints/train.11.pth",
    0.03395491683756696,
    {
      "mAP": 0.8824893981746575,
      "loss": 0.03395491683756696
    }
  ],
  "epoch_11": [
    "output/38_no_crop/20200606-09:20:06/fold5/checkpoints/train.12.pth",
    0.03382727486991449,
    {
      "mAP": 0.8669337343354308,
      "loss": 0.03382727486991449
    }
  ],
  "epoch_12": [
    "output/38_no_crop/20200606-09:20:06/fold5/checkpoints/train.13.pth",
    0.033099987960615335,
    {
      "mAP": 0.8884315759329338,
      "loss": 0.033099987960615335
    }
  ],
  "epoch_13": [
    "output/38_no_crop/20200606-09:20:06/fold5/checkpoints/train.14.pth",
    0.03505949343215842,
    {
      "mAP": 0.8569522206095707,
      "loss": 0.03505949343215842
    }
  ],
  "epoch_14": [
    "output/38_no_crop/20200606-09:20:06/fold5/checkpoints/train.15.pth",
    0.039230515847199304,
    {
      "mAP": 0.8421759907163308,
      "loss": 0.039230515847199304
    }
  ],
  "epoch_15": [
    "output/38_no_crop/20200606-09:20:06/fold5/checkpoints/train.16.pth",
    0.03346339472279544,
    {
      "mAP": 0.8613887278556048,
      "loss": 0.03346339472279544
    }
  ],
  "epoch_16": [
    "output/38_no_crop/20200606-09:20:06/fold5/checkpoints/train.17.pth",
    0.061581531443107664,
    {
      "mAP": 0.842539620802826,
      "loss": 0.061581531443107664
    }
  ],
  "epoch_17": [
    "output/38_no_crop/20200606-09:20:06/fold5/checkpoints/train.18.pth",
    0.031402811654808946,
    {
      "mAP": 0.9033831276896263,
      "loss": 0.031402811654808946
    }
  ],
  "epoch_18": [
    "output/38_no_crop/20200606-09:20:06/fold5/checkpoints/train.19.pth",
    0.04194656691358004,
    {
      "mAP": 0.8553201175961572,
      "loss": 0.04194656691358004
    }
  ],
  "epoch_19": [
    "output/38_no_crop/20200606-09:20:06/fold5/checkpoints/train.20.pth",
    0.03838030030173027,
    {
      "mAP": 0.8833268122419392,
      "loss": 0.03838030030173027
    }
  ],
  "epoch_20": [
    "output/38_no_crop/20200606-09:20:06/fold5/checkpoints/train.21.pth",
    0.033440186954638906,
    {
      "mAP": 0.8711608734556421,
      "loss": 0.033440186954638906
    }
  ],
  "epoch_21": [
    "output/38_no_crop/20200606-09:20:06/fold5/checkpoints/train.22.pth",
    0.032015605383097286,
    {
      "mAP": 0.8946132952159775,
      "loss": 0.032015605383097286
    }
  ],
  "epoch_22": [
    "output/38_no_crop/20200606-09:20:06/fold5/checkpoints/train.23.pth",
    0.03873541079481616,
    {
      "mAP": 0.8850185671540237,
      "loss": 0.03873541079481616
    }
  ],
  "epoch_23": [
    "output/38_no_crop/20200606-09:20:06/fold5/checkpoints/train.24.pth",
    0.03991101728783571,
    {
      "mAP": 0.8692819777064809,
      "loss": 0.03991101728783571
    }
  ],
  "epoch_24": [
    "output/38_no_crop/20200606-09:20:06/fold5/checkpoints/train.25.pth",
    0.03258291069260362,
    {
      "mAP": 0.8743960922829812,
      "loss": 0.03258291069260362
    }
  ],
  "epoch_25": [
    "output/38_no_crop/20200606-09:20:06/fold5/checkpoints/train.26.pth",
    0.03292808882959773,
    {
      "mAP": 0.8820134133900133,
      "loss": 0.03292808882959773
    }
  ],
  "epoch_26": [
    "output/38_no_crop/20200606-09:20:06/fold5/checkpoints/train.27.pth",
    0.03570876096543764,
    {
      "mAP": 0.8717490326956852,
      "loss": 0.03570876096543764
    }
  ],
  "epoch_27": [
    "output/38_no_crop/20200606-09:20:06/fold5/checkpoints/train.28.pth",
    0.02785550950504664,
    {
      "mAP": 0.9125849820285332,
      "loss": 0.02785550950504664
    }
  ],
  "epoch_28": [
    "output/38_no_crop/20200606-09:20:06/fold5/checkpoints/train.29.pth",
    0.028478757056163997,
    {
      "mAP": 0.9206952158499407,
      "loss": 0.028478757056163997
    }
  ],
  "epoch_29": [
    "output/38_no_crop/20200606-09:20:06/fold5/checkpoints/train.30.pth",
    0.02964991898787607,
    {
      "mAP": 0.9097877354108287,
      "loss": 0.02964991898787607
    }
  ],
  "epoch_30": [
    "output/38_no_crop/20200606-09:20:06/fold5/checkpoints/train.31.pth",
    0.03263191441881953,
    {
      "mAP": 0.8901591082992213,
      "loss": 0.03263191441881953
    }
  ],
  "epoch_31": [
    "output/38_no_crop/20200606-09:20:06/fold5/checkpoints/train.32.pth",
    0.029990333971074548,
    {
      "mAP": 0.911018527384686,
      "loss": 0.029990333971074548
    }
  ],
  "epoch_32": [
    "output/38_no_crop/20200606-09:20:06/fold5/checkpoints/train.33.pth",
    0.03116437601941439,
    {
      "mAP": 0.8910385323600357,
      "loss": 0.03116437601941439
    }
  ],
  "epoch_33": [
    "output/38_no_crop/20200606-09:20:06/fold5/checkpoints/train.34.pth",
    0.03356950058305552,
    {
      "mAP": 0.88760510567581,
      "loss": 0.03356950058305552
    }
  ],
  "epoch_34": [
    "output/38_no_crop/20200606-09:20:06/fold5/checkpoints/train.35.pth",
    0.030126765469952205,
    {
      "mAP": 0.9116932984217618,
      "loss": 0.030126765469952205
    }
  ],
  "epoch_35": [
    "output/38_no_crop/20200606-09:20:06/fold5/checkpoints/train.36.pth",
    0.035583005691975575,
    {
      "mAP": 0.8940716177012387,
      "loss": 0.035583005691975575
    }
  ],
  "epoch_36": [
    "output/38_no_crop/20200606-09:20:06/fold5/checkpoints/train.37.pth",
    0.030596117815347268,
    {
      "mAP": 0.9028573839204345,
      "loss": 0.030596117815347268
    }
  ],
  "epoch_37": [
    "output/38_no_crop/20200606-09:20:06/fold5/checkpoints/train.38.pth",
    0.03600952135826127,
    {
      "mAP": 0.8849453491096148,
      "loss": 0.03600952135826127
    }
  ],
  "epoch_38": [
    "output/38_no_crop/20200606-09:20:06/fold5/checkpoints/train.39.pth",
    0.03239982745346501,
    {
      "mAP": 0.8900364112296031,