{
    "metrics": {
        "conv1d_av": {
            "Fold1 auc": 0.9000337037848336,
            "Fold2 auc": 0.891690765933904,
            "Fold3 auc": 0.8981840719113909,
            "Fold4 auc": 0.8692581848241363,
            "Fold5 auc": 0.8813270142180095,
            "oof auc": 0.8847606112242188
        },
        "conv1d_main": {
            "Fold1 pr-auc": 0.8049945382585925,
            "Fold2 pr-auc": 0.9243286644261326,
            "Fold3 pr-auc": 0.8586331790443863,
            "Fold4 pr-auc": 0.8602243931115353,
            "Fold5 pr-auc": 0.8217974866989266,
            "oof pr-auc": 0.8495383898108826
        }
    },
    "importances": {}
}