{
  "best": {
    "mAP": 0.8599785898000428,
    "loss": 0.03791558729746475
  },
  "last": {
    "mAP": 0.8569559813325741,
    "loss": 0.11833662614877703
  },
  "train.22": {
    "mAP": 0.8599785898000428,
    "loss": 0.03791558729746475
  },
  "epoch_0": [
    "output/22_conv1d_load/fold3/checkpoints/train.1.pth",
    0.3552180540866313,
    {
      "mAP": 0.02897442336402236,
      "loss": 0.3552180540866313
    }
  ],
  "epoch_1": [
    "output/22_conv1d_load/fold3/checkpoints/train.2.pth",
    0.16267777490351293,
    {
      "mAP": 0.03293462270238003,
      "loss": 0.16267777490351293
    }
  ],
  "epoch_2": [
    "output/22_conv1d_load/fold3/checkpoints/train.3.pth",
    0.17900001133899202,
    {
      "mAP": 0.16112059736017667,
      "loss": 0.17900001133899202
    }
  ],
  "epoch_3": [
    "output/22_conv1d_load/fold3/checkpoints/train.4.pth",
    0.059319042734095294,
    {
      "mAP": 0.7714945257944105,
      "loss": 0.059319042734095294
    }
  ],
  "epoch_4": [
    "output/22_conv1d_load/fold3/checkpoints/train.5.pth",
    0.06547082751668694,
    {
      "mAP": 0.793773749767272,
      "loss": 0.06547082751668694
    }
  ],
  "epoch_5": [
    "output/22_conv1d_load/fold3/checkpoints/train.6.pth",
    0.045355576292812706,
    {
      "mAP": 0.8383846968409312,
      "loss": 0.045355576292812706
    }
  ],
  "epoch_6": [
    "output/22_conv1d_load/fold3/checkpoints/train.7.pth",
    0.046126806023753006,
    {
      "mAP": 0.8350918230235602,
      "loss": 0.046126806023753006
    }
  ],
  "epoch_7": [
    "output/22_conv1d_load/fold3/checkpoints/train.8.pth",
    0.04720892656466748,
    {
      "mAP": 0.8328432649101969,
      "loss": 0.04720892656466748
    }
  ],
  "epoch_8": [
    "output/22_conv1d_load/fold3/checkpoints/train.9.pth",
    0.04356570057595987,
    {
      "mAP": 0.8383048208273682,
      "loss": 0.04356570057595987
    }
  ],
  "epoch_9": [
    "output/22_conv1d_load/fold3/checkpoints/train.10.pth",
    0.04229418702158017,
    {
      "mAP": 0.8495348630007681,
      "loss": 0.04229418702158017
    }
  ],
  "epoch_10": [
    "output/22_conv1d_load/fold3/checkpoints/train.11.pth",
    0.04228418418372246,
    {
      "mAP": 0.8477648246843761,
      "loss": 0.04228418418372246
    }
  ],
  "epoch_11": [
    "output/22_conv1d_load/fold3/checkpoints/train.12.pth",
    0.04257416708624114,
    {
      "mAP": 0.8380576649988751,
      "loss": 0.04257416708624114
    }
  ],
  "epoch_12": [
    "output/22_conv1d_load/fold3/checkpoints/train.13.pth",
    0.041057604695116025,
    {
      "mAP": 0.8274563767301881,
      "loss": 0.041057604695116025
    }
  ],
  "epoch_13": [
    "output/22_conv1d_load/fold3/checkpoints/train.14.pth",
    0.04915617500314716,
    {
      "mAP": 0.847377653675091,
      "loss": 0.04915617500314716
    }
  ],
  "epoch_14": [
    "output/22_conv1d_load/fold3/checkpoints/train.15.pth",
    0.05321361280842443,
    {
      "mAP": 0.8388462348120634,
      "loss": 0.05321361280842443
    }
  ],
  "epoch_15": [
    "output/22_conv1d_load/fold3/checkpoints/train.16.pth",
    0.045541115874260484,
    {
      "mAP": 0.8190747879439289,
      "loss": 0.045541115874260484
    }
  ],
  "epoch_16": [
    "output/22_conv1d_load/fold3/checkpoints/train.17.pth",
    0.04394517124961829,
    {
      "mAP": 0.8437354820283997,
      "loss": 0.04394517124961829
    }
  ],
  "epoch_17": [
    "output/22_conv1d_load/fold3/checkpoints/train.18.pth",
    0.04178953794580862,
    {
      "mAP": 0.851297310440669,
      "loss": 0.04178953794580862
    }
  ],
  "epoch_18": [
    "output/22_conv1d_load/fold3/checkpoints/train.19.pth",
    0.048597735831941144,
    {
      "mAP": 0.8315247153117944,
      "loss": 0.048597735831941144
    }
  ],
  "epoch_19": [
    "output/22_conv1d_load/fold3/checkpoints/train.20.pth",
    0.056102513309966504,
    {
      "mAP": 0.8150672024733162,
      "loss": 0.056102513309966504
    }
  ],
  "epoch_20": [
    "output/22_conv1d_load/fold3/checkpoints/train.21.pth",
    0.08557570089348708,
    {
      "mAP": 0.8387078333546018,
      "loss": 0.08557570089348708
    }
  ],
  "epoch_21": [
    "output/22_conv1d_load/fold3/checkpoints/train.22.pth",
    0.03791558729746475,
    {
      "mAP": 0.8599785898000428,
      "loss": 0.03791558729746475
    }
  ],
  "epoch_22": [
    "output/22_conv1d_load/fold3/checkpoints/train.23.pth",
    0.046786221707516576,
    {
      "mAP": 0.8574982792759096,
      "loss": 0.046786221707516576
    }
  ],
  "epoch_23": [
    "output/22_conv1d_load/fold3/checkpoints/train.24.pth",
    0.05519719464953666,
    {
      "mAP": 0.8117708910068238,
      "loss": 0.05519719464953666
    }
  ],
  "epoch_24": [
    "output/22_conv1d_load/fold3/checkpoints/train.25.pth",
    0.041668818806371355,
    {
      "mAP": 0.8512377475742303,
      "loss": 0.041668818806371355
    }
  ],
  "epoch_25": [
    "output/22_conv1d_load/fold3/checkpoints/train.26.pth",
    0.05146816777718011,
    {
      "mAP": 0.8371008304400787,
      "loss": 0.05146816777718011
    }
  ],
  "epoch_26": [
    "output/22_conv1d_load/fold3/checkpoints/train.27.pth",
    0.046134267746400094,
    {
      "mAP": 0.8393857603548736,
      "loss": 0.046134267746400094
    }
  ],
  "epoch_27": [
    "output/22_conv1d_load/fold3/checkpoints/train.28.pth",
    0.04515055266146942,
    {
      "mAP": 0.8480377720395124,
      "loss": 0.04515055266146942
    }
  ],
  "epoch_28": [
    "output/22_conv1d_load/fold3/checkpoints/train.29.pth",
    0.05023983239165552,
    {
      "mAP": 0.8621217302522399,
      "loss": 0.05023983239165552
    }
  ],
  "epoch_29": [
    "output/22_conv1d_load/fold3/checkpoints/train.30.pth",
    0.04916575459842323,
    {
      "mAP": 0.8566455191246926,
      "loss": 0.04916575459842323
    }
  ],
  "epoch_30": [
    "output/22_conv1d_load/fold3/checkpoints/train.31.pth",
    0.04892606569783513,
    {
      "mAP": 0.8491950897257368,
      "loss": 0.04892606569783513
    }
  ],
  "epoch_31": [
    "output/22_conv1d_load/fold3/checkpoints/train.32.pth",
    0.04769753501640925,
    {
      "mAP": 0.8467583889597304,
      "loss": 0.04769753501640925
    }
  ],
  "epoch_32": [
    "output/22_conv1d_load/fold3/checkpoints/train.33.pth",
    0.05222659694843831,
    {
      "mAP": 0.8466109008699435,
      "loss": 0.05222659694843831
    }
  ],
  "epoch_33": [
    "output/22_conv1d_load/fold3/checkpoints/train.34.pth",
    0.05536455020218306,
    {
      "mAP": 0.8310501180489487,
      "loss": 0.05536455020218306
    }
  ],
  "epoch_34": [
    "output/22_conv1d_load/fold3/checkpoints/train.35.pth",
    0.06384685951477341,
    {
      "mAP": 0.8463163835247874,
      "loss": 0.06384685951477341
    }
  ],
  "epoch_35": [
    "output/22_conv1d_load/fold3/checkpoints/train.36.pth",
    0.05031269469574625,
    {
      "mAP": 0.8357188646008572,
      "loss": 0.05031269469574625
    }
  ],
  "epoch_36": [
    "output/22_conv1d_load/fold3/checkpoints/train.37.pth",
    0.07620830228145122,
    {
      "mAP": 0.83273770546721,
      "loss": 0.07620830228145122
    }
  ],
  "epoch_37": [
    "output/22_conv1d_load/fold3/checkpoints/train.38.pth",
    0.04323741379265987,
    {
      "mAP": 0.846815277259323,
      "loss": 0.04323741379265987
    }
  ],
  "epoch_38": [
    "output/22_conv1d_load/fold3/checkpoints/train.39.pth",
    0.08161700016893471,
    {
      "mAP": 0.8716328857350178,
      "loss": 0.08161700016893471
    }
  ],
  "epoch_39": [
    "output/22_conv1d_load/fold3/checkpoints/train.40.pth",
    0.05737996344888619,
    {
      "mAP": 0.8471953372575451,
      "loss": 0.05737996344888619
    }
  ],
  "epoch_40": [
    "output/22_conv1d_load/fold3/checkpoints/train.41.pth",
    0.056941127147783585,
    {
      "mAP": 0.8095816474645262,
      "loss": 0.056941127147783585
    }
  ],
  "epoch_41": [
    "output/22_conv1d_load/fold3/checkpoints/train.42.pth",
    0.053865607384474545,
    {
      "mAP": 0.8178372343509882,