{
  "best": {
    "mAP": 0.9087836461692859,
    "loss": 0.029680171013179046
  },
  "last": {
    "mAP": 0.9062799360645172,
    "loss": 0.030026677038918908
  },
  "train.49": {
    "mAP": 0.9087836461692859,
    "loss": 0.029680171013179046
  },
  "epoch_0": [
    "output/30_conv1d_aug/20200604-23:14:55/fold3/checkpoints/train.1.pth",
    0.5034027656373676,
    {
      "mAP": 0.2027895720827041,
      "loss": 0.5034027656373676
    }
  ],
  "epoch_1": [
    "output/30_conv1d_aug/20200604-23:14:55/fold3/checkpoints/train.2.pth",
    0.266497576605496,
    {
      "mAP": 0.23470362812655435,
      "loss": 0.266497576605496
    }
  ],
  "epoch_2": [
    "output/30_conv1d_aug/20200604-23:14:55/fold3/checkpoints/train.3.pth",
    0.15807164263508827,
    {
      "mAP": 0.2956641000289795,
      "loss": 0.15807164263508827
    }
  ],
  "epoch_3": [
    "output/30_conv1d_aug/20200604-23:14:55/fold3/checkpoints/train.4.pth",
    0.11234055393361052,
    {
      "mAP": 0.4606241875104733,
      "loss": 0.11234055393361052
    }
  ],
  "epoch_4": [
    "output/30_conv1d_aug/20200604-23:14:55/fold3/checkpoints/train.5.pth",
    0.07584891470290706,
    {
      "mAP": 0.676645556741934,
      "loss": 0.07584891470290706
    }
  ],
  "epoch_5": [
    "output/30_conv1d_aug/20200604-23:14:55/fold3/checkpoints/train.6.pth",
    0.05997051683924065,
    {
      "mAP": 0.7300568623233605,
      "loss": 0.05997051683924065
    }
  ],
  "epoch_6": [
    "output/30_conv1d_aug/20200604-23:14:55/fold3/checkpoints/train.7.pth",
    0.047937487154978586,
    {
      "mAP": 0.7775961132650785,
      "loss": 0.047937487154978586
    }
  ],
  "epoch_7": [
    "output/30_conv1d_aug/20200604-23:14:55/fold3/checkpoints/train.8.pth",
    0.04619006942093332,
    {
      "mAP": 0.7800472587260925,
      "loss": 0.04619006942093332
    }
  ],
  "epoch_8": [
    "output/30_conv1d_aug/20200604-23:14:55/fold3/checkpoints/train.9.pth",
    0.04342646218420438,
    {
      "mAP": 0.7919656306813839,
      "loss": 0.04342646218420438
    }
  ],
  "epoch_9": [
    "output/30_conv1d_aug/20200604-23:14:55/fold3/checkpoints/train.10.pth",
    0.043652370832635,
    {
      "mAP": 0.813025679006144,
      "loss": 0.043652370832635
    }
  ],
  "epoch_10": [
    "output/30_conv1d_aug/20200604-23:14:55/fold3/checkpoints/train.11.pth",
    0.04566111215706552,
    {
      "mAP": 0.7804664787485547,
      "loss": 0.04566111215706552
    }
  ],
  "epoch_11": [
    "output/30_conv1d_aug/20200604-23:14:55/fold3/checkpoints/train.12.pth",
    0.04390483661213415,
    {
      "mAP": 0.807725702086729,
      "loss": 0.04390483661213415
    }
  ],
  "epoch_12": [
    "output/30_conv1d_aug/20200604-23:14:55/fold3/checkpoints/train.13.pth",
    0.04470014439115367,
    {
      "mAP": 0.8120437562072763,
      "loss": 0.04470014439115367
    }
  ],
  "epoch_13": [
    "output/30_conv1d_aug/20200604-23:14:55/fold3/checkpoints/train.14.pth",
    0.041928091738435674,
    {
      "mAP": 0.8245730990347461,
      "loss": 0.041928091738435674
    }
  ],
  "epoch_14": [
    "output/30_conv1d_aug/20200604-23:14:55/fold3/checkpoints/train.15.pth",
    0.04642254673570855,
    {
      "mAP": 0.8293598589729543,
      "loss": 0.04642254673570855
    }
  ],
  "epoch_15": [
    "output/30_conv1d_aug/20200604-23:14:55/fold3/checkpoints/train.16.pth",
    0.038563246174233824,
    {
      "mAP": 0.8435652037717924,
      "loss": 0.038563246174233824
    }
  ],
  "epoch_16": [
    "output/30_conv1d_aug/20200604-23:14:55/fold3/checkpoints/train.17.pth",
    0.04920371159380045,
    {
      "mAP": 0.8052265546369209,
      "loss": 0.04920371159380045
    }
  ],
  "epoch_17": [
    "output/30_conv1d_aug/20200604-23:14:55/fold3/checkpoints/train.18.pth",
    0.04784433073699274,
    {
      "mAP": 0.8171591324261268,
      "loss": 0.04784433073699274
    }
  ],
  "epoch_18": [
    "output/30_conv1d_aug/20200604-23:14:55/fold3/checkpoints/train.19.pth",
    0.07146347975502418,
    {
      "mAP": 0.8419410126213576,
      "loss": 0.07146347975502418
    }
  ],
  "epoch_19": [
    "output/30_conv1d_aug/20200604-23:14:55/fold3/checkpoints/train.20.pth",
    0.04035626197761149,
    {
      "mAP": 0.8374760114240606,
      "loss": 0.04035626197761149
    }
  ],
  "epoch_20": [
    "output/30_conv1d_aug/20200604-23:14:55/fold3/checkpoints/train.21.pth",
    0.03760686504736633,
    {
      "mAP": 0.8633629188198176,
      "loss": 0.03760686504736633
    }
  ],
  "epoch_21": [
    "output/30_conv1d_aug/20200604-23:14:55/fold3/checkpoints/train.22.pth",
    0.03745742553811227,
    {
      "mAP": 0.8578295154123668,
      "loss": 0.03745742553811227
    }
  ],
  "epoch_22": [
    "output/30_conv1d_aug/20200604-23:14:55/fold3/checkpoints/train.23.pth",
    0.03544249234529414,
    {
      "mAP": 0.8866435122507981,
      "loss": 0.03544249234529414
    }
  ],
  "epoch_23": [
    "output/30_conv1d_aug/20200604-23:14:55/fold3/checkpoints/train.24.pth",
    0.03707130670687779,
    {
      "mAP": 0.886161727467869,
      "loss": 0.03707130670687779
    }
  ],
  "epoch_24": [
    "output/30_conv1d_aug/20200604-23:14:55/fold3/checkpoints/train.25.pth",
    0.03898696781266994,
    {
      "mAP": 0.8451750020890407,
      "loss": 0.03898696781266994
    }
  ],
  "epoch_25": [
    "output/30_conv1d_aug/20200604-23:14:55/fold3/checkpoints/train.26.pth",
    0.03456784940619716,
    {
      "mAP": 0.8747043726320258,
      "loss": 0.03456784940619716
    }
  ],
  "epoch_26": [
    "output/30_conv1d_aug/20200604-23:14:55/fold3/checkpoints/train.27.pth",
    0.04580584465555481,
    {
      "mAP": 0.8691872322463167,
      "loss": 0.04580584465555481
    }
  ],
  "epoch_27": [
    "output/30_conv1d_aug/20200604-23:14:55/fold3/checkpoints/train.28.pth",
    0.033635489926964704,
    {
      "mAP": 0.882790245755318,
      "loss": 0.033635489926964704
    }
  ],
  "epoch_28": [
    "output/30_conv1d_aug/20200604-23:14:55/fold3/checkpoints/train.29.pth",
    0.03398949333116482,
    {
      "mAP": 0.8884108909664928,
      "loss": 0.03398949333116482
    }
  ],
  "epoch_29": [
    "output/30_conv1d_aug/20200604-23:14:55/fold3/checkpoints/train.30.pth",
    0.03268783501829769,
    {
      "mAP": 0.895231241274408,
      "loss": 0.03268783501829769
    }
  ],
  "epoch_30": [
    "output/30_conv1d_aug/20200604-23:14:55/fold3/checkpoints/train.31.pth",
    0.03446088540013917,
    {
      "mAP": 0.8719319433276654,
      "loss": 0.03446088540013917
    }
  ],
  "epoch_31": [
    "output/30_conv1d_aug/20200604-23:14:55/fold3/checkpoints/train.32.pth",
    0.03372576574230643,
    {
      "mAP": 0.8877777688086231,
      "loss": 0.03372576574230643
    }
  ],
  "epoch_32": [
    "output/30_conv1d_aug/20200604-23:14:55/fold3/checkpoints/train.33.pth",
    0.03528652976504411,
    {
      "mAP": 0.8768012429080941,
      "loss": 0.03528652976504411
    }
  ],
  "epoch_33": [
    "output/30_conv1d_aug/20200604-23:14:55/fold3/checkpoints/train.34.pth",
    0.03423749646842079,
    {
      "mAP": 0.8820153849117027,
      "loss": 0.03423749646842079
    }
  ],
  "epoch_34": [
    "output/30_conv1d_aug/20200604-23:14:55/fold3/checkpoints/train.35.pth",
    0.033938439544127466,
    {
      "mAP": 0.8981314028720778,
      "loss": 0.033938439544127466
    }
  ],
  "epoch_35": [
    "output/30_conv1d_aug/20200604-23:14:55/fold3/checkpoints/train.36.pth",
    0.03576185326539757,
    {
      "mAP": 0.8941613253019115,
      "loss": 0.03576185326539757
    }
  ],
  "epoch_36": [
    "output/30_conv1d_aug/20200604-23:14:55/fold3/checkpoints/train.37.pth",
    0.03560675766567055,
    {
      "mAP": 0.873455932406112,
      "loss": 0.03560675766567055
    }
  ],
  "epoch_37": [
    "output/30_conv1d_aug/20200604-23:14:55/fold3/checkpoints/train.38.pth",
    0.039779528509512316,
    {
      "mAP": 0.8732485038817682,
      "loss": 0.039779528509512316
    }
  ],