{
  "best": {
    "mAP": 0.8327158914562847,
    "loss": 0.03802570010953168
  },
  "last": {
    "mAP": 0.8341077448071974,
    "loss": 0.04485470438833275
  },
  "train.59": {
    "mAP": 0.8327158914562847,
    "loss": 0.03802570010953168
  },
  "epoch_0": [
    "output/22_conv1d_load/fold4/checkpoints/train.1.pth",
    0.35635259202365194,
    {
      "mAP": 0.02189394135689754,
      "loss": 0.35635259202365194
    }
  ],
  "epoch_1": [
    "output/22_conv1d_load/fold4/checkpoints/train.2.pth",
    0.17481587429373716,
    {
      "mAP": 0.022532252120320468,
      "loss": 0.17481587429373716
    }
  ],
  "epoch_2": [
    "output/22_conv1d_load/fold4/checkpoints/train.3.pth",
    0.16520711639301042,
    {
      "mAP": 0.12085256173899563,
      "loss": 0.16520711639301042
    }
  ],
  "epoch_3": [
    "output/22_conv1d_load/fold4/checkpoints/train.4.pth",
    0.08948081450207408,
    {
      "mAP": 0.6569853542872678,
      "loss": 0.08948081450207408
    }
  ],
  "epoch_4": [
    "output/22_conv1d_load/fold4/checkpoints/train.5.pth",
    0.05029607315691189,
    {
      "mAP": 0.7782523983302747,
      "loss": 0.05029607315691189
    }
  ],
  "epoch_5": [
    "output/22_conv1d_load/fold4/checkpoints/train.6.pth",
    0.05134786801724604,
    {
      "mAP": 0.8513458258729233,
      "loss": 0.05134786801724604
    }
  ],
  "epoch_6": [
    "output/22_conv1d_load/fold4/checkpoints/train.7.pth",
    0.04662299445794586,
    {
      "mAP": 0.8240198157224854,
      "loss": 0.04662299445794586
    }
  ],
  "epoch_7": [
    "output/22_conv1d_load/fold4/checkpoints/train.8.pth",
    0.05651592550938291,
    {
      "mAP": 0.8001939144999608,
      "loss": 0.05651592550938291
    }
  ],
  "epoch_8": [
    "output/22_conv1d_load/fold4/checkpoints/train.9.pth",
    0.047738764517725754,
    {
      "mAP": 0.827363512515942,
      "loss": 0.047738764517725754
    }
  ],
  "epoch_9": [
    "output/22_conv1d_load/fold4/checkpoints/train.10.pth",
    0.04532823798314949,
    {
      "mAP": 0.8088281383091946,
      "loss": 0.04532823798314949
    }
  ],
  "epoch_10": [
    "output/22_conv1d_load/fold4/checkpoints/train.11.pth",
    0.045919822557768566,
    {
      "mAP": 0.8245935804524248,
      "loss": 0.045919822557768566
    }
  ],
  "epoch_11": [
    "output/22_conv1d_load/fold4/checkpoints/train.12.pth",
    0.046209406115179825,
    {
      "mAP": 0.8106894395093203,
      "loss": 0.046209406115179825
    }
  ],
  "epoch_12": [
    "output/22_conv1d_load/fold4/checkpoints/train.13.pth",
    0.05191567746349927,
    {
      "mAP": 0.8280689905740617,
      "loss": 0.05191567746349927
    }
  ],
  "epoch_13": [
    "output/22_conv1d_load/fold4/checkpoints/train.14.pth",
    0.04712736778457292,
    {
      "mAP": 0.7985889374379848,
      "loss": 0.04712736778457292
    }
  ],
  "epoch_14": [
    "output/22_conv1d_load/fold4/checkpoints/train.15.pth",
    0.04686005932868289,
    {
      "mAP": 0.8193185847345769,
      "loss": 0.04686005932868289
    }
  ],
  "epoch_15": [
    "output/22_conv1d_load/fold4/checkpoints/train.16.pth",
    0.051694075846900535,
    {
      "mAP": 0.8056253959386951,
      "loss": 0.051694075846900535
    }
  ],
  "epoch_16": [
    "output/22_conv1d_load/fold4/checkpoints/train.17.pth",
    0.05635724987311097,
    {
      "mAP": 0.8056184325315625,
      "loss": 0.05635724987311097
    }
  ],
  "epoch_17": [
    "output/22_conv1d_load/fold4/checkpoints/train.18.pth",
    0.04315998653487303,
    {
      "mAP": 0.8191363525119468,
      "loss": 0.04315998653487303
    }
  ],
  "epoch_18": [
    "output/22_conv1d_load/fold4/checkpoints/train.19.pth",
    0.1448904403360722,
    {
      "mAP": 0.691173560858231,
      "loss": 0.1448904403360722
    }
  ],
  "epoch_19": [
    "output/22_conv1d_load/fold4/checkpoints/train.20.pth",
    0.048828552509003545,
    {
      "mAP": 0.8361602216646462,
      "loss": 0.048828552509003545
    }
  ],
  "epoch_20": [
    "output/22_conv1d_load/fold4/checkpoints/train.21.pth",
    0.054594568567502076,
    {
      "mAP": 0.7581694874400563,
      "loss": 0.054594568567502076
    }
  ],
  "epoch_21": [
    "output/22_conv1d_load/fold4/checkpoints/train.22.pth",
    0.04774339675712922,
    {
      "mAP": 0.8347237539300058,
      "loss": 0.04774339675712922
    }
  ],
  "epoch_22": [
    "output/22_conv1d_load/fold4/checkpoints/train.23.pth",
    0.045824515712826384,
    {
      "mAP": 0.8128465678856317,
      "loss": 0.045824515712826384
    }
  ],
  "epoch_23": [
    "output/22_conv1d_load/fold4/checkpoints/train.24.pth",
    0.2608623372362056,
    {
      "mAP": 0.7059463454003465,
      "loss": 0.2608623372362056
    }
  ],
  "epoch_24": [
    "output/22_conv1d_load/fold4/checkpoints/train.25.pth",
    0.055472824487036,
    {
      "mAP": 0.8302468746546738,
      "loss": 0.055472824487036
    }
  ],
  "epoch_25": [
    "output/22_conv1d_load/fold4/checkpoints/train.26.pth",
    0.04945919454278125,
    {
      "mAP": 0.7466193691708797,
      "loss": 0.04945919454278125
    }
  ],
  "epoch_26": [
    "output/22_conv1d_load/fold4/checkpoints/train.27.pth",
    0.046823641269016204,
    {
      "mAP": 0.8389265244716839,
      "loss": 0.046823641269016204
    }
  ],
  "epoch_27": [
    "output/22_conv1d_load/fold4/checkpoints/train.28.pth",
    0.04772373098471699,
    {
      "mAP": 0.8507581576058769,
      "loss": 0.04772373098471699
    }
  ],
  "epoch_28": [
    "output/22_conv1d_load/fold4/checkpoints/train.29.pth",
    0.04497240223717032,
    {
      "mAP": 0.8380052303964218,
      "loss": 0.04497240223717032
    }
  ],
  "epoch_29": [
    "output/22_conv1d_load/fold4/checkpoints/train.30.pth",
    0.046180966993506996,
    {
      "mAP": 0.8323033311141067,
      "loss": 0.046180966993506996
    }
  ],
  "epoch_30": [
    "output/22_conv1d_load/fold4/checkpoints/train.31.pth",
    0.04672797433105025,
    {
      "mAP": 0.8491139285035154,
      "loss": 0.04672797433105025
    }
  ],
  "epoch_31": [
    "output/22_conv1d_load/fold4/checkpoints/train.32.pth",
    0.046712880045997274,
    {
      "mAP": 0.8338550705995877,
      "loss": 0.046712880045997274
    }
  ],
  "epoch_32": [
    "output/22_conv1d_load/fold4/checkpoints/train.33.pth",
    0.04645513982662997,
    {
      "mAP": 0.8211886365723425,
      "loss": 0.04645513982662997
    }
  ],
  "epoch_33": [
    "output/22_conv1d_load/fold4/checkpoints/train.34.pth",
    0.04871743449987624,
    {
      "mAP": 0.8104095149507184,
      "loss": 0.04871743449987624
    }
  ],
  "epoch_34": [
    "output/22_conv1d_load/fold4/checkpoints/train.35.pth",
    0.050508090824129284,
    {
      "mAP": 0.8516975227842911,
      "loss": 0.050508090824129284
    }
  ],
  "epoch_35": [
    "output/22_conv1d_load/fold4/checkpoints/train.36.pth",
    0.05545999195424197,
    {
      "mAP": 0.8430876556059684,
      "loss": 0.05545999195424197
    }
  ],
  "epoch_36": [
    "output/22_conv1d_load/fold4/checkpoints/train.37.pth",
    0.04575811349050904,
    {
      "mAP": 0.8296010347999402,
      "loss": 0.04575811349050904
    }
  ],
  "epoch_37": [
    "output/22_conv1d_load/fold4/checkpoints/train.38.pth",
    0.09758048918957508,
    {
      "mAP": 0.8198443828565471,
      "loss": 0.09758048918957508
    }
  ],
  "epoch_38": [
    "output/22_conv1d_load/fold4/checkpoints/train.39.pth",
    0.05456517443872572,
    {
      "mAP": 0.824206920256376,
      "loss": 0.05456517443872572
    }
  ],
  "epoch_39": [
    "output/22_conv1d_load/fold4/checkpoints/train.40.pth",
    0.054444586927047414,
    {
      "mAP": 0.8055045712769358,
      "loss": 0.054444586927047414
    }
  ],
  "epoch_40": [
    "output/22_conv1d_load/fold4/checkpoints/train.41.pth",
    0.057017952391643534,
    {
      "mAP": 0.830093052843111,
      "loss": 0.057017952391643534
    }
  ],
  "epoch_41": [
    "output/22_conv1d_load/fold4/checkpoints/train.42.pth",
    0.0859277037641869,
    {
      "mAP": 0.8024687444971326,