{
    "metrics": {
        "lgbm_av": {
            "Fold1 auc": 0.8472720485373186,
            "Fold2 auc": 0.8447050467127148,
            "Fold3 auc": 0.852774016063849,
            "Fold4 auc": 0.8289934866000517,
            "Fold5 auc": 0.8535748138117807,
            "oof auc": 0.845225807984173
        },
        "lgbm_tuned": {
            "Fold1 pr-auc": 0.8332574740819974,
            "Fold2 pr-auc": 0.855429927321487,
            "Fold3 pr-auc": 0.8782373215538953,
            "Fold4 pr-auc": 0.9019565770609583,
            "Fold5 pr-auc": 0.8729668146513432,
            "oof pr-auc": 0.8595899923338258
        }
    },
    "importances": {
        "lgbm_av": {
            "params0": 62101.924945632476,
            "rms": 31976.06095359157,
            "params2": 29745.49383160943,
            "params5": 20034.78628047794,
            "spectrum_skew": 12824.595786615417,
            "params6": 11854.473577928416,
            "fitting_peak_inverse_fw_0.33": 10123.661316057809,
            "max_steapness_span_1": 9876.175231760779,
            "spectrum_kurt": 9125.004290746667,
            "spectrum_std": 8535.446336934405,
            "params4": 8317.17806126232,
            "max_threshed": 8005.254351017266,
            "highest_peak_inverse_fw_0.5": 7475.713798671396,
            "fitting_peak_inverse_fw_0.5": 7449.088290570321,
            "highest_peak_inverse_fw_0.66": 6905.995388034504,
            "max_inverse_fw_0.33": 6079.5985713633145,
            "highest_peak_inverse_fw_0.33": 5954.567399218066,
            "max_inverse_hw_0.33": 5906.5431682709495,
            "max_steapness_span_2": 5838.618069997043,
            "highest_peak_steapness_span_1": 5732.504048440012,
            "fitting_peak_steapness_span_2": 5711.934308685669,
            "max_inverse_fw_0.66": 5674.373185401491,
            "max_steapness_span_3": 5643.209636523812,
            "max_inverse_fw_0.5": 5613.024458265561,
            "max_steapness_span_4": 5571.50197173555,
            "params1": 5537.504132042906,
            "highest_peak_inverse_hw_0.8": 5470.32168894612,
            "highest_peak_inverse_hw_0.33": 5381.599748471977,
            "max_inverse_fw_0.8": 5330.409977015655,
            "beta": 5260.32759627352,
            "highest_peak_inverse_fw_0.8": 5135.958100536174,
            "fitting_peak_steapness_span_3": 5132.786329894163,
            "highest_peak_inverse_fw_0.75": 5100.740843641158,
            "params3": 5018.428366652003,
            "max_inverse_hw_0.5": 4811.115723780441,
            "fitting_peak_steapness_span_1": 4803.401847688813,
            "max_inverse_fw_0.75": 4779.6938518063835,
            "highest_peak_steapness_span_2": 4751.011547560209,
            "max_inverse_hw_0.8": 4690.2915616694545,
            "highest_peak_inverse_hw_0.66": 4676.43949502192,
            "fitting_peak_steapness_span_4": 4639.112878281243,
            "highest_peak_inverse_hw_0.5": 4634.076559304289,
            "max_inverse_hw_0.66": 4571.487725738261,
            "highest_peak_inverse_hw_0.75": 4398.858270785548,
            "max_inverse_hw_0.75": 4362.8721992391975,
            "fitting_peak_steapness_span_5": 4012.1986498381284,
            "highest_peak_steapness_span_4": 3989.9902493062546,
            "highest_peak_steapness_span_3": 3810.1460348198552,
            "highest_peak_steapness_span_5": 3808.5195602161343,
            "fitting_peak_inverse_fw_0.66": 3745.32123928956,
            "max_steapness_span_5": 3514.206185251814,
            "fitting_peak_inverse_fw_0.8": 3490.908003992319,
            "fitting_peak_inverse_fw_0.75": 3314.954972491495
        },
        "lgbm_tuned": {
            "max_steapness_span_1": 11836.578032975272,
            "highest_peak_steapness_span_1": 3092.369227689318,
            "max_steapness_span_2": 2450.63609585613,
            "fitting_peak_inverse_fw_0.8": 1990.3086950175464,
            "params2": 1767.184279444348,
            "params4": 1701.4429941781332,
            "params0": 1619.0276057981887,
            "max_inverse_fw_0.33": 1242.3582376641455,
            "max_steapness_span_3": 1236.6343535108142,
            "params5": 1168.8374095932813,
            "highest_peak_inverse_fw_0.66": 987.4049714168708,
            "fitting_peak_steapness_span_4": 942.3169741579333,
            "max_inverse_hw_0.66": 868.7982521458994,
            "max_inverse_fw_0.8": 858.6194611683487,
            "max_inverse_hw_0.5": 853.0189044289291,
            "fitting_peak_inverse_fw_0.75": 803.5607343059498,
            "fitting_peak_steapness_span_2": 802.134620173648,
            "fitting_peak_steapness_span_3": 765.4325274977832,
            "fitting_peak_steapness_span_1": 720.5297947517131,
            "params6": 667.7564760939218,
            "rms": 644.9694542628364,
            "max_inverse_hw_0.33": 617.130157255102,
            "highest_peak_steapness_span_2": 585.801633038139,
            "spectrum_skew": 579.1362817427274,
            "max_threshed": 570.6337415297515,
            "max_inverse_fw_0.75": 565.4115565369837,
            "params3": 550.1584676158149,
            "highest_peak_inverse_hw_0.5": 477.60324436585654,
            "max_inverse_hw_0.75": 468.1763160930015,
            "max_inverse_fw_0.66": 456.7797631587833,
            "highest_peak_inverse_fw_0.8": 447.18250846612204,
            "highest_peak_inverse_fw_0.75": 443.50497486642564,
            "fitting_peak_steapness_span_5": 427.8856007159221,
            "highest_peak_steapness_span_3": 384.2831640405115,
            "highest_peak_inverse_fw_0.33": 376.832552037327,
            "fitting_peak_inverse_fw_0.66": 372.98281576307494,
            "spectrum_std": 372.51537973920495,
            "spectrum_kurt": 365.78960089650934,
            "fitting_peak_inverse_fw_0.33": 310.2627966856351,
            "highest_peak_steapness_span_4": 308.6578169817105,
            "params1": 306.55228844846135,
            "highest_peak_inverse_hw_0.33": 279.42456102014984,
            "max_steapness_span_4": 271.9449622335378,
            "highest_peak_inverse_hw_0.66": 262.2194562817691,
            "max_inverse_hw_0.8": 244.24121232293547,
            "max_inverse_fw_0.5": 243.76450469964183,
            "highest_peak_steapness_span_5": 242.35648475713097,
            "highest_peak_inverse_fw_0.5": 242.21010782327502,
            "beta": 216.23537150667977,
            "max_steapness_span_5": 209.35822334084662,
            "highest_peak_inverse_hw_0.8": 148.065854013199,
            "highest_peak_inverse_hw_0.75": 147.14818909075112,
            "fitting_peak_inverse_fw_0.5": 133.96788728181275
        }
    }
}