{
    "metrics": {
        "conv1d_tune": {
            "Fold1 pr-auc": 0.8347724757743171,
            "Fold2 pr-auc": 0.9057671857526234,
            "Fold3 pr-auc": 0.8669711668898461,
            "Fold4 pr-auc": 0.8318423134483441,
            "Fold5 pr-auc": 0.9244988737637784,
            "oof pr-auc": 0.8723757760494926
        }
    },
    "importances": {}
}