{
  "best": {
    "mAP": 0.923969782938708,
    "loss": 0.026214808474902988
  },
  "last": {
    "mAP": 0.9149752627640362,
    "loss": 0.03693643940340855
  },
  "train.16": {
    "mAP": 0.923969782938708,
    "loss": 0.026214808474902988
  },
  "epoch_0": [
    "output/26_conv1d_feature_load/fold3/checkpoints/train.1.pth",
    0.17126516457684665,
    {
      "mAP": 0.08239189556165015,
      "loss": 0.17126516457684665
    }
  ],
  "epoch_1": [
    "output/26_conv1d_feature_load/fold3/checkpoints/train.2.pth",
    0.11526025752533821,
    {
      "mAP": 0.4510391672000819,
      "loss": 0.11526025752533821
    }
  ],
  "epoch_2": [
    "output/26_conv1d_feature_load/fold3/checkpoints/train.3.pth",
    0.06944553701867172,
    {
      "mAP": 0.7929108914532285,
      "loss": 0.06944553701867172
    }
  ],
  "epoch_3": [
    "output/26_conv1d_feature_load/fold3/checkpoints/train.4.pth",
    0.06280282647339545,
    {
      "mAP": 0.847775644430065,
      "loss": 0.06280282647339545
    }
  ],
  "epoch_4": [
    "output/26_conv1d_feature_load/fold3/checkpoints/train.5.pth",
    0.036651758626153504,
    {
      "mAP": 0.8887184192676486,
      "loss": 0.036651758626153504
    }
  ],
  "epoch_5": [
    "output/26_conv1d_feature_load/fold3/checkpoints/train.6.pth",
    0.029853438378562844,
    {
      "mAP": 0.9112387533392169,
      "loss": 0.029853438378562844
    }
  ],
  "epoch_6": [
    "output/26_conv1d_feature_load/fold3/checkpoints/train.7.pth",
    0.02846731994083125,
    {
      "mAP": 0.9189988007644004,
      "loss": 0.02846731994083125
    }
  ],
  "epoch_7": [
    "output/26_conv1d_feature_load/fold3/checkpoints/train.8.pth",
    0.028053612060589365,
    {
      "mAP": 0.919598194456913,
      "loss": 0.028053612060589365
    }
  ],
  "epoch_8": [
    "output/26_conv1d_feature_load/fold3/checkpoints/train.9.pth",
    0.027492717316808843,
    {
      "mAP": 0.924944664747429,
      "loss": 0.027492717316808843
    }
  ],
  "epoch_9": [
    "output/26_conv1d_feature_load/fold3/checkpoints/train.10.pth",
    0.027388761854694847,
    {
      "mAP": 0.9254478978962574,
      "loss": 0.027388761854694847
    }
  ],
  "epoch_10": [
    "output/26_conv1d_feature_load/fold3/checkpoints/train.11.pth",
    0.02737147519872264,
    {
      "mAP": 0.924944664747429,
      "loss": 0.02737147519872264
    }
  ],
  "epoch_11": [
    "output/26_conv1d_feature_load/fold3/checkpoints/train.12.pth",
    0.027325351427546586,
    {
      "mAP": 0.924944664747429,
      "loss": 0.027325351427546586
    }
  ],
  "epoch_12": [
    "output/26_conv1d_feature_load/fold3/checkpoints/train.13.pth",
    0.027270226479428443,
    {
      "mAP": 0.9256322270765452,
      "loss": 0.027270226479428443
    }
  ],
  "epoch_13": [
    "output/26_conv1d_feature_load/fold3/checkpoints/train.14.pth",
    0.027519467995121887,
    {
      "mAP": 0.9243973232894954,
      "loss": 0.027519467995121887
    }
  ],
  "epoch_14": [
    "output/26_conv1d_feature_load/fold3/checkpoints/train.15.pth",
    0.026811825469757536,
    {
      "mAP": 0.9317204934451984,
      "loss": 0.026811825469757536
    }
  ],
  "epoch_15": [
    "output/26_conv1d_feature_load/fold3/checkpoints/train.16.pth",
    0.026214808474902988,
    {
      "mAP": 0.923969782938708,
      "loss": 0.026214808474902988
    }
  ],
  "epoch_16": [
    "output/26_conv1d_feature_load/fold3/checkpoints/train.17.pth",
    0.04045371741818035,
    {
      "mAP": 0.9177984035742643,
      "loss": 0.04045371741818035
    }
  ],
  "epoch_17": [
    "output/26_conv1d_feature_load/fold3/checkpoints/train.18.pth",
    0.03140735267094701,
    {
      "mAP": 0.9214563177220252,
      "loss": 0.03140735267094701
    }
  ],
  "epoch_18": [
    "output/26_conv1d_feature_load/fold3/checkpoints/train.19.pth",
    0.03190163361245582,
    {
      "mAP": 0.926218073367496,
      "loss": 0.03190163361245582
    }
  ],
  "epoch_19": [
    "output/26_conv1d_feature_load/fold3/checkpoints/train.20.pth",
    0.05029988876107401,
    {
      "mAP": 0.9050421227957901,
      "loss": 0.05029988876107401
    }
  ],
  "epoch_20": [
    "output/26_conv1d_feature_load/fold3/checkpoints/train.21.pth",
    0.028690196192937965,
    {
      "mAP": 0.9069987443997538,
      "loss": 0.028690196192937965
    }
  ],
  "epoch_21": [
    "output/26_conv1d_feature_load/fold3/checkpoints/train.22.pth",
    0.027038665177712685,
    {
      "mAP": 0.9199982216355631,
      "loss": 0.027038665177712685
    }
  ],
  "epoch_22": [
    "output/26_conv1d_feature_load/fold3/checkpoints/train.23.pth",
    0.02747324494508464,
    {
      "mAP": 0.9230778513884801,
      "loss": 0.02747324494508464
    }
  ],
  "epoch_23": [
    "output/26_conv1d_feature_load/fold3/checkpoints/train.24.pth",
    0.03093971104612267,
    {
      "mAP": 0.9243497319516827,
      "loss": 0.03093971104612267
    }
  ],
  "epoch_24": [
    "output/26_conv1d_feature_load/fold3/checkpoints/train.25.pth",
    0.0267769695029775,
    {
      "mAP": 0.9272848350681666,
      "loss": 0.0267769695029775
    }
  ],
  "epoch_25": [
    "output/26_conv1d_feature_load/fold3/checkpoints/train.26.pth",
    0.028823497461527084,
    {
      "mAP": 0.9222946111699528,
      "loss": 0.028823497461527084
    }
  ],
  "epoch_26": [
    "output/26_conv1d_feature_load/fold3/checkpoints/train.27.pth",
    0.026319827839341354,
    {
      "mAP": 0.9301737964276064,
      "loss": 0.026319827839341354
    }
  ],
  "epoch_27": [
    "output/26_conv1d_feature_load/fold3/checkpoints/train.28.pth",
    0.026560950382952732,
    {
      "mAP": 0.9303906375886744,
      "loss": 0.026560950382952732
    }
  ],
  "epoch_28": [
    "output/26_conv1d_feature_load/fold3/checkpoints/train.29.pth",
    0.026631200032229782,
    {
      "mAP": 0.9270461809992927,
      "loss": 0.026631200032229782
    }
  ],
  "epoch_29": [
    "output/26_conv1d_feature_load/fold3/checkpoints/train.30.pth",
    0.026637254803921845,
    {
      "mAP": 0.9289537039080018,
      "loss": 0.026637254803921845
    }
  ],
  "epoch_30": [
    "output/26_conv1d_feature_load/fold3/checkpoints/train.31.pth",
    0.026660288971546278,
    {
      "mAP": 0.9289537039080018,
      "loss": 0.026660288971546278
    }
  ],
  "epoch_31": [
    "output/26_conv1d_feature_load/fold3/checkpoints/train.32.pth",
    0.026584028878274907,
    {
      "mAP": 0.9312988511318813,
      "loss": 0.026584028878274907
    }
  ],
  "epoch_32": [
    "output/26_conv1d_feature_load/fold3/checkpoints/train.33.pth",
    0.026725636151316748,
    {
      "mAP": 0.9294141384825224,
      "loss": 0.026725636151316748
    }
  ],
  "epoch_33": [
    "output/26_conv1d_feature_load/fold3/checkpoints/train.34.pth",
    0.026856281502120993,
    {
      "mAP": 0.9305935038871274,
      "loss": 0.026856281502120993
    }
  ],
  "epoch_34": [
    "output/26_conv1d_feature_load/fold3/checkpoints/train.35.pth",
    0.02811958156551141,
    {
      "mAP": 0.9296387770708213,
      "loss": 0.02811958156551141
    }
  ],
  "epoch_35": [
    "output/26_conv1d_feature_load/fold3/checkpoints/train.36.pth",
    0.03372390114181821,
    {
      "mAP": 0.9270425866023205,
      "loss": 0.03372390114181821
    }
  ],
  "epoch_36": [
    "output/26_conv1d_feature_load/fold3/checkpoints/train.37.pth",
    0.027473446990099622,
    {
      "mAP": 0.9260318930598087,
      "loss": 0.027473446990099622
    }
  ],
  "epoch_37": [
    "output/26_conv1d_feature_load/fold3/checkpoints/train.38.pth",
    0.035992150365925506,
    {
      "mAP": 0.9097066011516478,
      "loss": 0.035992150365925506
    }
  ],
  "epoch_38": [
    "output/26_conv1d_feature_load/fold3/checkpoints/train.39.pth",
    0.027592760089236213,
    {
      "mAP": 0.9205803305213144,
      "loss": 0.027592760089236213
    }
  ],
  "epoch_39": [
    "output/26_conv1d_feature_load/fold3/checkpoints/train.40.pth",
    0.029034581113038003,
    {
      "mAP": 0.9290302329360552,
      "loss": 0.029034581113038003
    }
  ],