{
    "metrics": {
        "conv1d_tune": {
            "Fold1 pr-auc": 0.8830729441886946,
            "Fold2 pr-auc": 0.9347474214936777,
            "Fold3 pr-auc": 0.8905364196410173,
            "Fold4 pr-auc": 0.8856349776124286,
            "Fold5 pr-auc": 0.9208955412944507,
            "oof pr-auc": 0.9038117825948631
        }
    },
    "importances": {}
}