{
  "best": {
    "mAP": 0.9602763978227189,
    "loss": 0.018413701397820895
  },
  "last": {
    "mAP": 0.9156163081628421,
    "loss": 0.03061684189212747
  },
  "train.48": {
    "mAP": 0.9602763978227189,
    "loss": 0.018413701397820895
  },
  "epoch_0": [
    "output/35_conv1d_param_tune/20200605-22:45:21/fold2/checkpoints/train.1.pth",
    0.575283352688967,
    {
      "mAP": 0.1068621329745868,
      "loss": 0.575283352688967
    }
  ],
  "epoch_1": [
    "output/35_conv1d_param_tune/20200605-22:45:21/fold2/checkpoints/train.2.pth",
    0.42436304552168674,
    {
      "mAP": 0.1971558143744553,
      "loss": 0.42436304552168674
    }
  ],
  "epoch_2": [
    "output/35_conv1d_param_tune/20200605-22:45:21/fold2/checkpoints/train.3.pth",
    0.26194018255806484,
    {
      "mAP": 0.6244180643872662,
      "loss": 0.26194018255806484
    }
  ],
  "epoch_3": [
    "output/35_conv1d_param_tune/20200605-22:45:21/fold2/checkpoints/train.4.pth",
    0.17658178755799314,
    {
      "mAP": 0.8347429897136679,
      "loss": 0.17658178755799314
    }
  ],
  "epoch_4": [
    "output/35_conv1d_param_tune/20200605-22:45:21/fold2/checkpoints/train.5.pth",
    0.14876071516507092,
    {
      "mAP": 0.8557808439048374,
      "loss": 0.14876071516507092
    }
  ],
  "epoch_5": [
    "output/35_conv1d_param_tune/20200605-22:45:21/fold2/checkpoints/train.6.pth",
    0.03950309346692427,
    {
      "mAP": 0.8784986966210745,
      "loss": 0.03950309346692427
    }
  ],
  "epoch_6": [
    "output/35_conv1d_param_tune/20200605-22:45:21/fold2/checkpoints/train.7.pth",
    0.04223880912825495,
    {
      "mAP": 0.897407450095382,
      "loss": 0.04223880912825495
    }
  ],
  "epoch_7": [
    "output/35_conv1d_param_tune/20200605-22:45:21/fold2/checkpoints/train.8.pth",
    0.03146181533034207,
    {
      "mAP": 0.9147065334360384,
      "loss": 0.03146181533034207
    }
  ],
  "epoch_8": [
    "output/35_conv1d_param_tune/20200605-22:45:21/fold2/checkpoints/train.9.pth",
    0.030793265455227693,
    {
      "mAP": 0.9173751892850808,
      "loss": 0.030793265455227693
    }
  ],
  "epoch_9": [
    "output/35_conv1d_param_tune/20200605-22:45:21/fold2/checkpoints/train.10.pth",
    0.03175304006101224,
    {
      "mAP": 0.9023217833064251,
      "loss": 0.03175304006101224
    }
  ],
  "epoch_10": [
    "output/35_conv1d_param_tune/20200605-22:45:21/fold2/checkpoints/train.11.pth",
    0.029449830187463326,
    {
      "mAP": 0.9172982078331933,
      "loss": 0.029449830187463326
    }
  ],
  "epoch_11": [
    "output/35_conv1d_param_tune/20200605-22:45:21/fold2/checkpoints/train.12.pth",
    0.041014885483528836,
    {
      "mAP": 0.8716441687300234,
      "loss": 0.041014885483528836
    }
  ],
  "epoch_12": [
    "output/35_conv1d_param_tune/20200605-22:45:21/fold2/checkpoints/train.13.pth",
    0.031455903386079634,
    {
      "mAP": 0.9165314519916501,
      "loss": 0.031455903386079634
    }
  ],
  "epoch_13": [
    "output/35_conv1d_param_tune/20200605-22:45:21/fold2/checkpoints/train.14.pth",
    0.03031197301141552,
    {
      "mAP": 0.9194205561698301,
      "loss": 0.03031197301141552
    }
  ],
  "epoch_14": [
    "output/35_conv1d_param_tune/20200605-22:45:21/fold2/checkpoints/train.15.pth",
    0.03282640654175331,
    {
      "mAP": 0.9196550338878757,
      "loss": 0.03282640654175331
    }
  ],
  "epoch_15": [
    "output/35_conv1d_param_tune/20200605-22:45:21/fold2/checkpoints/train.16.pth",
    0.04640291827757766,
    {
      "mAP": 0.8660424371152973,
      "loss": 0.04640291827757766
    }
  ],
  "epoch_16": [
    "output/35_conv1d_param_tune/20200605-22:45:21/fold2/checkpoints/train.17.pth",
    0.03635143392193854,
    {
      "mAP": 0.8861393190648558,
      "loss": 0.03635143392193854
    }
  ],
  "epoch_17": [
    "output/35_conv1d_param_tune/20200605-22:45:21/fold2/checkpoints/train.18.pth",
    0.03190920784538355,
    {
      "mAP": 0.9369854095251388,
      "loss": 0.03190920784538355
    }
  ],
  "epoch_18": [
    "output/35_conv1d_param_tune/20200605-22:45:21/fold2/checkpoints/train.19.pth",
    0.037896218152858305,
    {
      "mAP": 0.9468840271224102,
      "loss": 0.037896218152858305
    }
  ],
  "epoch_19": [
    "output/35_conv1d_param_tune/20200605-22:45:21/fold2/checkpoints/train.20.pth",
    0.02952636047952233,
    {
      "mAP": 0.9307817408451701,
      "loss": 0.02952636047952233
    }
  ],
  "epoch_20": [
    "output/35_conv1d_param_tune/20200605-22:45:21/fold2/checkpoints/train.21.pth",
    0.056498631812436674,
    {
      "mAP": 0.8844900279206681,
      "loss": 0.056498631812436674
    }
  ],
  "epoch_21": [
    "output/35_conv1d_param_tune/20200605-22:45:21/fold2/checkpoints/train.22.pth",
    0.029625974598678273,
    {
      "mAP": 0.9307912711670158,
      "loss": 0.029625974598678273
    }
  ],
  "epoch_22": [
    "output/35_conv1d_param_tune/20200605-22:45:21/fold2/checkpoints/train.23.pth",
    0.030415073474311716,
    {
      "mAP": 0.9262363171848199,
      "loss": 0.030415073474311716
    }
  ],
  "epoch_23": [
    "output/35_conv1d_param_tune/20200605-22:45:21/fold2/checkpoints/train.24.pth",
    0.02669110722719581,
    {
      "mAP": 0.9330501639008515,
      "loss": 0.02669110722719581
    }
  ],
  "epoch_24": [
    "output/35_conv1d_param_tune/20200605-22:45:21/fold2/checkpoints/train.25.pth",
    0.02861414923286911,
    {
      "mAP": 0.9115484613161482,
      "loss": 0.02861414923286911
    }
  ],
  "epoch_25": [
    "output/35_conv1d_param_tune/20200605-22:45:21/fold2/checkpoints/train.26.pth",
    0.028754304723705153,
    {
      "mAP": 0.9384841100920612,
      "loss": 0.028754304723705153
    }
  ],
  "epoch_26": [
    "output/35_conv1d_param_tune/20200605-22:45:21/fold2/checkpoints/train.27.pth",
    0.0244766530094176,
    {
      "mAP": 0.9415257020265604,
      "loss": 0.0244766530094176
    }
  ],
  "epoch_27": [
    "output/35_conv1d_param_tune/20200605-22:45:21/fold2/checkpoints/train.28.pth",
    0.026834649499818914,
    {
      "mAP": 0.927892332209271,
      "loss": 0.026834649499818914
    }
  ],
  "epoch_28": [
    "output/35_conv1d_param_tune/20200605-22:45:21/fold2/checkpoints/train.29.pth",
    0.03364202994965994,
    {
      "mAP": 0.9016023328618927,
      "loss": 0.03364202994965994
    }
  ],
  "epoch_29": [
    "output/35_conv1d_param_tune/20200605-22:45:21/fold2/checkpoints/train.30.pth",
    0.021485241866534638,
    {
      "mAP": 0.9538955067016804,
      "loss": 0.021485241866534638
    }
  ],
  "epoch_30": [
    "output/35_conv1d_param_tune/20200605-22:45:21/fold2/checkpoints/train.31.pth",
    0.02880325195553043,
    {
      "mAP": 0.9220302498440692,
      "loss": 0.02880325195553043
    }
  ],
  "epoch_31": [
    "output/35_conv1d_param_tune/20200605-22:45:21/fold2/checkpoints/train.32.pth",
    0.025780650359285943,
    {
      "mAP": 0.9334049635295367,
      "loss": 0.025780650359285943
    }
  ],
  "epoch_32": [
    "output/35_conv1d_param_tune/20200605-22:45:21/fold2/checkpoints/train.33.pth",
    0.02406411030077361,
    {
      "mAP": 0.937829810310857,
      "loss": 0.02406411030077361
    }
  ],
  "epoch_33": [
    "output/35_conv1d_param_tune/20200605-22:45:21/fold2/checkpoints/train.34.pth",
    0.025305534291463806,
    {
      "mAP": 0.9410682514405111,
      "loss": 0.025305534291463806
    }
  ],
  "epoch_34": [
    "output/35_conv1d_param_tune/20200605-22:45:21/fold2/checkpoints/train.35.pth",
    0.027692363931275728,
    {
      "mAP": 0.920110992653078,
      "loss": 0.027692363931275728
    }
  ],
  "epoch_35": [
    "output/35_conv1d_param_tune/20200605-22:45:21/fold2/checkpoints/train.36.pth",
    0.020337226727968626,
    {
      "mAP": 0.9541911483047727,
      "loss": 0.020337226727968626
    }
  ],
  "epoch_36": [
    "output/35_conv1d_param_tune/20200605-22:45:21/fold2/checkpoints/train.37.pth",
    0.023909735526556366,
    {
      "mAP": 0.9563400904543728,
      "loss": 0.023909735526556366
    }
  ],