{
  "best": {
    "mAP": 0.8393829056820566,
    "loss": 0.03589375501358381
  },
  "last": {
    "mAP": 0.8300902277318892,
    "loss": 0.03750709912949993
  },
  "train.47": {
    "mAP": 0.8393829056820566,
    "loss": 0.03589375501358381
  },
  "epoch_0": [
    "output/39_peak_aug/20200606-10:40:56/fold1/checkpoints/train.1.pth",
    0.5892792606866488,
    {
      "mAP": 0.164849910863314,
      "loss": 0.5892792606866488
    }
  ],
  "epoch_1": [
    "output/39_peak_aug/20200606-10:40:56/fold1/checkpoints/train.2.pth",
    0.43101264776722076,
    {
      "mAP": 0.22967787243429302,
      "loss": 0.43101264776722076
    }
  ],
  "epoch_2": [
    "output/39_peak_aug/20200606-10:40:56/fold1/checkpoints/train.3.pth",
    0.286294037295926,
    {
      "mAP": 0.5934730165751669,
      "loss": 0.286294037295926
    }
  ],
  "epoch_3": [
    "output/39_peak_aug/20200606-10:40:56/fold1/checkpoints/train.4.pth",
    0.18394727171749198,
    {
      "mAP": 0.7265569967580141,
      "loss": 0.18394727171749198
    }
  ],
  "epoch_4": [
    "output/39_peak_aug/20200606-10:40:56/fold1/checkpoints/train.5.pth",
    0.10225706603578343,
    {
      "mAP": 0.8159927188565741,
      "loss": 0.10225706603578343
    }
  ],
  "epoch_5": [
    "output/39_peak_aug/20200606-10:40:56/fold1/checkpoints/train.6.pth",
    0.049763297201484764,
    {
      "mAP": 0.8103570967574661,
      "loss": 0.049763297201484764
    }
  ],
  "epoch_6": [
    "output/39_peak_aug/20200606-10:40:56/fold1/checkpoints/train.7.pth",
    0.05082448155328791,
    {
      "mAP": 0.81590534374395,
      "loss": 0.05082448155328791
    }
  ],
  "epoch_7": [
    "output/39_peak_aug/20200606-10:40:56/fold1/checkpoints/train.8.pth",
    0.04556728679166045,
    {
      "mAP": 0.8080032765672758,
      "loss": 0.04556728679166045
    }
  ],
  "epoch_8": [
    "output/39_peak_aug/20200606-10:40:56/fold1/checkpoints/train.9.pth",
    0.044499109188715615,
    {
      "mAP": 0.825786318841286,
      "loss": 0.044499109188715615
    }
  ],
  "epoch_9": [
    "output/39_peak_aug/20200606-10:40:56/fold1/checkpoints/train.10.pth",
    0.043856870663422406,
    {
      "mAP": 0.8060419105463756,
      "loss": 0.043856870663422406
    }
  ],
  "epoch_10": [
    "output/39_peak_aug/20200606-10:40:56/fold1/checkpoints/train.11.pth",
    0.04277738460129307,
    {
      "mAP": 0.820507694089822,
      "loss": 0.04277738460129307
    }
  ],
  "epoch_11": [
    "output/39_peak_aug/20200606-10:40:56/fold1/checkpoints/train.12.pth",
    0.04244522437933953,
    {
      "mAP": 0.8215675331079361,
      "loss": 0.04244522437933953
    }
  ],
  "epoch_12": [
    "output/39_peak_aug/20200606-10:40:56/fold1/checkpoints/train.13.pth",
    0.043208055438533906,
    {
      "mAP": 0.8114591036617781,
      "loss": 0.043208055438533906
    }
  ],
  "epoch_13": [
    "output/39_peak_aug/20200606-10:40:56/fold1/checkpoints/train.14.pth",
    0.04377896050291677,
    {
      "mAP": 0.8005449357830479,
      "loss": 0.04377896050291677
    }
  ],
  "epoch_14": [
    "output/39_peak_aug/20200606-10:40:56/fold1/checkpoints/train.15.pth",
    0.04216323276200602,
    {
      "mAP": 0.8175038617855377,
      "loss": 0.04216323276200602
    }
  ],
  "epoch_15": [
    "output/39_peak_aug/20200606-10:40:56/fold1/checkpoints/train.16.pth",
    0.04417409868009629,
    {
      "mAP": 0.8131293635803164,
      "loss": 0.04417409868009629
    }
  ],
  "epoch_16": [
    "output/39_peak_aug/20200606-10:40:56/fold1/checkpoints/train.17.pth",
    0.040150906690346294,
    {
      "mAP": 0.8249190053205198,
      "loss": 0.040150906690346294
    }
  ],
  "epoch_17": [
    "output/39_peak_aug/20200606-10:40:56/fold1/checkpoints/train.18.pth",
    0.04185541719198227,
    {
      "mAP": 0.7680232199350435,
      "loss": 0.04185541719198227
    }
  ],
  "epoch_18": [
    "output/39_peak_aug/20200606-10:40:56/fold1/checkpoints/train.19.pth",
    0.0758678416411082,
    {
      "mAP": 0.7932716024848979,
      "loss": 0.0758678416411082
    }
  ],
  "epoch_19": [
    "output/39_peak_aug/20200606-10:40:56/fold1/checkpoints/train.20.pth",
    0.04322739201848225,
    {
      "mAP": 0.8267429842315314,
      "loss": 0.04322739201848225
    }
  ],
  "epoch_20": [
    "output/39_peak_aug/20200606-10:40:56/fold1/checkpoints/train.21.pth",
    0.04633367862752689,
    {
      "mAP": 0.7561137717328448,
      "loss": 0.04633367862752689
    }
  ],
  "epoch_21": [
    "output/39_peak_aug/20200606-10:40:56/fold1/checkpoints/train.22.pth",
    0.04027079915006956,
    {
      "mAP": 0.8205351670476405,
      "loss": 0.04027079915006956
    }
  ],
  "epoch_22": [
    "output/39_peak_aug/20200606-10:40:56/fold1/checkpoints/train.23.pth",
    0.053040837248166404,
    {
      "mAP": 0.7940924632797011,
      "loss": 0.053040837248166404
    }
  ],
  "epoch_23": [
    "output/39_peak_aug/20200606-10:40:56/fold1/checkpoints/train.24.pth",
    0.03908727594440983,
    {
      "mAP": 0.8228979676191983,
      "loss": 0.03908727594440983
    }
  ],
  "epoch_24": [
    "output/39_peak_aug/20200606-10:40:56/fold1/checkpoints/train.25.pth",
    0.04412434782872918,
    {
      "mAP": 0.783854958783497,
      "loss": 0.04412434782872918
    }
  ],
  "epoch_25": [
    "output/39_peak_aug/20200606-10:40:56/fold1/checkpoints/train.26.pth",
    0.040739115768222395,
    {
      "mAP": 0.8192848168295386,
      "loss": 0.040739115768222395
    }
  ],
  "epoch_26": [
    "output/39_peak_aug/20200606-10:40:56/fold1/checkpoints/train.27.pth",
    0.038245226506904886,
    {
      "mAP": 0.8225435023841694,
      "loss": 0.038245226506904886
    }
  ],
  "epoch_27": [
    "output/39_peak_aug/20200606-10:40:56/fold1/checkpoints/train.28.pth",
    0.03949519723493566,
    {
      "mAP": 0.8174445595124772,
      "loss": 0.03949519723493566
    }
  ],
  "epoch_28": [
    "output/39_peak_aug/20200606-10:40:56/fold1/checkpoints/train.29.pth",
    0.03747157035495645,
    {
      "mAP": 0.8275419353413606,
      "loss": 0.03747157035495645
    }
  ],
  "epoch_29": [
    "output/39_peak_aug/20200606-10:40:56/fold1/checkpoints/train.30.pth",
    0.039591360877278034,
    {
      "mAP": 0.8187928900394007,
      "loss": 0.039591360877278034
    }
  ],
  "epoch_30": [
    "output/39_peak_aug/20200606-10:40:56/fold1/checkpoints/train.31.pth",
    0.0413711364230802,
    {
      "mAP": 0.7981190765861712,
      "loss": 0.0413711364230802
    }
  ],
  "epoch_31": [
    "output/39_peak_aug/20200606-10:40:56/fold1/checkpoints/train.32.pth",
    0.03705433583868447,
    {
      "mAP": 0.8378647690705666,
      "loss": 0.03705433583868447
    }
  ],
  "epoch_32": [
    "output/39_peak_aug/20200606-10:40:56/fold1/checkpoints/train.33.pth",
    0.03997333856519832,
    {
      "mAP": 0.8066420786867781,
      "loss": 0.03997333856519832
    }
  ],
  "epoch_33": [
    "output/39_peak_aug/20200606-10:40:56/fold1/checkpoints/train.34.pth",
    0.03755272844786285,
    {
      "mAP": 0.8290011861315377,
      "loss": 0.03755272844786285
    }
  ],
  "epoch_34": [
    "output/39_peak_aug/20200606-10:40:56/fold1/checkpoints/train.35.pth",
    0.04672303980076185,
    {
      "mAP": 0.8457418872561193,
      "loss": 0.04672303980076185
    }
  ],
  "epoch_35": [
    "output/39_peak_aug/20200606-10:40:56/fold1/checkpoints/train.36.pth",
    0.03875018155542753,
    {
      "mAP": 0.8154575477489251,
      "loss": 0.03875018155542753
    }
  ],
  "epoch_36": [
    "output/39_peak_aug/20200606-10:40:56/fold1/checkpoints/train.37.pth",
    0.040516096297451246,
    {
      "mAP": 0.7867017710011746,
      "loss": 0.040516096297451246
    }
  ],
  "epoch_37": [
    "output/39_peak_aug/20200606-10:40:56/fold1/checkpoints/train.38.pth",
    0.04281073980914649,
    {
      "mAP": 0.8197694902228675,
      "loss": 0.04281073980914649
    }
  ],
  "epoch_38": [
    "output/39_peak_aug/20200606-10:40:56/fold1/checkpoints/train.39.pth",
    0.038383456728150765,
    {
      "mAP": 0.8508669240536886,