{
    "metrics": {
        "lgbm_av": {
            "Fold1 auc": 0.8447986646144592,
            "Fold2 auc": 0.845990340965372,
            "Fold3 auc": 0.8537048890669352,
            "Fold4 auc": 0.829470206688407,
            "Fold5 auc": 0.8510508753264339,
            "oof auc": 0.8446726798252646
        },
        "lgbm_vsb_1st_tuned": {
            "Fold1 pr-auc": 0.8857729829072635,
            "Fold2 pr-auc": 0.8680531582969888,
            "Fold3 pr-auc": 0.896890912785917,
            "Fold4 pr-auc": 0.8415800025773075,
            "Fold5 pr-auc": 0.857114221000837,
            "oof pr-auc": 0.8631343821035877
        }
    },
    "importances": {
        "lgbm_av": {
            "params0": 63608.91286656141,
            "params2": 33020.73491333135,
            "rms": 32712.751813688174,
            "params5": 22042.291202060216,
            "params6": 12974.710528027834,
            "spectrum_skew": 12510.273761793522,
            "spectrum_kurt": 10863.139965926814,
            "max_steapness_span_1": 10501.774713771683,
            "highest_peak_inverse_fw_0.5": 9294.326268416882,
            "params4": 8455.766473402988,
            "highest_peak_inverse_fw_0.66": 7523.923197306239,
            "highest_peak_inverse_fw_0.33": 6858.057500458248,
            "max_inverse_fw_0.33": 6762.926773387209,
            "max_steapness_span_3": 6732.27799366702,
            "max_steapness_span_2": 6551.526586011403,
            "max_steapness_span_4": 6398.174751627683,
            "beta": 6337.259604198459,
            "spectrum_std": 6279.828570097027,
            "max_inverse_fw_0.5": 6214.518373364384,
            "max_inverse_fw_0.66": 6190.945112242689,
            "highest_peak_steapness_span_1": 6173.374663108983,
            "highest_peak_inverse_fw_0.8": 5943.076771140151,
            "highest_peak_inverse_fw_0.75": 5904.913910630613,
            "params3": 5881.6044029859195,
            "max_inverse_hw_0.33": 5873.353332726738,
            "highest_peak_inverse_hw_0.8": 5793.636277247211,
            "params1": 5763.935383671825,
            "max_inverse_fw_0.8": 5749.564294602663,
            "highest_peak_inverse_hw_0.33": 5587.007368068203,
            "highest_peak_inverse_hw_0.5": 5586.791072988161,
            "max_inverse_hw_0.5": 5338.992496148023,
            "highest_peak_steapness_span_2": 5028.544020569771,
            "windowed_mean_max_ws_15": 4753.4777002693445,
            "max_inverse_fw_0.75": 4735.198304024839,
            "max_inverse_hw_0.75": 4696.1443996969,
            "max_inverse_hw_0.66": 4692.66582405006,
            "highest_peak_inverse_hw_0.66": 4618.317864753271,
            "max_inverse_hw_0.8": 4598.407759375316,
            "highest_peak_inverse_hw_0.75": 4469.581543683237,
            "max_steapness_span_5": 4362.033686208818,
            "highest_peak_steapness_span_4": 4029.105687766895,
            "max_threshed": 4010.477808475498,
            "highest_peak_steapness_span_3": 3954.745180542133,
            "windowed_mean_max_ws_10": 3684.4171345992686,
            "highest_peak_steapness_span_5": 3673.9584330655002,
            "windowed_mean_max_ws_3": 2985.0027867997646,
            "windowed_mean_max_ws_5": 2726.4887377858686,
            "windowed_mean_max_ws_7": 2525.5270397481745
        },
        "lgbm_vsb_1st_tuned": {
            "max_steapness_span_1": 12382.34012088753,
            "max_steapness_span_2": 2804.940019297829,
            "highest_peak_steapness_span_1": 2738.5162481811694,
            "params2": 1980.9666200428317,
            "params0": 1851.4772045485718,
            "max_inverse_fw_0.8": 1755.1215320052213,
            "params4": 1470.8857325659624,
            "max_steapness_span_3": 1408.4663664602854,
            "max_inverse_fw_0.75": 1399.100680379007,
            "highest_peak_inverse_fw_0.66": 1371.1675575278537,
            "params5": 1250.836316549861,
            "max_inverse_hw_0.5": 1220.251029315818,
            "max_inverse_hw_0.66": 1204.985553086228,
            "max_inverse_fw_0.33": 1175.2780382958783,
            "highest_peak_inverse_fw_0.8": 1070.4391652826853,
            "params3": 935.5651038924327,
            "highest_peak_inverse_fw_0.75": 929.9870959320062,
            "params6": 900.1674612684606,
            "highest_peak_steapness_span_2": 872.8764288992363,
            "max_inverse_hw_0.33": 821.6501670632242,
            "max_inverse_fw_0.66": 797.6182901274822,
            "highest_peak_inverse_hw_0.33": 789.0590334436756,
            "rms": 782.6489335302841,
            "highest_peak_inverse_hw_0.5": 704.3334025815965,
            "max_inverse_hw_0.75": 694.8264964298243,
            "spectrum_skew": 654.9472686568585,
            "highest_peak_steapness_span_4": 546.1434344763233,
            "highest_peak_steapness_span_3": 488.6673870085415,
            "spectrum_kurt": 429.4016795421932,
            "params1": 413.96811082275053,
            "highest_peak_inverse_fw_0.33": 369.48264093221553,
            "highest_peak_inverse_fw_0.5": 361.6268005354635,
            "max_inverse_hw_0.8": 357.5493590189777,
            "max_threshed": 342.9736844493011,
            "beta": 339.42090688381427,
            "max_inverse_fw_0.5": 327.85709257299715,
            "highest_peak_inverse_hw_0.66": 309.92543282018084,
            "max_steapness_span_4": 279.4348458336612,
            "spectrum_std": 264.981966774099,
            "max_steapness_span_5": 253.14148901737423,
            "highest_peak_steapness_span_5": 247.8332373370755,
            "windowed_mean_max_ws_10": 225.95808418406304,
            "highest_peak_inverse_hw_0.8": 207.0167437057559,
            "windowed_mean_max_ws_15": 205.3277188531676,
            "windowed_mean_max_ws_3": 204.21916997059233,
            "highest_peak_inverse_hw_0.75": 177.09347847436527,
            "windowed_mean_max_ws_7": 174.51920866615907,
            "windowed_mean_max_ws_5": 156.27004078134343
        }
    }
}