{
    "metrics": {
        "lgbm_av": {
            "Fold1 auc": 0.8759313874112253,
            "Fold2 auc": 0.8741378019052313,
            "Fold3 auc": 0.8718970698304737,
            "Fold4 auc": 0.8594358150848755,
            "Fold5 auc": 0.8772231356997775,
            "oof auc": 0.8713836978503482
        },
        "lgbm_vsb_1st": {
            "Fold1 pr-auc": 0.8620108189183774,
            "Fold2 pr-auc": 0.8534914759978851,
            "Fold3 pr-auc": 0.8826301585360461,
            "Fold4 pr-auc": 0.7851646961901502,
            "Fold5 pr-auc": 0.8607904622243837,
            "oof pr-auc": 0.8294148737738875
        }
    },
    "importances": {
        "lgbm_av": {
            "spectrum_mean": 82199.0350942036,
            "spectrum_nunique": 41662.61932207488,
            "highest_peak_positions": 37179.58609093853,
            "params0": 27688.010741641483,
            "params2": 24730.566419172148,
            "rms": 24414.916161329456,
            "spectrum_min": 24318.64001141119,
            "highest_peak_fwhm_inverse": 17449.750468611026,
            "params5": 17379.154128037684,
            "spectrum_std": 16388.06426467428,
            "params6": 15305.495553595096,
            "spectrum_max": 11941.999482495434,
            "spectrum_skew": 11156.873592456823,
            "spectrum_kurt": 10771.10548923746,
            "params4": 10173.141774477557,
            "params3": 9419.354911967832,
            "max_fwhm_inverse": 9346.472327180556,
            "params1": 8947.87860918414,
            "beta": 8312.429841343646,
            "exc_wl": 8039.302988302252,
            "mean_fwhm_inverse": 8025.051035555225,
            "num_peaks": 1483.100677552479
        },
        "lgbm_vsb_1st": {
            "highest_peak_fwhm_inverse": 12745.575432293657,
            "spectrum_max": 5170.314092044749,
            "params3": 4508.191739283809,
            "params2": 3594.6036501740605,
            "params1": 3368.1092752867044,
            "params6": 3235.1633339834,
            "beta": 2813.7227582311953,
            "params4": 2102.4447374022393,
            "spectrum_kurt": 2024.5957679847952,
            "mean_fwhm_inverse": 1913.63027168272,
            "spectrum_skew": 1784.3424980825448,
            "highest_peak_positions": 1636.9454729785173,
            "params5": 1538.6933209873114,
            "max_fwhm_inverse": 1383.7118529203353,
            "spectrum_std": 1321.988239486254,
            "spectrum_min": 1274.0476303030243,
            "spectrum_nunique": 1272.3929126221167,
            "params0": 1263.47293386741,
            "rms": 1213.7272441611615,
            "spectrum_mean": 1180.7800417509523,
            "exc_wl": 765.6720403976618,
            "num_peaks": 30.852231880068018
        }
    }
}