{
    "metrics": {
        "lgbm_av": {
            "Fold1 auc": 0.8467333682460056,
            "Fold2 auc": 0.8417010337921254,
            "Fold3 auc": 0.8488574791823607,
            "Fold4 auc": 0.8282186349640549,
            "Fold5 auc": 0.8476535448302545,
            "oof auc": 0.8425260922356391
        },
        "lgbm_vsb_1st_tuned": {
            "Fold1 pr-auc": 0.03225806451612903,
            "Fold2 pr-auc": 0.03160726294552791,
            "Fold3 pr-auc": 0.03160726294552791,
            "Fold4 pr-auc": 0.03160726294552791,
            "Fold5 pr-auc": 0.03160726294552791,
            "oof pr-auc": 0.03173749327595481
        }
    },
    "importances": {
        "lgbm_av": {
            "params0": 63189.37538781369,
            "params2": 40136.69313473461,
            "rms": 35566.05138071106,
            "params5": 26313.676096159194,
            "spectrum_skew": 17794.585166250574,
            "params6": 16584.478780816462,
            "spectrum_kurt": 14879.097003463616,
            "max_threshed": 14790.476168143789,
            "spectrum_std": 13840.983683011273,
            "params4": 11180.207110709318,
            "max_inverse_fw_0.66": 9076.861906795171,
            "params1": 8788.485341197773,
            "max_inverse_fw_0.5": 8578.454583470777,
            "highest_peak_inverse_fw_0.66": 8542.694929161637,
            "beta": 8314.23718321803,
            "highest_peak_inverse_fw_0.5": 7999.155440635122,
            "highest_peak_inverse_fw_0.8": 7992.680285953148,
            "params3": 7867.924174743662,
            "highest_peak_inverse_hw_0.8": 7858.537806325816,
            "highest_peak_inverse_hw_0.66": 7444.57479500935,
            "highest_peak_inverse_fw_0.75": 7370.151760653628,
            "max_inverse_fw_0.8": 7302.252129919984,
            "max_inverse_hw_0.5": 7128.027770994824,
            "max_inverse_hw_0.8": 6722.082398832506,
            "highest_peak_inverse_hw_0.5": 6637.122628678177,
            "max_inverse_fw_0.75": 6588.795729903213,
            "highest_peak_inverse_hw_0.75": 6544.250853059453,
            "max_inverse_hw_0.66": 6310.211829621689,
            "max_inverse_hw_0.75": 6224.408111041497
        },
        "lgbm_vsb_1st_tuned": {
            "beta": 0.0,
            "max_inverse_hw_0.75": 0.0,
            "spectrum_skew": 0.0,
            "spectrum_kurt": 0.0,
            "rms": 0.0,
            "params6": 0.0,
            "params5": 0.0,
            "params4": 0.0,
            "params3": 0.0,
            "params2": 0.0,
            "params1": 0.0,
            "params0": 0.0,
            "max_threshed": 0.0,
            "max_inverse_hw_0.8": 0.0,
            "max_inverse_hw_0.66": 0.0,
            "highest_peak_inverse_fw_0.5": 0.0,
            "max_inverse_hw_0.5": 0.0,
            "max_inverse_fw_0.8": 0.0,
            "max_inverse_fw_0.75": 0.0,
            "max_inverse_fw_0.66": 0.0,
            "max_inverse_fw_0.5": 0.0,
            "highest_peak_inverse_hw_0.8": 0.0,
            "highest_peak_inverse_hw_0.75": 0.0,
            "highest_peak_inverse_hw_0.66": 0.0,
            "highest_peak_inverse_hw_0.5": 0.0,
            "highest_peak_inverse_fw_0.8": 0.0,
            "highest_peak_inverse_fw_0.75": 0.0,
            "highest_peak_inverse_fw_0.66": 0.0,
            "spectrum_std": 0.0
        }
    }
}