{
    "metrics": {
        "conv1d_tune": {
            "Fold1 pr-auc": 0.7904794722024009,
            "Fold2 pr-auc": 0.9047594656576015,
            "Fold3 pr-auc": 0.8681474749296499,
            "Fold4 pr-auc": 0.8247162075443719,
            "Fold5 pr-auc": 0.917085959226324,
            "oof pr-auc": 0.8565780736419069
        }
    },
    "importances": {}
}