{
    "metrics": {
        "lgbm_av": {
            "Fold1 auc": 0.7803920373962109,
            "Fold2 auc": 0.790317530495539,
            "Fold3 auc": 0.80298295447673,
            "Fold4 auc": 0.7804788689586013,
            "Fold5 auc": 0.7919378082986748,
            "oof auc": 0.7887763943920999
        },
        "lgbm_vsb_1st_tuned": {
            "Fold1 pr-auc": 0.8035554035692379,
            "Fold2 pr-auc": 0.8369593137702446,
            "Fold3 pr-auc": 0.8848090417932932,
            "Fold4 pr-auc": 0.8013252575352352,
            "Fold5 pr-auc": 0.8332538938654859,
            "oof pr-auc": 0.8287147275457101
        }
    },
    "importances": {
        "lgbm_av": {
            "spectrum_skew": 35797.96174356104,
            "spectrum_kurt": 27875.41723925609,
            "max_threshed": 19616.57992009974,
            "spectrum_std": 13863.651333830974,
            "highest_peak_inverse_fw_0.5": 13822.75579535203,
            "max_steapness_span_1": 12698.36555246331,
            "highest_peak_inverse_fw_0.33": 12276.302470706818,
            "max_steapness_span_3": 11935.791969295737,
            "highest_peak_inverse_fw_0.66": 11507.458231390245,
            "max_inverse_fw_0.33": 11107.99577238236,
            "max_inverse_hw_0.33": 9189.690728970512,
            "max_inverse_fw_0.66": 9039.085833856301,
            "highest_peak_inverse_hw_0.33": 8962.806068851367,
            "highest_peak_inverse_fw_0.8": 8585.405785918865,
            "max_inverse_fw_0.5": 8371.50171220501,
            "highest_peak_inverse_hw_0.8": 7849.148018887896,
            "max_steapness_span_5": 7654.205744769567,
            "highest_peak_steapness_span_1": 7100.693085810233,
            "highest_peak_inverse_fw_0.75": 7066.267575591071,
            "highest_peak_inverse_hw_0.5": 6978.475415581179,
            "max_inverse_fw_0.8": 6922.422158322891,
            "highest_peak_steapness_span_5": 6849.178634631353,
            "max_inverse_fw_0.75": 6795.585114138638,
            "highest_peak_steapness_span_3": 6786.962531979938,
            "max_inverse_hw_0.5": 6668.383893982855,
            "max_inverse_hw_0.8": 6288.338406581378,
            "max_inverse_hw_0.75": 6154.031212036576,
            "highest_peak_inverse_hw_0.66": 6139.508719034175,
            "max_inverse_hw_0.66": 6052.168172472103,
            "highest_peak_inverse_hw_0.75": 5831.778017981652,
            "highest_peak_steapness_span_10": 5488.086897325685,
            "highest_peak_steapness_span_15": 5318.794134731942,
            "max_steapness_span_10": 4190.516000310681,
            "max_steapness_span_15": 3982.6333499334987
        },
        "lgbm_vsb_1st_tuned": {
            "max_steapness_span_1": 12271.753719107965,
            "highest_peak_steapness_span_1": 3935.2375778197916,
            "max_steapness_span_3": 2636.8674847775937,
            "highest_peak_inverse_fw_0.66": 2441.7641819260452,
            "max_inverse_fw_0.8": 2262.356291361912,
            "max_inverse_fw_0.33": 1929.4675204346868,
            "max_inverse_fw_0.75": 1637.5484778008547,
            "spectrum_skew": 1504.2534898277409,
            "max_inverse_hw_0.66": 1488.5686868592038,
            "max_inverse_hw_0.5": 1393.719454735593,
            "highest_peak_inverse_hw_0.33": 1255.4221476237633,
            "highest_peak_steapness_span_3": 1250.5680682840546,
            "highest_peak_inverse_fw_0.8": 1169.8546820969837,
            "highest_peak_steapness_span_15": 1120.6474707537454,
            "max_inverse_hw_0.33": 1074.740557864742,
            "highest_peak_inverse_hw_0.5": 1063.3252911506445,
            "highest_peak_inverse_fw_0.75": 1044.9940461703,
            "highest_peak_inverse_fw_0.33": 1043.922401917826,
            "spectrum_std": 898.0523060077095,
            "max_inverse_hw_0.75": 888.6969716744148,
            "max_inverse_fw_0.66": 880.2956695256423,
            "spectrum_kurt": 878.425370441292,
            "highest_peak_inverse_fw_0.5": 836.0763049384587,
            "max_inverse_fw_0.5": 634.7196997857812,
            "highest_peak_steapness_span_5": 632.8127832237209,
            "max_threshed": 553.6285714153382,
            "highest_peak_inverse_hw_0.66": 512.6088776406854,
            "highest_peak_steapness_span_10": 510.31912575250084,
            "max_inverse_hw_0.8": 499.7834436382844,
            "max_steapness_span_5": 477.3091252365102,
            "max_steapness_span_15": 357.1253921168187,
            "highest_peak_inverse_hw_0.8": 331.24368653767016,
            "highest_peak_inverse_hw_0.75": 299.0572416527681,
            "max_steapness_span_10": 262.5758151453847
        }
    }
}