{
  "best": {
    "mAP": 0.8810050118201558,
    "loss": 0.029951087079526355
  },
  "last": {
    "mAP": 0.8842202982849552,
    "loss": 0.03319874552041593
  },
  "train.37": {
    "mAP": 0.8810050118201558,
    "loss": 0.029951087079526355
  },
  "epoch_0": [
    "output/35_conv1d_param_tune/20200605-23:56:20/fold3/checkpoints/train.1.pth",
    0.4740503372645811,
    {
      "mAP": 0.07113119144595978,
      "loss": 0.4740503372645811
    }
  ],
  "epoch_1": [
    "output/35_conv1d_param_tune/20200605-23:56:20/fold3/checkpoints/train.2.pth",
    0.18258352776101233,
    {
      "mAP": 0.08004064874144601,
      "loss": 0.18258352776101233
    }
  ],
  "epoch_2": [
    "output/35_conv1d_param_tune/20200605-23:56:20/fold3/checkpoints/train.3.pth",
    0.13447175361842378,
    {
      "mAP": 0.3798802305906064,
      "loss": 0.13447175361842378
    }
  ],
  "epoch_3": [
    "output/35_conv1d_param_tune/20200605-23:56:20/fold3/checkpoints/train.4.pth",
    0.10943907720275428,
    {
      "mAP": 0.6944853482339617,
      "loss": 0.10943907720275428
    }
  ],
  "epoch_4": [
    "output/35_conv1d_param_tune/20200605-23:56:20/fold3/checkpoints/train.5.pth",
    0.0698114969061779,
    {
      "mAP": 0.7788703937622454,
      "loss": 0.0698114969061779
    }
  ],
  "epoch_5": [
    "output/35_conv1d_param_tune/20200605-23:56:20/fold3/checkpoints/train.6.pth",
    0.06408152707727788,
    {
      "mAP": 0.7708305800051087,
      "loss": 0.06408152707727788
    }
  ],
  "epoch_6": [
    "output/35_conv1d_param_tune/20200605-23:56:20/fold3/checkpoints/train.7.pth",
    0.04452208880517975,
    {
      "mAP": 0.77634606329122,
      "loss": 0.04452208880517975
    }
  ],
  "epoch_7": [
    "output/35_conv1d_param_tune/20200605-23:56:20/fold3/checkpoints/train.8.pth",
    0.04036123113407332,
    {
      "mAP": 0.8003108840852472,
      "loss": 0.04036123113407332
    }
  ],
  "epoch_8": [
    "output/35_conv1d_param_tune/20200605-23:56:20/fold3/checkpoints/train.9.pth",
    0.03929752444882239,
    {
      "mAP": 0.8146049083044052,
      "loss": 0.03929752444882239
    }
  ],
  "epoch_9": [
    "output/35_conv1d_param_tune/20200605-23:56:20/fold3/checkpoints/train.10.pth",
    0.04339687657751088,
    {
      "mAP": 0.7534725941331872,
      "loss": 0.04339687657751088
    }
  ],
  "epoch_10": [
    "output/35_conv1d_param_tune/20200605-23:56:20/fold3/checkpoints/train.11.pth",
    0.043107052562256026,
    {
      "mAP": 0.781290447523479,
      "loss": 0.043107052562256026
    }
  ],
  "epoch_11": [
    "output/35_conv1d_param_tune/20200605-23:56:20/fold3/checkpoints/train.12.pth",
    0.04141320403171772,
    {
      "mAP": 0.751861207932436,
      "loss": 0.04141320403171772
    }
  ],
  "epoch_12": [
    "output/35_conv1d_param_tune/20200605-23:56:20/fold3/checkpoints/train.13.pth",
    0.03954249675552879,
    {
      "mAP": 0.8160071581363328,
      "loss": 0.03954249675552879
    }
  ],
  "epoch_13": [
    "output/35_conv1d_param_tune/20200605-23:56:20/fold3/checkpoints/train.14.pth",
    0.04784982728883975,
    {
      "mAP": 0.7832823814662234,
      "loss": 0.04784982728883975
    }
  ],
  "epoch_14": [
    "output/35_conv1d_param_tune/20200605-23:56:20/fold3/checkpoints/train.15.pth",
    0.04620630939434099,
    {
      "mAP": 0.7978840367446747,
      "loss": 0.04620630939434099
    }
  ],
  "epoch_15": [
    "output/35_conv1d_param_tune/20200605-23:56:20/fold3/checkpoints/train.16.pth",
    0.03867289761147727,
    {
      "mAP": 0.7826386366654239,
      "loss": 0.03867289761147727
    }
  ],
  "epoch_16": [
    "output/35_conv1d_param_tune/20200605-23:56:20/fold3/checkpoints/train.17.pth",
    0.04400017981310378,
    {
      "mAP": 0.7886485143565921,
      "loss": 0.04400017981310378
    }
  ],
  "epoch_17": [
    "output/35_conv1d_param_tune/20200605-23:56:20/fold3/checkpoints/train.18.pth",
    0.04329774305023999,
    {
      "mAP": 0.7755051642537559,
      "loss": 0.04329774305023999
    }
  ],
  "epoch_18": [
    "output/35_conv1d_param_tune/20200605-23:56:20/fold3/checkpoints/train.19.pth",
    0.05056874078486137,
    {
      "mAP": 0.8196969964979879,
      "loss": 0.05056874078486137
    }
  ],
  "epoch_19": [
    "output/35_conv1d_param_tune/20200605-23:56:20/fold3/checkpoints/train.20.pth",
    0.04245640307404326,
    {
      "mAP": 0.8057488644764907,
      "loss": 0.04245640307404326
    }
  ],
  "epoch_20": [
    "output/35_conv1d_param_tune/20200605-23:56:20/fold3/checkpoints/train.21.pth",
    0.05597274990222481,
    {
      "mAP": 0.8107911279384815,
      "loss": 0.05597274990222481
    }
  ],
  "epoch_21": [
    "output/35_conv1d_param_tune/20200605-23:56:20/fold3/checkpoints/train.22.pth",
    0.034688950793738724,
    {
      "mAP": 0.8230020976093534,
      "loss": 0.034688950793738724
    }
  ],
  "epoch_22": [
    "output/35_conv1d_param_tune/20200605-23:56:20/fold3/checkpoints/train.23.pth",
    0.039573402643183694,
    {
      "mAP": 0.81739505123686,
      "loss": 0.039573402643183694
    }
  ],
  "epoch_23": [
    "output/35_conv1d_param_tune/20200605-23:56:20/fold3/checkpoints/train.24.pth",
    0.036685948168060964,
    {
      "mAP": 0.838216910335147,
      "loss": 0.036685948168060964
    }
  ],
  "epoch_24": [
    "output/35_conv1d_param_tune/20200605-23:56:20/fold3/checkpoints/train.25.pth",
    0.04041753347810275,
    {
      "mAP": 0.8429164744273567,
      "loss": 0.04041753347810275
    }
  ],
  "epoch_25": [
    "output/35_conv1d_param_tune/20200605-23:56:20/fold3/checkpoints/train.26.pth",
    0.040410835606565235,
    {
      "mAP": 0.8040992301166616,
      "loss": 0.040410835606565235
    }
  ],
  "epoch_26": [
    "output/35_conv1d_param_tune/20200605-23:56:20/fold3/checkpoints/train.27.pth",
    0.035911019771249005,
    {
      "mAP": 0.8409276600546844,
      "loss": 0.035911019771249005
    }
  ],
  "epoch_27": [
    "output/35_conv1d_param_tune/20200605-23:56:20/fold3/checkpoints/train.28.pth",
    0.035089908300497505,
    {
      "mAP": 0.8490621678591503,
      "loss": 0.035089908300497505
    }
  ],
  "epoch_28": [
    "output/35_conv1d_param_tune/20200605-23:56:20/fold3/checkpoints/train.29.pth",
    0.039735430251573986,
    {
      "mAP": 0.813410595097113,
      "loss": 0.039735430251573986
    }
  ],
  "epoch_29": [
    "output/35_conv1d_param_tune/20200605-23:56:20/fold3/checkpoints/train.30.pth",
    0.03614069819801112,
    {
      "mAP": 0.854794864119845,
      "loss": 0.03614069819801112
    }
  ],
  "epoch_30": [
    "output/35_conv1d_param_tune/20200605-23:56:20/fold3/checkpoints/train.31.pth",
    0.03435730184700839,
    {
      "mAP": 0.8326439830201753,
      "loss": 0.03435730184700839
    }
  ],
  "epoch_31": [
    "output/35_conv1d_param_tune/20200605-23:56:20/fold3/checkpoints/train.32.pth",
    0.03260366812538764,
    {
      "mAP": 0.8499992057111799,
      "loss": 0.03260366812538764
    }
  ],
  "epoch_32": [
    "output/35_conv1d_param_tune/20200605-23:56:20/fold3/checkpoints/train.33.pth",
    0.03398410851297438,
    {
      "mAP": 0.8393137345532385,
      "loss": 0.03398410851297438
    }
  ],
  "epoch_33": [
    "output/35_conv1d_param_tune/20200605-23:56:20/fold3/checkpoints/train.34.pth",
    0.033815426850928185,
    {
      "mAP": 0.8554512589135265,
      "loss": 0.033815426850928185
    }
  ],
  "epoch_34": [
    "output/35_conv1d_param_tune/20200605-23:56:20/fold3/checkpoints/train.35.pth",
    0.0366731633550582,
    {
      "mAP": 0.8441971229464271,
      "loss": 0.0366731633550582
    }
  ],
  "epoch_35": [
    "output/35_conv1d_param_tune/20200605-23:56:20/fold3/checkpoints/train.36.pth",
    0.043808460631423456,
    {
      "mAP": 0.8090968547778663,
      "loss": 0.043808460631423456
    }
  ],
  "epoch_36": [
    "output/35_conv1d_param_tune/20200605-23:56:20/fold3/checkpoints/train.37.pth",
    0.029951087079526355,
    {
      "mAP": 0.8810050118201558,
      "loss": 0.029951087079526355
    }
  ],