{
  "best": {
    "mAP": 0.8980303961486144,
    "loss": 0.032821632692466345
  },
  "last": {
    "mAP": 0.8688264554658043,
    "loss": 0.05274596294762708
  },
  "train.42": {
    "mAP": 0.8980303961486144,
    "loss": 0.032821632692466345
  },
  "epoch_0": [
    "output/38_no_crop/20200606-09:20:06/fold3/checkpoints/train.1.pth",
    0.6125481046119952,
    {
      "mAP": 0.17728457856598867,
      "loss": 0.6125481046119952
    }
  ],
  "epoch_1": [
    "output/38_no_crop/20200606-09:20:06/fold3/checkpoints/train.2.pth",
    0.4519633002223468,
    {
      "mAP": 0.27242452130118855,
      "loss": 0.4519633002223468
    }
  ],
  "epoch_2": [
    "output/38_no_crop/20200606-09:20:06/fold3/checkpoints/train.3.pth",
    0.22208669376838264,
    {
      "mAP": 0.5376056893629545,
      "loss": 0.22208669376838264
    }
  ],
  "epoch_3": [
    "output/38_no_crop/20200606-09:20:06/fold3/checkpoints/train.4.pth",
    0.1486317344816563,
    {
      "mAP": 0.7139771007080387,
      "loss": 0.1486317344816563
    }
  ],
  "epoch_4": [
    "output/38_no_crop/20200606-09:20:06/fold3/checkpoints/train.5.pth",
    0.054839084574999065,
    {
      "mAP": 0.7968026027620709,
      "loss": 0.054839084574999065
    }
  ],
  "epoch_5": [
    "output/38_no_crop/20200606-09:20:06/fold3/checkpoints/train.6.pth",
    0.057317783989678635,
    {
      "mAP": 0.8401992868207495,
      "loss": 0.057317783989678635
    }
  ],
  "epoch_6": [
    "output/38_no_crop/20200606-09:20:06/fold3/checkpoints/train.7.pth",
    0.04674007761885275,
    {
      "mAP": 0.8169102033398842,
      "loss": 0.04674007761885275
    }
  ],
  "epoch_7": [
    "output/38_no_crop/20200606-09:20:06/fold3/checkpoints/train.8.pth",
    0.04518922912890108,
    {
      "mAP": 0.8237254164789534,
      "loss": 0.04518922912890108
    }
  ],
  "epoch_8": [
    "output/38_no_crop/20200606-09:20:06/fold3/checkpoints/train.9.pth",
    0.0411299287060322,
    {
      "mAP": 0.8399059422863235,
      "loss": 0.0411299287060322
    }
  ],
  "epoch_9": [
    "output/38_no_crop/20200606-09:20:06/fold3/checkpoints/train.10.pth",
    0.04252021569099776,
    {
      "mAP": 0.8426319079619397,
      "loss": 0.04252021569099776
    }
  ],
  "epoch_10": [
    "output/38_no_crop/20200606-09:20:06/fold3/checkpoints/train.11.pth",
    0.04224013645645349,
    {
      "mAP": 0.8355032405776034,
      "loss": 0.04224013645645349
    }
  ],
  "epoch_11": [
    "output/38_no_crop/20200606-09:20:06/fold3/checkpoints/train.12.pth",
    0.04192331120141336,
    {
      "mAP": 0.8433217139385853,
      "loss": 0.04192331120141336
    }
  ],
  "epoch_12": [
    "output/38_no_crop/20200606-09:20:06/fold3/checkpoints/train.13.pth",
    0.04250530458400533,
    {
      "mAP": 0.8374783984841834,
      "loss": 0.04250530458400533
    }
  ],
  "epoch_13": [
    "output/38_no_crop/20200606-09:20:06/fold3/checkpoints/train.14.pth",
    0.04254473213459632,
    {
      "mAP": 0.8502257773901993,
      "loss": 0.04254473213459632
    }
  ],
  "epoch_14": [
    "output/38_no_crop/20200606-09:20:06/fold3/checkpoints/train.15.pth",
    0.0411672060125493,
    {
      "mAP": 0.8338755088632357,
      "loss": 0.0411672060125493
    }
  ],
  "epoch_15": [
    "output/38_no_crop/20200606-09:20:06/fold3/checkpoints/train.16.pth",
    0.04637814053881064,
    {
      "mAP": 0.8532947955926954,
      "loss": 0.04637814053881064
    }
  ],
  "epoch_16": [
    "output/38_no_crop/20200606-09:20:06/fold3/checkpoints/train.17.pth",
    0.03864042240707924,
    {
      "mAP": 0.8602279603472128,
      "loss": 0.03864042240707924
    }
  ],
  "epoch_17": [
    "output/38_no_crop/20200606-09:20:06/fold3/checkpoints/train.18.pth",
    0.061974593178289565,
    {
      "mAP": 0.7845535792208278,
      "loss": 0.061974593178289565
    }
  ],
  "epoch_18": [
    "output/38_no_crop/20200606-09:20:06/fold3/checkpoints/train.19.pth",
    0.04717819255895076,
    {
      "mAP": 0.8366216215751543,
      "loss": 0.04717819255895076
    }
  ],
  "epoch_19": [
    "output/38_no_crop/20200606-09:20:06/fold3/checkpoints/train.20.pth",
    0.03890074245636705,
    {
      "mAP": 0.8641547374309726,
      "loss": 0.03890074245636705
    }
  ],
  "epoch_20": [
    "output/38_no_crop/20200606-09:20:06/fold3/checkpoints/train.21.pth",
    0.04449193531843986,
    {
      "mAP": 0.8612492231582337,
      "loss": 0.04449193531843986
    }
  ],
  "epoch_21": [
    "output/38_no_crop/20200606-09:20:06/fold3/checkpoints/train.22.pth",
    0.038971175446545187,
    {
      "mAP": 0.8771924543920797,
      "loss": 0.038971175446545187
    }
  ],
  "epoch_22": [
    "output/38_no_crop/20200606-09:20:06/fold3/checkpoints/train.23.pth",
    0.05343839716073564,
    {
      "mAP": 0.8595704636574555,
      "loss": 0.05343839716073564
    }
  ],
  "epoch_23": [
    "output/38_no_crop/20200606-09:20:06/fold3/checkpoints/train.24.pth",
    0.035325324953243725,
    {
      "mAP": 0.8858677098724308,
      "loss": 0.035325324953243725
    }
  ],
  "epoch_24": [
    "output/38_no_crop/20200606-09:20:06/fold3/checkpoints/train.25.pth",
    0.047760026222539574,
    {
      "mAP": 0.8495530190488233,
      "loss": 0.047760026222539574
    }
  ],
  "epoch_25": [
    "output/38_no_crop/20200606-09:20:06/fold3/checkpoints/train.26.pth",
    0.03514801254264244,
    {
      "mAP": 0.8714856817242185,
      "loss": 0.03514801254264244
    }
  ],
  "epoch_26": [
    "output/38_no_crop/20200606-09:20:06/fold3/checkpoints/train.27.pth",
    0.04979616651097319,
    {
      "mAP": 0.8599466357134088,
      "loss": 0.04979616651097319
    }
  ],
  "epoch_27": [
    "output/38_no_crop/20200606-09:20:06/fold3/checkpoints/train.28.pth",
    0.03365054651694003,
    {
      "mAP": 0.8762317229916995,
      "loss": 0.03365054651694003
    }
  ],
  "epoch_28": [
    "output/38_no_crop/20200606-09:20:06/fold3/checkpoints/train.29.pth",
    0.03429683247016193,
    {
      "mAP": 0.8875435050463328,
      "loss": 0.03429683247016193
    }
  ],
  "epoch_29": [
    "output/38_no_crop/20200606-09:20:06/fold3/checkpoints/train.30.pth",
    0.0340393368184827,
    {
      "mAP": 0.8902970650114402,
      "loss": 0.0340393368184827
    }
  ],
  "epoch_30": [
    "output/38_no_crop/20200606-09:20:06/fold3/checkpoints/train.31.pth",
    0.03304635941801892,
    {
      "mAP": 0.8825571714355883,
      "loss": 0.03304635941801892
    }
  ],
  "epoch_31": [
    "output/38_no_crop/20200606-09:20:06/fold3/checkpoints/train.32.pth",
    0.034462978901803776,
    {
      "mAP": 0.8811040742258633,
      "loss": 0.034462978901803776
    }
  ],
  "epoch_32": [
    "output/38_no_crop/20200606-09:20:06/fold3/checkpoints/train.33.pth",
    0.03689851276401152,
    {
      "mAP": 0.8806780021628255,
      "loss": 0.03689851276401152
    }
  ],
  "epoch_33": [
    "output/38_no_crop/20200606-09:20:06/fold3/checkpoints/train.34.pth",
    0.0378182332539366,
    {
      "mAP": 0.8727959760554586,
      "loss": 0.0378182332539366
    }
  ],
  "epoch_34": [
    "output/38_no_crop/20200606-09:20:06/fold3/checkpoints/train.35.pth",
    0.034506655778553,
    {
      "mAP": 0.8871579963726673,
      "loss": 0.034506655778553
    }
  ],
  "epoch_35": [
    "output/38_no_crop/20200606-09:20:06/fold3/checkpoints/train.36.pth",
    0.03547166012823782,
    {
      "mAP": 0.9003458475767177,
      "loss": 0.03547166012823782
    }
  ],
  "epoch_36": [
    "output/38_no_crop/20200606-09:20:06/fold3/checkpoints/train.37.pth",
    0.039213947423188254,
    {
      "mAP": 0.8779235280261557,
      "loss": 0.039213947423188254
    }
  ],
  "epoch_37": [
    "output/38_no_crop/20200606-09:20:06/fold3/checkpoints/train.38.pth",
    0.050934084145591495,
    {
      "mAP": 0.8378768824252568,
      "loss": 0.050934084145591495
    }
  ],
  "epoch_38": [
    "output/38_no_crop/20200606-09:20:06/fold3/checkpoints/train.39.pth",
    0.048241686885118006,
    {
      "mAP": 0.8583997009734458,
      "loss": 0.048241686885118006
    }
  ],