{
    "metrics": {
        "conv1d_tune": {
            "Fold1 pr-auc": 0.7988509218547843,
            "Fold2 pr-auc": 0.920098160805395,
            "Fold3 pr-auc": 0.906219062547823,
            "Fold4 pr-auc": 0.8426291765901114,
            "Fold5 pr-auc": 0.9409195006688871,
            "oof pr-auc": 0.8819256879906922
        }
    },
    "importances": {}
}