{
  "best": {
    "mAP": 0.8977899027078677,
    "loss": 0.02908300900757914
  },
  "last": {
    "mAP": 0.8526720025217037,
    "loss": 0.04222302593255733
  },
  "train.45": {
    "mAP": 0.8977899027078677,
    "loss": 0.02908300900757914
  },
  "epoch_0": [
    "output/35_conv1d_param_tune/20200605-22:45:21/fold4/checkpoints/train.1.pth",
    0.5755575920161419,
    {
      "mAP": 0.13604513247580502,
      "loss": 0.5755575920161419
    }
  ],
  "epoch_1": [
    "output/35_conv1d_param_tune/20200605-22:45:21/fold4/checkpoints/train.2.pth",
    0.410256500984088,
    {
      "mAP": 0.18206424110786257,
      "loss": 0.410256500984088
    }
  ],
  "epoch_2": [
    "output/35_conv1d_param_tune/20200605-22:45:21/fold4/checkpoints/train.3.pth",
    0.2643752024930519,
    {
      "mAP": 0.5454677577220628,
      "loss": 0.2643752024930519
    }
  ],
  "epoch_3": [
    "output/35_conv1d_param_tune/20200605-22:45:21/fold4/checkpoints/train.4.pth",
    0.11982244295246583,
    {
      "mAP": 0.6556273479363229,
      "loss": 0.11982244295246583
    }
  ],
  "epoch_4": [
    "output/35_conv1d_param_tune/20200605-22:45:21/fold4/checkpoints/train.5.pth",
    0.08550635177113501,
    {
      "mAP": 0.7688129853805531,
      "loss": 0.08550635177113501
    }
  ],
  "epoch_5": [
    "output/35_conv1d_param_tune/20200605-22:45:21/fold4/checkpoints/train.6.pth",
    0.04435099070364385,
    {
      "mAP": 0.8325143917120867,
      "loss": 0.04435099070364385
    }
  ],
  "epoch_6": [
    "output/35_conv1d_param_tune/20200605-22:45:21/fold4/checkpoints/train.7.pth",
    0.04105057760010891,
    {
      "mAP": 0.8324435082346803,
      "loss": 0.04105057760010891
    }
  ],
  "epoch_7": [
    "output/35_conv1d_param_tune/20200605-22:45:21/fold4/checkpoints/train.8.pth",
    0.04514931969309543,
    {
      "mAP": 0.8160740997384701,
      "loss": 0.04514931969309543
    }
  ],
  "epoch_8": [
    "output/35_conv1d_param_tune/20200605-22:45:21/fold4/checkpoints/train.9.pth",
    0.039054848288800306,
    {
      "mAP": 0.8686458191535014,
      "loss": 0.039054848288800306
    }
  ],
  "epoch_9": [
    "output/35_conv1d_param_tune/20200605-22:45:21/fold4/checkpoints/train.10.pth",
    0.03628954586210312,
    {
      "mAP": 0.8425793444388345,
      "loss": 0.03628954586210312
    }
  ],
  "epoch_10": [
    "output/35_conv1d_param_tune/20200605-22:45:21/fold4/checkpoints/train.11.pth",
    0.04270828790241187,
    {
      "mAP": 0.8325258017757706,
      "loss": 0.04270828790241187
    }
  ],
  "epoch_11": [
    "output/35_conv1d_param_tune/20200605-22:45:21/fold4/checkpoints/train.12.pth",
    0.053702867268594065,
    {
      "mAP": 0.7976908721428445,
      "loss": 0.053702867268594065
    }
  ],
  "epoch_12": [
    "output/35_conv1d_param_tune/20200605-22:45:21/fold4/checkpoints/train.13.pth",
    0.036950193925509536,
    {
      "mAP": 0.851739492244154,
      "loss": 0.036950193925509536
    }
  ],
  "epoch_13": [
    "output/35_conv1d_param_tune/20200605-22:45:21/fold4/checkpoints/train.14.pth",
    0.038141381584243156,
    {
      "mAP": 0.8224727046524504,
      "loss": 0.038141381584243156
    }
  ],
  "epoch_14": [
    "output/35_conv1d_param_tune/20200605-22:45:21/fold4/checkpoints/train.15.pth",
    0.03860638605051178,
    {
      "mAP": 0.8567379001502662,
      "loss": 0.03860638605051178
    }
  ],
  "epoch_15": [
    "output/35_conv1d_param_tune/20200605-22:45:21/fold4/checkpoints/train.16.pth",
    0.05126778005040486,
    {
      "mAP": 0.8319273494596613,
      "loss": 0.05126778005040486
    }
  ],
  "epoch_16": [
    "output/35_conv1d_param_tune/20200605-22:45:21/fold4/checkpoints/train.17.pth",
    0.05115922858090551,
    {
      "mAP": 0.8149941216868538,
      "loss": 0.05115922858090551
    }
  ],
  "epoch_17": [
    "output/35_conv1d_param_tune/20200605-22:45:21/fold4/checkpoints/train.18.pth",
    0.03913458562490518,
    {
      "mAP": 0.8655103377488202,
      "loss": 0.03913458562490518
    }
  ],
  "epoch_18": [
    "output/35_conv1d_param_tune/20200605-22:45:21/fold4/checkpoints/train.19.pth",
    0.04377080843343619,
    {
      "mAP": 0.8278576039409185,
      "loss": 0.04377080843343619
    }
  ],
  "epoch_19": [
    "output/35_conv1d_param_tune/20200605-22:45:21/fold4/checkpoints/train.20.pth",
    0.037148584043650956,
    {
      "mAP": 0.8629994436827068,
      "loss": 0.037148584043650956
    }
  ],
  "epoch_20": [
    "output/35_conv1d_param_tune/20200605-22:45:21/fold4/checkpoints/train.21.pth",
    0.039348974843993634,
    {
      "mAP": 0.8574987325514495,
      "loss": 0.039348974843993634
    }
  ],
  "epoch_21": [
    "output/35_conv1d_param_tune/20200605-22:45:21/fold4/checkpoints/train.22.pth",
    0.040001814462189395,
    {
      "mAP": 0.8558476121560677,
      "loss": 0.040001814462189395
    }
  ],
  "epoch_22": [
    "output/35_conv1d_param_tune/20200605-22:45:21/fold4/checkpoints/train.23.pth",
    0.04145310806121775,
    {
      "mAP": 0.8508918523788687,
      "loss": 0.04145310806121775
    }
  ],
  "epoch_23": [
    "output/35_conv1d_param_tune/20200605-22:45:21/fold4/checkpoints/train.24.pth",
    0.0329955435885967,
    {
      "mAP": 0.901658694080332,
      "loss": 0.0329955435885967
    }
  ],
  "epoch_24": [
    "output/35_conv1d_param_tune/20200605-22:45:21/fold4/checkpoints/train.25.pth",
    0.036064401787543506,
    {
      "mAP": 0.8723809559754613,
      "loss": 0.036064401787543506
    }
  ],
  "epoch_25": [
    "output/35_conv1d_param_tune/20200605-22:45:21/fold4/checkpoints/train.26.pth",
    0.032221726494482406,
    {
      "mAP": 0.8913541165530606,
      "loss": 0.032221726494482406
    }
  ],
  "epoch_26": [
    "output/35_conv1d_param_tune/20200605-22:45:21/fold4/checkpoints/train.27.pth",
    0.04113140322954445,
    {
      "mAP": 0.8514859409262089,
      "loss": 0.04113140322954445
    }
  ],
  "epoch_27": [
    "output/35_conv1d_param_tune/20200605-22:45:21/fold4/checkpoints/train.28.pth",
    0.043589256102596265,
    {
      "mAP": 0.8455384385394197,
      "loss": 0.043589256102596265
    }
  ],
  "epoch_28": [
    "output/35_conv1d_param_tune/20200605-22:45:21/fold4/checkpoints/train.29.pth",
    0.029393039941887928,
    {
      "mAP": 0.897893001756971,
      "loss": 0.029393039941887928
    }
  ],
  "epoch_29": [
    "output/35_conv1d_param_tune/20200605-22:45:21/fold4/checkpoints/train.30.pth",
    0.036100373582735344,
    {
      "mAP": 0.8775618042053029,
      "loss": 0.036100373582735344
    }
  ],
  "epoch_30": [
    "output/35_conv1d_param_tune/20200605-22:45:21/fold4/checkpoints/train.31.pth",
    0.030128594768492264,
    {
      "mAP": 0.9021600192123148,
      "loss": 0.030128594768492264
    }
  ],
  "epoch_31": [
    "output/35_conv1d_param_tune/20200605-22:45:21/fold4/checkpoints/train.32.pth",
    0.037525852178877925,
    {
      "mAP": 0.8804030984843675,
      "loss": 0.037525852178877925
    }
  ],
  "epoch_32": [
    "output/35_conv1d_param_tune/20200605-22:45:21/fold4/checkpoints/train.33.pth",
    0.031028789168107244,
    {
      "mAP": 0.9010555135549762,
      "loss": 0.031028789168107244
    }
  ],
  "epoch_33": [
    "output/35_conv1d_param_tune/20200605-22:45:21/fold4/checkpoints/train.34.pth",
    0.04085426406575356,
    {
      "mAP": 0.8632923734685854,
      "loss": 0.04085426406575356
    }
  ],
  "epoch_34": [
    "output/35_conv1d_param_tune/20200605-22:45:21/fold4/checkpoints/train.35.pth",
    0.040223185596805974,
    {
      "mAP": 0.8585307638232194,
      "loss": 0.040223185596805974
    }
  ],
  "epoch_35": [
    "output/35_conv1d_param_tune/20200605-22:45:21/fold4/checkpoints/train.36.pth",
    0.04341488935569428,
    {
      "mAP": 0.8665047281514554,
      "loss": 0.04341488935569428
    }
  ],
  "epoch_36": [
    "output/35_conv1d_param_tune/20200605-22:45:21/fold4/checkpoints/train.37.pth",
    0.042868160826192256,
    {
      "mAP": 0.898096204645835,
      "loss": 0.042868160826192256
    }
  ],