{
  "best": {
    "mAP": 0.8259633693683655,
    "loss": 0.04289058117144606
  },
  "last": {
    "mAP": 0.7721165173990805,
    "loss": 0.06778938120084475
  },
  "train.85": {
    "mAP": 0.8259633693683655,
    "loss": 0.04289058117144606
  },
  "epoch_0": [
    "output/23_conv1d_tuned/fold5/checkpoints/train.1.pth",
    0.535973375686961,
    {
      "mAP": 0.02183365195790128,
      "loss": 0.535973375686961
    }
  ],
  "epoch_1": [
    "output/23_conv1d_tuned/fold5/checkpoints/train.2.pth",
    0.3256668085689583,
    {
      "mAP": 0.022294463537015044,
      "loss": 0.3256668085689583
    }
  ],
  "epoch_2": [
    "output/23_conv1d_tuned/fold5/checkpoints/train.3.pth",
    0.20048743343104752,
    {
      "mAP": 0.022970184340606138,
      "loss": 0.20048743343104752
    }
  ],
  "epoch_3": [
    "output/23_conv1d_tuned/fold5/checkpoints/train.4.pth",
    0.17482323934547678,
    {
      "mAP": 0.02380063003463491,
      "loss": 0.17482323934547678
    }
  ],
  "epoch_4": [
    "output/23_conv1d_tuned/fold5/checkpoints/train.5.pth",
    0.17692038587218736,
    {
      "mAP": 0.0488105467950222,
      "loss": 0.17692038587218736
    }
  ],
  "epoch_5": [
    "output/23_conv1d_tuned/fold5/checkpoints/train.6.pth",
    0.17372517522221534,
    {
      "mAP": 0.11256544186020476,
      "loss": 0.17372517522221534
    }
  ],
  "epoch_6": [
    "output/23_conv1d_tuned/fold5/checkpoints/train.7.pth",
    0.08957327775551957,
    {
      "mAP": 0.5823339441072981,
      "loss": 0.08957327775551957
    }
  ],
  "epoch_7": [
    "output/23_conv1d_tuned/fold5/checkpoints/train.8.pth",
    0.06178212989054034,
    {
      "mAP": 0.7339294154403829,
      "loss": 0.06178212989054034
    }
  ],
  "epoch_8": [
    "output/23_conv1d_tuned/fold5/checkpoints/train.9.pth",
    0.04937220292157107,
    {
      "mAP": 0.840048381727809,
      "loss": 0.04937220292157107
    }
  ],
  "epoch_9": [
    "output/23_conv1d_tuned/fold5/checkpoints/train.10.pth",
    0.04401750863349991,
    {
      "mAP": 0.868609592457724,
      "loss": 0.04401750863349991
    }
  ],
  "epoch_10": [
    "output/23_conv1d_tuned/fold5/checkpoints/train.11.pth",
    0.04478621295206725,
    {
      "mAP": 0.8362997496160229,
      "loss": 0.04478621295206725
    }
  ],
  "epoch_11": [
    "output/23_conv1d_tuned/fold5/checkpoints/train.12.pth",
    0.04328937949042795,
    {
      "mAP": 0.8379975690558095,
      "loss": 0.04328937949042795
    }
  ],
  "epoch_12": [
    "output/23_conv1d_tuned/fold5/checkpoints/train.13.pth",
    0.04721559245933521,
    {
      "mAP": 0.8243481916444185,
      "loss": 0.04721559245933521
    }
  ],
  "epoch_13": [
    "output/23_conv1d_tuned/fold5/checkpoints/train.14.pth",
    0.0468606431796275,
    {
      "mAP": 0.8430713487390239,
      "loss": 0.0468606431796275
    }
  ],
  "epoch_14": [
    "output/23_conv1d_tuned/fold5/checkpoints/train.15.pth",
    0.048316567800513195,
    {
      "mAP": 0.8232418220353022,
      "loss": 0.048316567800513195
    }
  ],
  "epoch_15": [
    "output/23_conv1d_tuned/fold5/checkpoints/train.16.pth",
    0.054183035096868865,
    {
      "mAP": 0.8323286224019796,
      "loss": 0.054183035096868865
    }
  ],
  "epoch_16": [
    "output/23_conv1d_tuned/fold5/checkpoints/train.17.pth",
    0.046020747689128165,
    {
      "mAP": 0.8452697977876946,
      "loss": 0.046020747689128165
    }
  ],
  "epoch_17": [
    "output/23_conv1d_tuned/fold5/checkpoints/train.18.pth",
    0.04341490099753961,
    {
      "mAP": 0.8242437635187774,
      "loss": 0.04341490099753961
    }
  ],
  "epoch_18": [
    "output/23_conv1d_tuned/fold5/checkpoints/train.19.pth",
    0.05936200242106275,
    {
      "mAP": 0.8443290620235449,
      "loss": 0.05936200242106275
    }
  ],
  "epoch_19": [
    "output/23_conv1d_tuned/fold5/checkpoints/train.20.pth",
    0.06666294400152457,
    {
      "mAP": 0.8146517733856563,
      "loss": 0.06666294400152457
    }
  ],
  "epoch_20": [
    "output/23_conv1d_tuned/fold5/checkpoints/train.21.pth",
    0.07499195964006104,
    {
      "mAP": 0.8346413300813633,
      "loss": 0.07499195964006104
    }
  ],
  "epoch_21": [
    "output/23_conv1d_tuned/fold5/checkpoints/train.22.pth",
    0.04328749286012114,
    {
      "mAP": 0.8623189958976253,
      "loss": 0.04328749286012114
    }
  ],
  "epoch_22": [
    "output/23_conv1d_tuned/fold5/checkpoints/train.23.pth",
    0.053278664293590614,
    {
      "mAP": 0.7914335996520637,
      "loss": 0.053278664293590614
    }
  ],
  "epoch_23": [
    "output/23_conv1d_tuned/fold5/checkpoints/train.24.pth",
    0.058825289922006675,
    {
      "mAP": 0.7974609763048011,
      "loss": 0.058825289922006675
    }
  ],
  "epoch_24": [
    "output/23_conv1d_tuned/fold5/checkpoints/train.25.pth",
    0.06949518299295185,
    {
      "mAP": 0.8451324852255917,
      "loss": 0.06949518299295185
    }
  ],
  "epoch_25": [
    "output/23_conv1d_tuned/fold5/checkpoints/train.26.pth",
    0.04655090961216998,
    {
      "mAP": 0.8659986841663848,
      "loss": 0.04655090961216998
    }
  ],
  "epoch_26": [
    "output/23_conv1d_tuned/fold5/checkpoints/train.27.pth",
    0.050204668462116124,
    {
      "mAP": 0.8177613551531582,
      "loss": 0.050204668462116124
    }
  ],
  "epoch_27": [
    "output/23_conv1d_tuned/fold5/checkpoints/train.28.pth",
    0.06735830842727131,
    {
      "mAP": 0.8324190342797607,
      "loss": 0.06735830842727131
    }
  ],
  "epoch_28": [
    "output/23_conv1d_tuned/fold5/checkpoints/train.29.pth",
    0.05613375693639814,
    {
      "mAP": 0.8268144543576887,
      "loss": 0.05613375693639814
    }
  ],
  "epoch_29": [
    "output/23_conv1d_tuned/fold5/checkpoints/train.30.pth",
    0.06058918962301467,
    {
      "mAP": 0.7761758013478338,
      "loss": 0.06058918962301467
    }
  ],
  "epoch_30": [
    "output/23_conv1d_tuned/fold5/checkpoints/train.31.pth",
    0.06022790270884444,
    {
      "mAP": 0.7714445670067691,
      "loss": 0.06022790270884444
    }
  ],
  "epoch_31": [
    "output/23_conv1d_tuned/fold5/checkpoints/train.32.pth",
    0.0627212129638511,
    {
      "mAP": 0.7940547163402926,
      "loss": 0.0627212129638511
    }
  ],
  "epoch_32": [
    "output/23_conv1d_tuned/fold5/checkpoints/train.33.pth",
    0.06268019334894744,
    {
      "mAP": 0.8028155852686326,
      "loss": 0.06268019334894744
    }
  ],
  "epoch_33": [
    "output/23_conv1d_tuned/fold5/checkpoints/train.34.pth",
    0.05611375113792602,
    {
      "mAP": 0.802129162121077,
      "loss": 0.05611375113792602
    }
  ],
  "epoch_34": [
    "output/23_conv1d_tuned/fold5/checkpoints/train.35.pth",
    0.05692619822353184,
    {
      "mAP": 0.811925494870216,
      "loss": 0.05692619822353184
    }
  ],
  "epoch_35": [
    "output/23_conv1d_tuned/fold5/checkpoints/train.36.pth",
    0.06583817570740214,
    {
      "mAP": 0.7677546849320126,
      "loss": 0.06583817570740214
    }
  ],
  "epoch_36": [
    "output/23_conv1d_tuned/fold5/checkpoints/train.37.pth",
    0.06071619087205129,
    {
      "mAP": 0.8136821076626511,
      "loss": 0.06071619087205129
    }
  ],
  "epoch_37": [
    "output/23_conv1d_tuned/fold5/checkpoints/train.38.pth",
    0.08629008880099276,
    {
      "mAP": 0.8315435719441023,
      "loss": 0.08629008880099276
    }
  ],
  "epoch_38": [
    "output/23_conv1d_tuned/fold5/checkpoints/train.39.pth",
    0.05443299050920749,
    {
      "mAP": 0.7814521595846677,
      "loss": 0.05443299050920749
    }
  ],
  "epoch_39": [
    "output/23_conv1d_tuned/fold5/checkpoints/train.40.pth",
    0.0739333989585937,
    {
      "mAP": 0.7979291282788692,
      "loss": 0.0739333989585937
    }
  ],
  "epoch_40": [
    "output/23_conv1d_tuned/fold5/checkpoints/train.41.pth",
    0.05376370087586639,
    {
      "mAP": 0.7963836958157671,
      "loss": 0.05376370087586639
    }
  ],
  "epoch_41": [
    "output/23_conv1d_tuned/fold5/checkpoints/train.42.pth",
    0.08382501087897402,
    {
      "mAP": 0.8029638276066886,