{
  "best": {
    "mAP": 0.84343691496206,
    "loss": 0.03765087390458712
  },
  "last": {
    "mAP": 0.7976304184637854,
    "loss": 0.05178052263074024
  },
  "train.25": {
    "mAP": 0.84343691496206,
    "loss": 0.03765087390458712
  },
  "epoch_0": [
    "output/36_tta/20200605-22:03:19/fold1/checkpoints/train.1.pth",
    0.482888211165705,
    {
      "mAP": 0.1434669877543726,
      "loss": 0.482888211165705
    }
  ],
  "epoch_1": [
    "output/36_tta/20200605-22:03:19/fold1/checkpoints/train.2.pth",
    0.2549897640623072,
    {
      "mAP": 0.17240534140223984,
      "loss": 0.2549897640623072
    }
  ],
  "epoch_2": [
    "output/36_tta/20200605-22:03:19/fold1/checkpoints/train.3.pth",
    0.18855364556594562,
    {
      "mAP": 0.2612132738576188,
      "loss": 0.18855364556594562
    }
  ],
  "epoch_3": [
    "output/36_tta/20200605-22:03:19/fold1/checkpoints/train.4.pth",
    0.12419815705988997,
    {
      "mAP": 0.5317009906347744,
      "loss": 0.12419815705988997
    }
  ],
  "epoch_4": [
    "output/36_tta/20200605-22:03:19/fold1/checkpoints/train.5.pth",
    0.06988309091457756,
    {
      "mAP": 0.7209826426929796,
      "loss": 0.06988309091457756
    }
  ],
  "epoch_5": [
    "output/36_tta/20200605-22:03:19/fold1/checkpoints/train.6.pth",
    0.05436170874263651,
    {
      "mAP": 0.7589132722903341,
      "loss": 0.05436170874263651
    }
  ],
  "epoch_6": [
    "output/36_tta/20200605-22:03:19/fold1/checkpoints/train.7.pth",
    0.047098479083468835,
    {
      "mAP": 0.8017501271770056,
      "loss": 0.047098479083468835
    }
  ],
  "epoch_7": [
    "output/36_tta/20200605-22:03:19/fold1/checkpoints/train.8.pth",
    0.05636786104690644,
    {
      "mAP": 0.7880280384506905,
      "loss": 0.05636786104690644
    }
  ],
  "epoch_8": [
    "output/36_tta/20200605-22:03:19/fold1/checkpoints/train.9.pth",
    0.04422394158218496,
    {
      "mAP": 0.8186052977943702,
      "loss": 0.04422394158218496
    }
  ],
  "epoch_9": [
    "output/36_tta/20200605-22:03:19/fold1/checkpoints/train.10.pth",
    0.05204466506037661,
    {
      "mAP": 0.7753736796892186,
      "loss": 0.05204466506037661
    }
  ],
  "epoch_10": [
    "output/36_tta/20200605-22:03:19/fold1/checkpoints/train.11.pth",
    0.04758190607992552,
    {
      "mAP": 0.7856615573759502,
      "loss": 0.04758190607992552
    }
  ],
  "epoch_11": [
    "output/36_tta/20200605-22:03:19/fold1/checkpoints/train.12.pth",
    0.05203536465283363,
    {
      "mAP": 0.7766100227794125,
      "loss": 0.05203536465283363
    }
  ],
  "epoch_12": [
    "output/36_tta/20200605-22:03:19/fold1/checkpoints/train.13.pth",
    0.04170722069759523,
    {
      "mAP": 0.8037260619695846,
      "loss": 0.04170722069759523
    }
  ],
  "epoch_13": [
    "output/36_tta/20200605-22:03:19/fold1/checkpoints/train.14.pth",
    0.04687263067531329,
    {
      "mAP": 0.8060534126874837,
      "loss": 0.04687263067531329
    }
  ],
  "epoch_14": [
    "output/36_tta/20200605-22:03:19/fold1/checkpoints/train.15.pth",
    0.06138537760062884,
    {
      "mAP": 0.76957356803561,
      "loss": 0.06138537760062884
    }
  ],
  "epoch_15": [
    "output/36_tta/20200605-22:03:19/fold1/checkpoints/train.16.pth",
    0.04657677496953677,
    {
      "mAP": 0.7890295028286568,
      "loss": 0.04657677496953677
    }
  ],
  "epoch_16": [
    "output/36_tta/20200605-22:03:19/fold1/checkpoints/train.17.pth",
    0.05620340942855804,
    {
      "mAP": 0.7722102775097921,
      "loss": 0.05620340942855804
    }
  ],
  "epoch_17": [
    "output/36_tta/20200605-22:03:19/fold1/checkpoints/train.18.pth",
    0.0442815156633495,
    {
      "mAP": 0.8085135812463087,
      "loss": 0.0442815156633495
    }
  ],
  "epoch_18": [
    "output/36_tta/20200605-22:03:19/fold1/checkpoints/train.19.pth",
    0.04298865190276536,
    {
      "mAP": 0.8248841139165186,
      "loss": 0.04298865190276536
    }
  ],
  "epoch_19": [
    "output/36_tta/20200605-22:03:19/fold1/checkpoints/train.20.pth",
    0.04543767997654535,
    {
      "mAP": 0.8227806435900892,
      "loss": 0.04543767997654535
    }
  ],
  "epoch_20": [
    "output/36_tta/20200605-22:03:19/fold1/checkpoints/train.21.pth",
    0.04970526939598463,
    {
      "mAP": 0.8084067740367403,
      "loss": 0.04970526939598463
    }
  ],
  "epoch_21": [
    "output/36_tta/20200605-22:03:19/fold1/checkpoints/train.22.pth",
    0.050490540041718435,
    {
      "mAP": 0.803303552662203,
      "loss": 0.050490540041718435
    }
  ],
  "epoch_22": [
    "output/36_tta/20200605-22:03:19/fold1/checkpoints/train.23.pth",
    0.042444311923557715,
    {
      "mAP": 0.8422220514358003,
      "loss": 0.042444311923557715
    }
  ],
  "epoch_23": [
    "output/36_tta/20200605-22:03:19/fold1/checkpoints/train.24.pth",
    0.046195785765365885,
    {
      "mAP": 0.7681152091773069,
      "loss": 0.046195785765365885
    }
  ],
  "epoch_24": [
    "output/36_tta/20200605-22:03:19/fold1/checkpoints/train.25.pth",
    0.03765087390458712,
    {
      "mAP": 0.84343691496206,
      "loss": 0.03765087390458712
    }
  ],
  "epoch_25": [
    "output/36_tta/20200605-22:03:19/fold1/checkpoints/train.26.pth",
    0.05756629410610404,
    {
      "mAP": 0.7910672130253703,
      "loss": 0.05756629410610404
    }
  ],
  "epoch_26": [
    "output/36_tta/20200605-22:03:19/fold1/checkpoints/train.27.pth",
    0.043450291158371075,
    {
      "mAP": 0.8098612512689399,
      "loss": 0.043450291158371075
    }
  ],
  "epoch_27": [
    "output/36_tta/20200605-22:03:19/fold1/checkpoints/train.28.pth",
    0.045707229124281996,
    {
      "mAP": 0.8218346356816043,
      "loss": 0.045707229124281996
    }
  ],
  "epoch_28": [
    "output/36_tta/20200605-22:03:19/fold1/checkpoints/train.29.pth",
    0.050173599272966385,
    {
      "mAP": 0.8000608787357059,
      "loss": 0.050173599272966385
    }
  ],
  "epoch_29": [
    "output/36_tta/20200605-22:03:19/fold1/checkpoints/train.30.pth",
    0.049619688582356256,
    {
      "mAP": 0.7862865527512302,
      "loss": 0.049619688582356256
    }
  ],
  "epoch_30": [
    "output/36_tta/20200605-22:03:19/fold1/checkpoints/train.31.pth",
    0.040954623651760884,
    {
      "mAP": 0.8247250164772335,
      "loss": 0.040954623651760884
    }
  ],
  "epoch_31": [
    "output/36_tta/20200605-22:03:19/fold1/checkpoints/train.32.pth",
    0.04141069063416091,
    {
      "mAP": 0.8173452745365072,
      "loss": 0.04141069063416091
    }
  ],
  "epoch_32": [
    "output/36_tta/20200605-22:03:19/fold1/checkpoints/train.33.pth",
    0.05040057424095369,
    {
      "mAP": 0.8027539797191416,
      "loss": 0.05040057424095369
    }
  ],
  "epoch_33": [
    "output/36_tta/20200605-22:03:19/fold1/checkpoints/train.34.pth",
    0.04720408990178057,
    {
      "mAP": 0.7928700364049249,
      "loss": 0.04720408990178057
    }
  ],
  "epoch_34": [
    "output/36_tta/20200605-22:03:19/fold1/checkpoints/train.35.pth",
    0.05281675458755544,
    {
      "mAP": 0.7888498498342811,
      "loss": 0.05281675458755544
    }
  ],
  "epoch_35": [
    "output/36_tta/20200605-22:03:19/fold1/checkpoints/train.36.pth",
    0.05390669998302255,
    {
      "mAP": 0.8004208459545281,
      "loss": 0.05390669998302255
    }
  ],
  "epoch_36": [
    "output/36_tta/20200605-22:03:19/fold1/checkpoints/train.37.pth",
    0.03854430118395436,
    {
      "mAP": 0.8539544869700997,
      "loss": 0.03854430118395436
    }
  ],
  "epoch_37": [
    "output/36_tta/20200605-22:03:19/fold1/checkpoints/train.38.pth",
    0.05102785480439022,
    {
      "mAP": 0.766623595624609,
      "loss": 0.05102785480439022
    }
  ],
  "epoch_38": [
    "output/36_tta/20200605-22:03:19/fold1/checkpoints/train.39.pth",
    0.04653289169073105,
    {
      "mAP": 0.8211690705417615,
      "loss": 0.04653289169073105
    }
  ],
  "epoch_39": [
    "output/36_tta/20200605-22:03:19/fold1/checkpoints/train.40.pth",
    0.06801937440390228,
    {
      "mAP": 0.7566612582856368,