{
    "metrics": {
        "lgbm_av": {
            "Fold1 auc": 0.8610954358692409,
            "Fold2 auc": 0.851873219734582,
            "Fold3 auc": 0.8600395669408486,
            "Fold4 auc": 0.8420865917272368,
            "Fold5 auc": 0.8621433407486218,
            "oof auc": 0.855326499980501
        },
        "lgbm_vsb_1st": {
            "Fold1 pr-auc": 0.8575452792205819,
            "Fold2 pr-auc": 0.8445785999860556,
            "Fold3 pr-auc": 0.8785436006358692,
            "Fold4 pr-auc": 0.7999341942398448,
            "Fold5 pr-auc": 0.8660151506046005,
            "oof pr-auc": 0.8431107760457238
        }
    },
    "importances": {
        "lgbm_av": {
            "params0": 66275.54097119077,
            "rms": 39695.38734744374,
            "params2": 39622.847548140126,
            "params5": 29595.66304442909,
            "spectrum_min": 28834.371779055335,
            "highest_peak_fwhm_inverse": 20996.695143067365,
            "params6": 19382.460199585286,
            "spectrum_skew": 17956.82706447272,
            "spectrum_std": 17258.826130785757,
            "spectrum_kurt": 16693.986311317094,
            "spectrum_max": 15920.34926314883,
            "params4": 14290.50776186613,
            "params1": 11210.110738205527,
            "beta": 10700.399353781173,
            "params3": 10627.369887016643,
            "max_fwhm_inverse": 10226.79360130441,
            "mean_fwhm_inverse": 9062.427299460278,
            "exc_wl": 8014.552144198103,
            "num_peaks": 2001.0903433393573
        },
        "lgbm_vsb_1st": {
            "highest_peak_fwhm_inverse": 12393.756772448885,
            "spectrum_max": 5109.268371413251,
            "params3": 4943.785654592527,
            "params2": 4298.471361386377,
            "params1": 3789.219840647852,
            "params6": 3649.528808199527,
            "beta": 2959.1976948805523,
            "spectrum_kurt": 2615.900958332679,
            "params5": 2354.165199263355,
            "params4": 2312.608905555031,
            "spectrum_skew": 2015.557376481322,
            "max_fwhm_inverse": 2014.579826138392,
            "params0": 1793.0897909402734,
            "mean_fwhm_inverse": 1746.1002262754,
            "spectrum_min": 1592.1143799173005,
            "spectrum_std": 1538.327765131203,
            "rms": 1444.816833504278,
            "exc_wl": 867.4316406834761,
            "num_peaks": 90.62788854731127
        }
    }
}