{
    "metrics": {
        "lgbm_av": {
            "Fold1 auc": 0.7614502201867779,
            "Fold2 auc": 0.7721859424565066,
            "Fold3 auc": 0.7856955203430102,
            "Fold4 auc": 0.7591721428979354,
            "Fold5 auc": 0.7778663313666698,
            "oof auc": 0.7702550641577595
        },
        "lgbm_vsb_1st_tuned": {
            "Fold1 pr-auc": 0.7703676781321634,
            "Fold2 pr-auc": 0.9011156003241131,
            "Fold3 pr-auc": 0.8612054708638082,
            "Fold4 pr-auc": 0.8606909710466402,
            "Fold5 pr-auc": 0.7639134099661345,
            "oof pr-auc": 0.8286694326308598
        }
    },
    "importances": {
        "lgbm_av": {
            "max_inverse_fw_0.33": 18468.328218887327,
            "max_inverse_fw_0.5": 17513.491413789336,
            "max_steapness_span_1": 14282.027709915255,
            "highest_peak_inverse_fw_0.33": 13394.30008801725,
            "highest_peak_inverse_fw_0.5": 13230.439696227055,
            "max_inverse_hw_0.33": 13073.690698666127,
            "max_steapness_span_4": 10819.505129958177,
            "max_inverse_fw_0.66": 10218.470736737667,
            "highest_peak_inverse_hw_0.33": 9547.962270639255,
            "max_steapness_span_5": 9457.618706185907,
            "highest_peak_inverse_fw_0.66": 9003.280796171677,
            "max_steapness_span_3": 8471.101750173048,
            "highest_peak_inverse_hw_0.8": 8458.181717012241,
            "peak_distance": 8430.521166286373,
            "cavity_ratio": 7679.137000034493,
            "max_inverse_hw_0.5": 7572.641364126141,
            "highest_peak_inverse_fw_0.8": 7379.706700366736,
            "max_steapness_span_2": 7353.858564620181,
            "highest_peak_inverse_hw_0.66": 7064.814080610313,
            "max_inverse_fw_0.8": 6975.003855738137,
            "max_inverse_fw_0.75": 6850.880076376024,
            "highest_peak_steapness_span_5": 6838.373884860105,
            "highest_peak_steapness_span_4": 6712.454610603954,
            "peak_area_ratio": 6687.493677390624,
            "highest_peak_inverse_hw_0.75": 6668.944045767467,
            "highest_peak_inverse_hw_0.5": 6641.2883955154575,
            "highest_peak_inverse_fw_0.75": 6598.426763941348,
            "highest_peak_steapness_span_1": 6049.56524370932,
            "max_inverse_hw_0.66": 5941.61269927044,
            "highest_peak_steapness_span_2": 5726.312157414412,
            "max_inverse_hw_0.75": 5628.247621505148,
            "max_inverse_hw_0.8": 5331.791127947101,
            "highest_peak_steapness_span_3": 5200.8734216337325
        },
        "lgbm_vsb_1st_tuned": {
            "max_steapness_span_1": 12117.918447174034,
            "max_steapness_span_2": 3252.587176595391,
            "highest_peak_steapness_span_1": 3205.008206375004,
            "max_inverse_fw_0.8": 2256.393009874401,
            "max_inverse_fw_0.33": 2042.144680242172,
            "highest_peak_inverse_fw_0.66": 1842.2592127786706,
            "max_steapness_span_3": 1704.6189522832979,
            "max_inverse_fw_0.75": 1581.6662831087967,
            "peak_area_ratio": 1483.008742383134,
            "highest_peak_inverse_hw_0.33": 1472.8725017040597,
            "max_inverse_hw_0.66": 1380.0394623764514,
            "max_inverse_hw_0.5": 1343.044082326016,
            "cavity_ratio": 1286.658761279471,
            "max_inverse_hw_0.33": 1238.6993845838253,
            "highest_peak_steapness_span_2": 1207.8523613572158,
            "highest_peak_inverse_fw_0.8": 1084.6025080352526,
            "highest_peak_inverse_fw_0.75": 1078.8214474702763,
            "highest_peak_inverse_hw_0.5": 1038.6998612444563,
            "highest_peak_steapness_span_4": 963.797571281501,
            "highest_peak_steapness_span_3": 922.56523143542,
            "max_inverse_fw_0.66": 914.5542067797272,
            "highest_peak_inverse_fw_0.33": 901.2059314118893,
            "max_inverse_hw_0.75": 881.2888785802148,
            "highest_peak_inverse_fw_0.5": 793.5697772062704,
            "max_inverse_fw_0.5": 680.5492266861336,
            "max_steapness_span_4": 660.655032901965,
            "highest_peak_steapness_span_5": 651.0787624372355,
            "peak_distance": 632.1526600007579,
            "max_inverse_hw_0.8": 531.1195962185157,
            "max_steapness_span_5": 490.12652143681186,
            "highest_peak_inverse_hw_0.66": 454.8053009868876,
            "highest_peak_inverse_hw_0.8": 421.7376704390633,
            "highest_peak_inverse_hw_0.75": 378.302589688795
        }
    }
}