{
    "metrics": {
        "conv1d_av": {
            "Fold1 pr-auc": 0.7925823406650919,
            "Fold2 pr-auc": 0.9063873484363218,
            "Fold3 pr-auc": 0.8909586874881622,
            "Fold4 pr-auc": 0.841999221195068,
            "Fold5 pr-auc": 0.940623741642553,
            "oof pr-auc": 0.8739682161847175
        }
    },
    "importances": {}
}