{
  "best": {
    "mAP": 0.9092552318862963,
    "loss": 0.03157246809029387
  },
  "last": {
    "mAP": 0.9028997779142216,
    "loss": 0.031829890099221936
  },
  "train.49": {
    "mAP": 0.9092552318862963,
    "loss": 0.03157246809029387
  },
  "epoch_0": [
    "output/39_peak_aug/20200606-10:40:56/fold4/checkpoints/train.1.pth",
    0.5748759164213734,
    {
      "mAP": 0.16986109327144222,
      "loss": 0.5748759164213734
    }
  ],
  "epoch_1": [
    "output/39_peak_aug/20200606-10:40:56/fold4/checkpoints/train.2.pth",
    0.42564923559248485,
    {
      "mAP": 0.27465487162529323,
      "loss": 0.42564923559248485
    }
  ],
  "epoch_2": [
    "output/39_peak_aug/20200606-10:40:56/fold4/checkpoints/train.3.pth",
    0.3195713369655545,
    {
      "mAP": 0.5520058970847219,
      "loss": 0.3195713369655545
    }
  ],
  "epoch_3": [
    "output/39_peak_aug/20200606-10:40:56/fold4/checkpoints/train.4.pth",
    0.12602945336998111,
    {
      "mAP": 0.6471748354104516,
      "loss": 0.12602945336998111
    }
  ],
  "epoch_4": [
    "output/39_peak_aug/20200606-10:40:56/fold4/checkpoints/train.5.pth",
    0.10565875989723783,
    {
      "mAP": 0.816374099993538,
      "loss": 0.10565875989723783
    }
  ],
  "epoch_5": [
    "output/39_peak_aug/20200606-10:40:56/fold4/checkpoints/train.6.pth",
    0.04407887261238127,
    {
      "mAP": 0.8172775849581483,
      "loss": 0.04407887261238127
    }
  ],
  "epoch_6": [
    "output/39_peak_aug/20200606-10:40:56/fold4/checkpoints/train.7.pth",
    0.05293751819649237,
    {
      "mAP": 0.8464356009181923,
      "loss": 0.05293751819649237
    }
  ],
  "epoch_7": [
    "output/39_peak_aug/20200606-10:40:56/fold4/checkpoints/train.8.pth",
    0.03987776400632881,
    {
      "mAP": 0.864344235898798,
      "loss": 0.03987776400632881
    }
  ],
  "epoch_8": [
    "output/39_peak_aug/20200606-10:40:56/fold4/checkpoints/train.9.pth",
    0.04099108365933688,
    {
      "mAP": 0.852617092220342,
      "loss": 0.04099108365933688
    }
  ],
  "epoch_9": [
    "output/39_peak_aug/20200606-10:40:56/fold4/checkpoints/train.10.pth",
    0.037765399494634914,
    {
      "mAP": 0.8648200193022489,
      "loss": 0.037765399494634914
    }
  ],
  "epoch_10": [
    "output/39_peak_aug/20200606-10:40:56/fold4/checkpoints/train.11.pth",
    0.041585248291853213,
    {
      "mAP": 0.8450088308776988,
      "loss": 0.041585248291853213
    }
  ],
  "epoch_11": [
    "output/39_peak_aug/20200606-10:40:56/fold4/checkpoints/train.12.pth",
    0.039975589853990134,
    {
      "mAP": 0.8536702581076395,
      "loss": 0.039975589853990134
    }
  ],
  "epoch_12": [
    "output/39_peak_aug/20200606-10:40:56/fold4/checkpoints/train.13.pth",
    0.04171921738950134,
    {
      "mAP": 0.8487189296039017,
      "loss": 0.04171921738950134
    }
  ],
  "epoch_13": [
    "output/39_peak_aug/20200606-10:40:56/fold4/checkpoints/train.14.pth",
    0.03770717355675078,
    {
      "mAP": 0.8649632726060211,
      "loss": 0.03770717355675078
    }
  ],
  "epoch_14": [
    "output/39_peak_aug/20200606-10:40:56/fold4/checkpoints/train.15.pth",
    0.03789147981408064,
    {
      "mAP": 0.8601645685116939,
      "loss": 0.03789147981408064
    }
  ],
  "epoch_15": [
    "output/39_peak_aug/20200606-10:40:56/fold4/checkpoints/train.16.pth",
    0.04196157995874479,
    {
      "mAP": 0.8637188645632691,
      "loss": 0.04196157995874479
    }
  ],
  "epoch_16": [
    "output/39_peak_aug/20200606-10:40:56/fold4/checkpoints/train.17.pth",
    0.04509346381020209,
    {
      "mAP": 0.8714914082660609,
      "loss": 0.04509346381020209
    }
  ],
  "epoch_17": [
    "output/39_peak_aug/20200606-10:40:56/fold4/checkpoints/train.18.pth",
    0.039796552399740816,
    {
      "mAP": 0.8487005370417836,
      "loss": 0.039796552399740816
    }
  ],
  "epoch_18": [
    "output/39_peak_aug/20200606-10:40:56/fold4/checkpoints/train.19.pth",
    0.03974457791609979,
    {
      "mAP": 0.8650060303414459,
      "loss": 0.03974457791609979
    }
  ],
  "epoch_19": [
    "output/39_peak_aug/20200606-10:40:56/fold4/checkpoints/train.20.pth",
    0.04716044066382401,
    {
      "mAP": 0.8706775305364017,
      "loss": 0.04716044066382401
    }
  ],
  "epoch_20": [
    "output/39_peak_aug/20200606-10:40:56/fold4/checkpoints/train.21.pth",
    0.05324760273539868,
    {
      "mAP": 0.865761208953631,
      "loss": 0.05324760273539868
    }
  ],
  "epoch_21": [
    "output/39_peak_aug/20200606-10:40:56/fold4/checkpoints/train.22.pth",
    0.03819824097065534,
    {
      "mAP": 0.8766594697610502,
      "loss": 0.03819824097065534
    }
  ],
  "epoch_22": [
    "output/39_peak_aug/20200606-10:40:56/fold4/checkpoints/train.23.pth",
    0.04416638515293398,
    {
      "mAP": 0.8614507000028189,
      "loss": 0.04416638515293398
    }
  ],
  "epoch_23": [
    "output/39_peak_aug/20200606-10:40:56/fold4/checkpoints/train.24.pth",
    0.040634230708687116,
    {
      "mAP": 0.8561583318164316,
      "loss": 0.040634230708687116
    }
  ],
  "epoch_24": [
    "output/39_peak_aug/20200606-10:40:56/fold4/checkpoints/train.25.pth",
    0.03969210920894234,
    {
      "mAP": 0.8596108848056192,
      "loss": 0.03969210920894234
    }
  ],
  "epoch_25": [
    "output/39_peak_aug/20200606-10:40:56/fold4/checkpoints/train.26.pth",
    0.038177505102968086,
    {
      "mAP": 0.881205426152403,
      "loss": 0.038177505102968086
    }
  ],
  "epoch_26": [
    "output/39_peak_aug/20200606-10:40:56/fold4/checkpoints/train.27.pth",
    0.03392782932612105,
    {
      "mAP": 0.8939916149414346,
      "loss": 0.03392782932612105
    }
  ],
  "epoch_27": [
    "output/39_peak_aug/20200606-10:40:56/fold4/checkpoints/train.28.pth",
    0.035734252584565786,
    {
      "mAP": 0.8864580393626081,
      "loss": 0.035734252584565786
    }
  ],
  "epoch_28": [
    "output/39_peak_aug/20200606-10:40:56/fold4/checkpoints/train.29.pth",
    0.03560384925612685,
    {
      "mAP": 0.884295282692745,
      "loss": 0.03560384925612685
    }
  ],
  "epoch_29": [
    "output/39_peak_aug/20200606-10:40:56/fold4/checkpoints/train.30.pth",
    0.036660434847300534,
    {
      "mAP": 0.8754617059757009,
      "loss": 0.036660434847300534
    }
  ],
  "epoch_30": [
    "output/39_peak_aug/20200606-10:40:56/fold4/checkpoints/train.31.pth",
    0.03782322537341852,
    {
      "mAP": 0.8736213492992584,
      "loss": 0.03782322537341852
    }
  ],
  "epoch_31": [
    "output/39_peak_aug/20200606-10:40:56/fold4/checkpoints/train.32.pth",
    0.038305323182654685,
    {
      "mAP": 0.860979946563737,
      "loss": 0.038305323182654685
    }
  ],
  "epoch_32": [
    "output/39_peak_aug/20200606-10:40:56/fold4/checkpoints/train.33.pth",
    0.03591693927757517,
    {
      "mAP": 0.8843536106369417,
      "loss": 0.03591693927757517
    }
  ],
  "epoch_33": [
    "output/39_peak_aug/20200606-10:40:56/fold4/checkpoints/train.34.pth",
    0.03519266894401603,
    {
      "mAP": 0.8875127169391149,
      "loss": 0.03519266894401603
    }
  ],
  "epoch_34": [
    "output/39_peak_aug/20200606-10:40:56/fold4/checkpoints/train.35.pth",
    0.03519670402715089,
    {
      "mAP": 0.8896878668882631,
      "loss": 0.03519670402715089
    }
  ],
  "epoch_35": [
    "output/39_peak_aug/20200606-10:40:56/fold4/checkpoints/train.36.pth",
    0.03812256817678998,
    {
      "mAP": 0.8684284039297134,
      "loss": 0.03812256817678998
    }
  ],
  "epoch_36": [
    "output/39_peak_aug/20200606-10:40:56/fold4/checkpoints/train.37.pth",
    0.040502715199464266,
    {
      "mAP": 0.8844662271013811,
      "loss": 0.040502715199464266
    }
  ],
  "epoch_37": [
    "output/39_peak_aug/20200606-10:40:56/fold4/checkpoints/train.38.pth",
    0.039260463291815484,
    {
      "mAP": 0.859890336683324,
      "loss": 0.039260463291815484
    }
  ],
  "epoch_38": [
    "output/39_peak_aug/20200606-10:40:56/fold4/checkpoints/train.39.pth",
    0.03785499108663404,
    {
      "mAP": 0.8724514963291018,