{
  "best": {
    "mAP": 0.9308048044083658,
    "loss": 0.022581260086418642
  },
  "last": {
    "mAP": 0.9057699254842864,
    "loss": 0.04301101486646416
  },
  "train.38": {
    "mAP": 0.9308048044083658,
    "loss": 0.022581260086418642
  },
  "epoch_0": [
    "output/38_no_crop/20200606-09:20:06/fold2/checkpoints/train.1.pth",
    0.6015488384310319,
    {
      "mAP": 0.16057733870357277,
      "loss": 0.6015488384310319
    }
  ],
  "epoch_1": [
    "output/38_no_crop/20200606-09:20:06/fold2/checkpoints/train.2.pth",
    0.4413896785058186,
    {
      "mAP": 0.2894910020313883,
      "loss": 0.4413896785058186
    }
  ],
  "epoch_2": [
    "output/38_no_crop/20200606-09:20:06/fold2/checkpoints/train.3.pth",
    0.2712851662562049,
    {
      "mAP": 0.6545361489680007,
      "loss": 0.2712851662562049
    }
  ],
  "epoch_3": [
    "output/38_no_crop/20200606-09:20:06/fold2/checkpoints/train.4.pth",
    0.18983396199339575,
    {
      "mAP": 0.8430635634578254,
      "loss": 0.18983396199339575
    }
  ],
  "epoch_4": [
    "output/38_no_crop/20200606-09:20:06/fold2/checkpoints/train.5.pth",
    0.09344661449255684,
    {
      "mAP": 0.869089734882347,
      "loss": 0.09344661449255684
    }
  ],
  "epoch_5": [
    "output/38_no_crop/20200606-09:20:06/fold2/checkpoints/train.6.pth",
    0.04590860742226333,
    {
      "mAP": 0.8756940463887478,
      "loss": 0.04590860742226333
    }
  ],
  "epoch_6": [
    "output/38_no_crop/20200606-09:20:06/fold2/checkpoints/train.7.pth",
    0.03679724467796773,
    {
      "mAP": 0.9040192740734159,
      "loss": 0.03679724467796773
    }
  ],
  "epoch_7": [
    "output/38_no_crop/20200606-09:20:06/fold2/checkpoints/train.8.pth",
    0.03433652341781684,
    {
      "mAP": 0.9049074137097693,
      "loss": 0.03433652341781684
    }
  ],
  "epoch_8": [
    "output/38_no_crop/20200606-09:20:06/fold2/checkpoints/train.9.pth",
    0.02744190482436488,
    {
      "mAP": 0.9258025298466155,
      "loss": 0.02744190482436488
    }
  ],
  "epoch_9": [
    "output/38_no_crop/20200606-09:20:06/fold2/checkpoints/train.10.pth",
    0.028517201214668008,
    {
      "mAP": 0.9053743427561467,
      "loss": 0.028517201214668008
    }
  ],
  "epoch_10": [
    "output/38_no_crop/20200606-09:20:06/fold2/checkpoints/train.11.pth",
    0.02855601292491841,
    {
      "mAP": 0.9063493410249739,
      "loss": 0.02855601292491841
    }
  ],
  "epoch_11": [
    "output/38_no_crop/20200606-09:20:06/fold2/checkpoints/train.12.pth",
    0.02887964008154289,
    {
      "mAP": 0.9021077861746987,
      "loss": 0.02887964008154289
    }
  ],
  "epoch_12": [
    "output/38_no_crop/20200606-09:20:06/fold2/checkpoints/train.13.pth",
    0.02660556380569975,
    {
      "mAP": 0.9225944328064553,
      "loss": 0.02660556380569975
    }
  ],
  "epoch_13": [
    "output/38_no_crop/20200606-09:20:06/fold2/checkpoints/train.14.pth",
    0.02944734672531636,
    {
      "mAP": 0.9125060444686159,
      "loss": 0.02944734672531636
    }
  ],
  "epoch_14": [
    "output/38_no_crop/20200606-09:20:06/fold2/checkpoints/train.15.pth",
    0.02776538897694039,
    {
      "mAP": 0.9216484287510966,
      "loss": 0.02776538897694039
    }
  ],
  "epoch_15": [
    "output/38_no_crop/20200606-09:20:06/fold2/checkpoints/train.16.pth",
    0.03478584420900459,
    {
      "mAP": 0.9053711459650894,
      "loss": 0.03478584420900459
    }
  ],
  "epoch_16": [
    "output/38_no_crop/20200606-09:20:06/fold2/checkpoints/train.17.pth",
    0.03870969479145744,
    {
      "mAP": 0.9207568142326431,
      "loss": 0.03870969479145744
    }
  ],
  "epoch_17": [
    "output/38_no_crop/20200606-09:20:06/fold2/checkpoints/train.18.pth",
    0.030990190837825393,
    {
      "mAP": 0.9217584988626918,
      "loss": 0.030990190837825393
    }
  ],
  "epoch_18": [
    "output/38_no_crop/20200606-09:20:06/fold2/checkpoints/train.19.pth",
    0.0346759908319662,
    {
      "mAP": 0.9231312158789583,
      "loss": 0.0346759908319662
    }
  ],
  "epoch_19": [
    "output/38_no_crop/20200606-09:20:06/fold2/checkpoints/train.20.pth",
    0.03258288597716889,
    {
      "mAP": 0.909669731788658,
      "loss": 0.03258288597716889
    }
  ],
  "epoch_20": [
    "output/38_no_crop/20200606-09:20:06/fold2/checkpoints/train.21.pth",
    0.03205773568315721,
    {
      "mAP": 0.9140211706102028,
      "loss": 0.03205773568315721
    }
  ],
  "epoch_21": [
    "output/38_no_crop/20200606-09:20:06/fold2/checkpoints/train.22.pth",
    0.025904590474402817,
    {
      "mAP": 0.9220182798063273,
      "loss": 0.025904590474402817
    }
  ],
  "epoch_22": [
    "output/38_no_crop/20200606-09:20:06/fold2/checkpoints/train.23.pth",
    0.02410412383238862,
    {
      "mAP": 0.9259601361862604,
      "loss": 0.02410412383238862
    }
  ],
  "epoch_23": [
    "output/38_no_crop/20200606-09:20:06/fold2/checkpoints/train.24.pth",
    0.033842786284766106,
    {
      "mAP": 0.9254722924558393,
      "loss": 0.033842786284766106
    }
  ],
  "epoch_24": [
    "output/38_no_crop/20200606-09:20:06/fold2/checkpoints/train.25.pth",
    0.024099364180290708,
    {
      "mAP": 0.9171133214643336,
      "loss": 0.024099364180290708
    }
  ],
  "epoch_25": [
    "output/38_no_crop/20200606-09:20:06/fold2/checkpoints/train.26.pth",
    0.023623202861648082,
    {
      "mAP": 0.9496296280227075,
      "loss": 0.023623202861648082
    }
  ],
  "epoch_26": [
    "output/38_no_crop/20200606-09:20:06/fold2/checkpoints/train.27.pth",
    0.02553190210572348,
    {
      "mAP": 0.9140970253187971,
      "loss": 0.02553190210572348
    }
  ],
  "epoch_27": [
    "output/38_no_crop/20200606-09:20:06/fold2/checkpoints/train.28.pth",
    0.024742928984316306,
    {
      "mAP": 0.9230975280523401,
      "loss": 0.024742928984316306
    }
  ],
  "epoch_28": [
    "output/38_no_crop/20200606-09:20:06/fold2/checkpoints/train.29.pth",
    0.025808879704150123,
    {
      "mAP": 0.9290951932344675,
      "loss": 0.025808879704150123
    }
  ],
  "epoch_29": [
    "output/38_no_crop/20200606-09:20:06/fold2/checkpoints/train.30.pth",
    0.02262096809036654,
    {
      "mAP": 0.9419429611745301,
      "loss": 0.02262096809036654
    }
  ],
  "epoch_30": [
    "output/38_no_crop/20200606-09:20:06/fold2/checkpoints/train.31.pth",
    0.024618135340556895,
    {
      "mAP": 0.9264066857384924,
      "loss": 0.024618135340556895
    }
  ],
  "epoch_31": [
    "output/38_no_crop/20200606-09:20:06/fold2/checkpoints/train.32.pth",
    0.022885153177191166,
    {
      "mAP": 0.9400547101935113,
      "loss": 0.022885153177191166
    }
  ],
  "epoch_32": [
    "output/38_no_crop/20200606-09:20:06/fold2/checkpoints/train.33.pth",
    0.0259986780615174,
    {
      "mAP": 0.920965564139044,
      "loss": 0.0259986780615174
    }
  ],
  "epoch_33": [
    "output/38_no_crop/20200606-09:20:06/fold2/checkpoints/train.34.pth",
    0.03938124015321047,
    {
      "mAP": 0.937866059784273,
      "loss": 0.03938124015321047
    }
  ],
  "epoch_34": [
    "output/38_no_crop/20200606-09:20:06/fold2/checkpoints/train.35.pth",
    0.02543591418213987,
    {
      "mAP": 0.927606843399166,
      "loss": 0.02543591418213987
    }
  ],
  "epoch_35": [
    "output/38_no_crop/20200606-09:20:06/fold2/checkpoints/train.36.pth",
    0.04760781293528226,
    {
      "mAP": 0.9271384217272357,
      "loss": 0.04760781293528226
    }
  ],
  "epoch_36": [
    "output/38_no_crop/20200606-09:20:06/fold2/checkpoints/train.37.pth",
    0.028786983354757437,
    {
      "mAP": 0.9357744798390785,
      "loss": 0.028786983354757437
    }
  ],
  "epoch_37": [
    "output/38_no_crop/20200606-09:20:06/fold2/checkpoints/train.38.pth",
    0.022581260086418642,
    {
      "mAP": 0.9308048044083658,
      "loss": 0.022581260086418642
    }
  ],
  "epoch_38": [
    "output/38_no_crop/20200606-09:20:06/fold2/checkpoints/train.39.pth",
    0.030551878479888717,
    {
      "mAP": 0.9294050393348564,