{
  "best": {
    "mAP": 0.07635700157319177,
    "loss": 0.18726280219452354
  },
  "last": {
    "mAP": 0.07635700157319177,
    "loss": 0.18726280219452354
  },
  "train.2": {
    "mAP": 0.07635700157319177,
    "loss": 0.18726280219452354
  },
  "epoch_0": [
    "output/35_conv1d_param_tune/20200605-23:55:43/fold1/checkpoints/train.1.pth",
    0.4615372685335016,
    {
      "mAP": 0.05325451794588539,
      "loss": 0.4615372685335016
    }
  ],
  "epoch_1": [
    "output/35_conv1d_param_tune/20200605-23:55:43/fold1/checkpoints/train.2.pth",
    0.18726280219452354,
    {
      "mAP": 0.07635700157319177,
      "loss": 0.18726280219452354
    }
  ],
  "train.3.exception_KeyboardInterrupt": {}
}