{
  "best": {
    "mAP": 0.9177348300252053,
    "loss": 0.0258349047443894
  },
  "last": {
    "mAP": 0.9085259793141582,
    "loss": 0.027645379095698412
  },
  "train.27": {
    "mAP": 0.9177348300252053,
    "loss": 0.0258349047443894
  },
  "epoch_0": [
    "output/35_conv1d_param_tune/20200605-23:56:20/fold5/checkpoints/train.1.pth",
    0.4699028882109726,
    {
      "mAP": 0.08201557132654007,
      "loss": 0.4699028882109726
    }
  ],
  "epoch_1": [
    "output/35_conv1d_param_tune/20200605-23:56:20/fold5/checkpoints/train.2.pth",
    0.1794306289231769,
    {
      "mAP": 0.1584614436648328,
      "loss": 0.1794306289231769
    }
  ],
  "epoch_2": [
    "output/35_conv1d_param_tune/20200605-23:56:20/fold5/checkpoints/train.3.pth",
    0.12533634497202237,
    {
      "mAP": 0.36446730261287397,
      "loss": 0.12533634497202237
    }
  ],
  "epoch_3": [
    "output/35_conv1d_param_tune/20200605-23:56:20/fold5/checkpoints/train.4.pth",
    0.09750860343764273,
    {
      "mAP": 0.7650797613695515,
      "loss": 0.09750860343764273
    }
  ],
  "epoch_4": [
    "output/35_conv1d_param_tune/20200605-23:56:20/fold5/checkpoints/train.5.pth",
    0.06424521736264549,
    {
      "mAP": 0.8134100097531238,
      "loss": 0.06424521736264549
    }
  ],
  "epoch_5": [
    "output/35_conv1d_param_tune/20200605-23:56:20/fold5/checkpoints/train.6.pth",
    0.05453215279411612,
    {
      "mAP": 0.8284728969652289,
      "loss": 0.05453215279411612
    }
  ],
  "epoch_6": [
    "output/35_conv1d_param_tune/20200605-23:56:20/fold5/checkpoints/train.7.pth",
    0.03973280899001194,
    {
      "mAP": 0.84869589697155,
      "loss": 0.03973280899001194
    }
  ],
  "epoch_7": [
    "output/35_conv1d_param_tune/20200605-23:56:20/fold5/checkpoints/train.8.pth",
    0.03500387998123696,
    {
      "mAP": 0.8604638175882965,
      "loss": 0.03500387998123696
    }
  ],
  "epoch_8": [
    "output/35_conv1d_param_tune/20200605-23:56:20/fold5/checkpoints/train.9.pth",
    0.03266947742779542,
    {
      "mAP": 0.8742435415949854,
      "loss": 0.03266947742779542
    }
  ],
  "epoch_9": [
    "output/35_conv1d_param_tune/20200605-23:56:20/fold5/checkpoints/train.10.pth",
    0.033443429300006634,
    {
      "mAP": 0.8601883963693406,
      "loss": 0.033443429300006634
    }
  ],
  "epoch_10": [
    "output/35_conv1d_param_tune/20200605-23:56:20/fold5/checkpoints/train.11.pth",
    0.03378810784788884,
    {
      "mAP": 0.8768481408402512,
      "loss": 0.03378810784788884
    }
  ],
  "epoch_11": [
    "output/35_conv1d_param_tune/20200605-23:56:20/fold5/checkpoints/train.12.pth",
    0.03478408769329242,
    {
      "mAP": 0.8600575340821225,
      "loss": 0.03478408769329242
    }
  ],
  "epoch_12": [
    "output/35_conv1d_param_tune/20200605-23:56:20/fold5/checkpoints/train.13.pth",
    0.03366761505052638,
    {
      "mAP": 0.8590574715812889,
      "loss": 0.03366761505052638
    }
  ],
  "epoch_13": [
    "output/35_conv1d_param_tune/20200605-23:56:20/fold5/checkpoints/train.14.pth",
    0.031580679246400456,
    {
      "mAP": 0.8947952632048477,
      "loss": 0.031580679246400456
    }
  ],
  "epoch_14": [
    "output/35_conv1d_param_tune/20200605-23:56:20/fold5/checkpoints/train.15.pth",
    0.039235361970124345,
    {
      "mAP": 0.8497431244392024,
      "loss": 0.039235361970124345
    }
  ],
  "epoch_15": [
    "output/35_conv1d_param_tune/20200605-23:56:20/fold5/checkpoints/train.16.pth",
    0.032545530532249366,
    {
      "mAP": 0.8955699338547134,
      "loss": 0.032545530532249366
    }
  ],
  "epoch_16": [
    "output/35_conv1d_param_tune/20200605-23:56:20/fold5/checkpoints/train.17.pth",
    0.0394089814368197,
    {
      "mAP": 0.8754056554823333,
      "loss": 0.0394089814368197
    }
  ],
  "epoch_17": [
    "output/35_conv1d_param_tune/20200605-23:56:20/fold5/checkpoints/train.18.pth",
    0.06134339744161261,
    {
      "mAP": 0.8681178237314495,
      "loss": 0.06134339744161261
    }
  ],
  "epoch_18": [
    "output/35_conv1d_param_tune/20200605-23:56:20/fold5/checkpoints/train.19.pth",
    0.03776865328268149,
    {
      "mAP": 0.885083697471207,
      "loss": 0.03776865328268149
    }
  ],
  "epoch_19": [
    "output/35_conv1d_param_tune/20200605-23:56:20/fold5/checkpoints/train.20.pth",
    0.04027423819072329,
    {
      "mAP": 0.8679502780392255,
      "loss": 0.04027423819072329
    }
  ],
  "epoch_20": [
    "output/35_conv1d_param_tune/20200605-23:56:20/fold5/checkpoints/train.21.pth",
    0.03495825936788569,
    {
      "mAP": 0.8698773678661023,
      "loss": 0.03495825936788569
    }
  ],
  "epoch_21": [
    "output/35_conv1d_param_tune/20200605-23:56:20/fold5/checkpoints/train.22.pth",
    0.033160215421569134,
    {
      "mAP": 0.8982796531434382,
      "loss": 0.033160215421569134
    }
  ],
  "epoch_22": [
    "output/35_conv1d_param_tune/20200605-23:56:20/fold5/checkpoints/train.23.pth",
    0.03405056182212411,
    {
      "mAP": 0.8774422011108155,
      "loss": 0.03405056182212411
    }
  ],
  "epoch_23": [
    "output/35_conv1d_param_tune/20200605-23:56:20/fold5/checkpoints/train.24.pth",
    0.03346168796112855,
    {
      "mAP": 0.8958921027180125,
      "loss": 0.03346168796112855
    }
  ],
  "epoch_24": [
    "output/35_conv1d_param_tune/20200605-23:56:20/fold5/checkpoints/train.25.pth",
    0.034169580694726434,
    {
      "mAP": 0.8855097898290761,
      "loss": 0.034169580694726434
    }
  ],
  "epoch_25": [
    "output/35_conv1d_param_tune/20200605-23:56:20/fold5/checkpoints/train.26.pth",
    0.029923058141877207,
    {
      "mAP": 0.8967515227232647,
      "loss": 0.029923058141877207
    }
  ],
  "epoch_26": [
    "output/35_conv1d_param_tune/20200605-23:56:20/fold5/checkpoints/train.27.pth",
    0.0258349047443894,
    {
      "mAP": 0.9177348300252053,
      "loss": 0.0258349047443894
    }
  ],
  "epoch_27": [
    "output/35_conv1d_param_tune/20200605-23:56:20/fold5/checkpoints/train.28.pth",
    0.03077904085385054,
    {
      "mAP": 0.8960296142883761,
      "loss": 0.03077904085385054
    }
  ],
  "epoch_28": [
    "output/35_conv1d_param_tune/20200605-23:56:20/fold5/checkpoints/train.29.pth",
    0.03154813557319599,
    {
      "mAP": 0.8965449256083076,
      "loss": 0.03154813557319599
    }
  ],
  "epoch_29": [
    "output/35_conv1d_param_tune/20200605-23:56:20/fold5/checkpoints/train.30.pth",
    0.032215430673710355,
    {
      "mAP": 0.9049213694964604,
      "loss": 0.032215430673710355
    }
  ],
  "epoch_30": [
    "output/35_conv1d_param_tune/20200605-23:56:20/fold5/checkpoints/train.31.pth",
    0.030300921084711274,
    {
      "mAP": 0.9077150777567313,
      "loss": 0.030300921084711274
    }
  ],
  "epoch_31": [
    "output/35_conv1d_param_tune/20200605-23:56:20/fold5/checkpoints/train.32.pth",
    0.03250866283480361,
    {
      "mAP": 0.878948741514732,
      "loss": 0.03250866283480361
    }
  ],
  "epoch_32": [
    "output/35_conv1d_param_tune/20200605-23:56:20/fold5/checkpoints/train.33.pth",
    0.027428702766322498,
    {
      "mAP": 0.9066781645860216,
      "loss": 0.027428702766322498
    }
  ],
  "epoch_33": [
    "output/35_conv1d_param_tune/20200605-23:56:20/fold5/checkpoints/train.34.pth",
    0.030459298786695323,
    {
      "mAP": 0.8889301270275789,
      "loss": 0.030459298786695323
    }
  ],
  "epoch_34": [
    "output/35_conv1d_param_tune/20200605-23:56:20/fold5/checkpoints/train.35.pth",
    0.03396301532681548,
    {
      "mAP": 0.8862484671407106,
      "loss": 0.03396301532681548
    }
  ],
  "epoch_35": [
    "output/35_conv1d_param_tune/20200605-23:56:20/fold5/checkpoints/train.36.pth",
    0.03624142863096891,
    {
      "mAP": 0.8975997003184213,
      "loss": 0.03624142863096891
    }
  ],
  "epoch_36": [
    "output/35_conv1d_param_tune/20200605-23:56:20/fold5/checkpoints/train.37.pth",
    0.04201520951846821,
    {
      "mAP": 0.8907365157623898,
      "loss": 0.04201520951846821
    }
  ],