{
    "metrics": {
        "lgbm_av": {
            "Fold1 auc": 0.8709851031205256,
            "Fold2 auc": 0.8712434738701129,
            "Fold3 auc": 0.8686994920355686,
            "Fold4 auc": 0.8571059363992484,
            "Fold5 auc": 0.8711147112873584,
            "oof auc": 0.8676305161157335
        },
        "lgbm_vsb_1st": {
            "Fold1 pr-auc": 0.852502374222398,
            "Fold2 pr-auc": 0.8439029181889921,
            "Fold3 pr-auc": 0.8591068297457247,
            "Fold4 pr-auc": 0.7825235853237849,
            "Fold5 pr-auc": 0.8523630701652176,
            "oof pr-auc": 0.8391033089307658
        }
    },
    "importances": {
        "lgbm_av": {
            "spectrum_mean": 91504.7210410733,
            "spectrum_nunique": 39894.80487161953,
            "params2": 39701.21731736971,
            "params0": 31413.547042894024,
            "params5": 28805.896335441386,
            "rms": 27909.793160733447,
            "spectrum_min": 25249.053365265354,
            "params6": 19794.39074922679,
            "spectrum_std": 19567.35690881923,
            "spectrum_max": 14165.43263220396,
            "params4": 13633.25784161643,
            "spectrum_kurt": 13469.768103735169,
            "spectrum_skew": 13142.762572339438,
            "params3": 12724.38927711944,
            "beta": 11587.911020408308,
            "params1": 11458.234900447816,
            "exc_wl": 8896.114370216359
        },
        "lgbm_vsb_1st": {
            "params1": 8049.747056374786,
            "params3": 7589.126772875054,
            "spectrum_kurt": 6357.841404777278,
            "params2": 5641.9108977268115,
            "params6": 5362.945231756027,
            "spectrum_max": 4391.245448870661,
            "params5": 4168.820224948074,
            "beta": 4062.13934222799,
            "spectrum_std": 2096.697033012428,
            "params4": 1609.102711500042,
            "spectrum_skew": 1599.7997418131945,
            "rms": 1531.880145879419,
            "spectrum_min": 1468.8657145681836,
            "params0": 1412.8490701522028,
            "spectrum_nunique": 1363.7889910669744,
            "spectrum_mean": 1040.0826028944743,
            "exc_wl": 558.3011172181148
        }
    }
}