{
    "metrics": {
        "conv1d_av": {
            "Fold1 auc": 0.7542266335334769,
            "Fold2 auc": 0.7461539019069224,
            "Fold3 auc": 0.7586900429972369,
            "Fold4 auc": 0.7311332580260786,
            "Fold5 auc": 0.7576883644453041,
            "oof auc": 0.7495230396429277,
            "Fold1 pr-auc": 0.7925823406650919,
            "Fold2 pr-auc": 0.9063873484363218,
            "Fold3 pr-auc": 0.8909586874881622,
            "Fold4 pr-auc": 0.841999221195068,
            "Fold5 pr-auc": 0.940623741642553,
            "oof pr-auc": 0.8739682161847175
        }
    },
    "importances": {}
}