{
  "best": {
    "mAP": 0.9121073577226404,
    "loss": 0.02934163149443744
  },
  "last": {
    "mAP": 0.8775972925832883,
    "loss": 0.03653746425714682
  },
  "train.40": {
    "mAP": 0.9121073577226404,
    "loss": 0.02934163149443744
  },
  "epoch_0": [
    "output/42_nn_model_ensemble/crop/fold2/checkpoints/train.1.pth",
    0.5286125849378774,
    {
      "mAP": 0.15843135835404126,
      "loss": 0.5286125849378774
    }
  ],
  "epoch_1": [
    "output/42_nn_model_ensemble/crop/fold2/checkpoints/train.2.pth",
    0.38394222779809506,
    {
      "mAP": 0.16785605719631624,
      "loss": 0.38394222779809506
    }
  ],
  "epoch_2": [
    "output/42_nn_model_ensemble/crop/fold2/checkpoints/train.3.pth",
    0.248676665553168,
    {
      "mAP": 0.29514709264026284,
      "loss": 0.248676665553168
    }
  ],
  "epoch_3": [
    "output/42_nn_model_ensemble/crop/fold2/checkpoints/train.4.pth",
    0.12685262769079883,
    {
      "mAP": 0.6330843947696365,
      "loss": 0.12685262769079883
    }
  ],
  "epoch_4": [
    "output/42_nn_model_ensemble/crop/fold2/checkpoints/train.5.pth",
    0.06550330638123905,
    {
      "mAP": 0.7006663940066314,
      "loss": 0.06550330638123905
    }
  ],
  "epoch_5": [
    "output/42_nn_model_ensemble/crop/fold2/checkpoints/train.6.pth",
    0.047023576940456814,
    {
      "mAP": 0.8317654528528133,
      "loss": 0.047023576940456814
    }
  ],
  "epoch_6": [
    "output/42_nn_model_ensemble/crop/fold2/checkpoints/train.7.pth",
    0.0454170441539318,
    {
      "mAP": 0.8056771166230772,
      "loss": 0.0454170441539318
    }
  ],
  "epoch_7": [
    "output/42_nn_model_ensemble/crop/fold2/checkpoints/train.8.pth",
    0.044140001527198464,
    {
      "mAP": 0.8084391514399278,
      "loss": 0.044140001527198464
    }
  ],
  "epoch_8": [
    "output/42_nn_model_ensemble/crop/fold2/checkpoints/train.9.pth",
    0.03760184116646517,
    {
      "mAP": 0.8022375579264457,
      "loss": 0.03760184116646517
    }
  ],
  "epoch_9": [
    "output/42_nn_model_ensemble/crop/fold2/checkpoints/train.10.pth",
    0.04291523513262033,
    {
      "mAP": 0.7989367077442695,
      "loss": 0.04291523513262033
    }
  ],
  "epoch_10": [
    "output/42_nn_model_ensemble/crop/fold2/checkpoints/train.11.pth",
    0.037056340354356336,
    {
      "mAP": 0.8574069715971556,
      "loss": 0.037056340354356336
    }
  ],
  "epoch_11": [
    "output/42_nn_model_ensemble/crop/fold2/checkpoints/train.12.pth",
    0.04230421066043677,
    {
      "mAP": 0.8207600297447667,
      "loss": 0.04230421066043677
    }
  ],
  "epoch_12": [
    "output/42_nn_model_ensemble/crop/fold2/checkpoints/train.13.pth",
    0.04854570284596048,
    {
      "mAP": 0.8240282765227204,
      "loss": 0.04854570284596048
    }
  ],
  "epoch_13": [
    "output/42_nn_model_ensemble/crop/fold2/checkpoints/train.14.pth",
    0.03847298720537133,
    {
      "mAP": 0.8353896882686768,
      "loss": 0.03847298720537133
    }
  ],
  "epoch_14": [
    "output/42_nn_model_ensemble/crop/fold2/checkpoints/train.15.pth",
    0.04559692344362093,
    {
      "mAP": 0.8376079524258464,
      "loss": 0.04559692344362093
    }
  ],
  "epoch_15": [
    "output/42_nn_model_ensemble/crop/fold2/checkpoints/train.16.pth",
    0.04657137832869278,
    {
      "mAP": 0.8422618614982263,
      "loss": 0.04657137832869278
    }
  ],
  "epoch_16": [
    "output/42_nn_model_ensemble/crop/fold2/checkpoints/train.17.pth",
    0.04529898989226647,
    {
      "mAP": 0.8124110672623447,
      "loss": 0.04529898989226647
    }
  ],
  "epoch_17": [
    "output/42_nn_model_ensemble/crop/fold2/checkpoints/train.18.pth",
    0.041303270068658464,
    {
      "mAP": 0.8423737750660629,
      "loss": 0.041303270068658464
    }
  ],
  "epoch_18": [
    "output/42_nn_model_ensemble/crop/fold2/checkpoints/train.19.pth",
    0.03799624187169094,
    {
      "mAP": 0.8677803511747407,
      "loss": 0.03799624187169094
    }
  ],
  "epoch_19": [
    "output/42_nn_model_ensemble/crop/fold2/checkpoints/train.20.pth",
    0.07368044312680096,
    {
      "mAP": 0.819264073371358,
      "loss": 0.07368044312680096
    }
  ],
  "epoch_20": [
    "output/42_nn_model_ensemble/crop/fold2/checkpoints/train.21.pth",
    0.036360281496418345,
    {
      "mAP": 0.8771707756003227,
      "loss": 0.036360281496418345
    }
  ],
  "epoch_21": [
    "output/42_nn_model_ensemble/crop/fold2/checkpoints/train.22.pth",
    0.03316093622265282,
    {
      "mAP": 0.8917990942645481,
      "loss": 0.03316093622265282
    }
  ],
  "epoch_22": [
    "output/42_nn_model_ensemble/crop/fold2/checkpoints/train.23.pth",
    0.0486410085735661,
    {
      "mAP": 0.8613242609584013,
      "loss": 0.0486410085735661
    }
  ],
  "epoch_23": [
    "output/42_nn_model_ensemble/crop/fold2/checkpoints/train.24.pth",
    0.04578999292654084,
    {
      "mAP": 0.8465880663316604,
      "loss": 0.04578999292654084
    }
  ],
  "epoch_24": [
    "output/42_nn_model_ensemble/crop/fold2/checkpoints/train.25.pth",
    0.0399187032995143,
    {
      "mAP": 0.8836770126950317,
      "loss": 0.0399187032995143
    }
  ],
  "epoch_25": [
    "output/42_nn_model_ensemble/crop/fold2/checkpoints/train.26.pth",
    0.03987360561533349,
    {
      "mAP": 0.8750149528293101,
      "loss": 0.03987360561533349
    }
  ],
  "epoch_26": [
    "output/42_nn_model_ensemble/crop/fold2/checkpoints/train.27.pth",
    0.03787660220714327,
    {
      "mAP": 0.8735030408011867,
      "loss": 0.03787660220714327
    }
  ],
  "epoch_27": [
    "output/42_nn_model_ensemble/crop/fold2/checkpoints/train.28.pth",
    0.04434798149330631,
    {
      "mAP": 0.8453811470064038,
      "loss": 0.04434798149330631
    }
  ],
  "epoch_28": [
    "output/42_nn_model_ensemble/crop/fold2/checkpoints/train.29.pth",
    0.03941151859500541,
    {
      "mAP": 0.8679771935306745,
      "loss": 0.03941151859500541
    }
  ],
  "epoch_29": [
    "output/42_nn_model_ensemble/crop/fold2/checkpoints/train.30.pth",
    0.03368002621465749,
    {
      "mAP": 0.8933785533764463,
      "loss": 0.03368002621465749
    }
  ],
  "epoch_30": [
    "output/42_nn_model_ensemble/crop/fold2/checkpoints/train.31.pth",
    0.03535848519017653,
    {
      "mAP": 0.8843832353736089,
      "loss": 0.03535848519017653
    }
  ],
  "epoch_31": [
    "output/42_nn_model_ensemble/crop/fold2/checkpoints/train.32.pth",
    0.03172361411069092,
    {
      "mAP": 0.9072614077044376,
      "loss": 0.03172361411069092
    }
  ],
  "epoch_32": [
    "output/42_nn_model_ensemble/crop/fold2/checkpoints/train.33.pth",
    0.03746550730990137,
    {
      "mAP": 0.8641386147901152,
      "loss": 0.03746550730990137
    }
  ],
  "epoch_33": [
    "output/42_nn_model_ensemble/crop/fold2/checkpoints/train.34.pth",
    0.03716881102966878,
    {
      "mAP": 0.8752662541500967,
      "loss": 0.03716881102966878
    }
  ],
  "epoch_34": [
    "output/42_nn_model_ensemble/crop/fold2/checkpoints/train.35.pth",
    0.033716560839334025,
    {
      "mAP": 0.8859883853911353,
      "loss": 0.033716560839334025
    }
  ],
  "epoch_35": [
    "output/42_nn_model_ensemble/crop/fold2/checkpoints/train.36.pth",
    0.04481631784218225,
    {
      "mAP": 0.852258604083622,
      "loss": 0.04481631784218225
    }
  ],
  "epoch_36": [
    "output/42_nn_model_ensemble/crop/fold2/checkpoints/train.37.pth",
    0.03787312444447269,
    {
      "mAP": 0.8680747517417278,
      "loss": 0.03787312444447269
    }
  ],
  "epoch_37": [
    "output/42_nn_model_ensemble/crop/fold2/checkpoints/train.38.pth",
    0.03910982332216788,
    {
      "mAP": 0.8792240731979818,
      "loss": 0.03910982332216788
    }
  ],
  "epoch_38": [
    "output/42_nn_model_ensemble/crop/fold2/checkpoints/train.39.pth",
    0.0406289470119611,
    {
      "mAP": 0.8416181440702266,
      "loss": 0.0406289470119611
    }
  ],