{
  "best": {
    "mAP": 0.9413119785619142,
    "loss": 0.020977742969989777,
    "_timer/data_time": 1.5115766525268555,
    "_timer/model_time": 0.01715707778930664,
    "_timer/batch_time": 1.5287437438964844,
    "_timer/_fps": 29539.732317576734
  },
  "last": {
    "mAP": 0.9422970820634657,
    "loss": 0.021949800197035074,
    "_timer/data_time": 1.447257161140442,
    "_timer/model_time": 0.01582491397857666,
    "_timer/batch_time": 1.463090419769287,
    "_timer/_fps": 29602.87439935065
  },
  "train.44": {
    "mAP": 0.9413119785619142,
    "loss": 0.020977742969989777,
    "_timer/data_time": 1.5115766525268555,
    "_timer/model_time": 0.01715707778930664,
    "_timer/batch_time": 1.5287437438964844,
    "_timer/_fps": 29539.732317576734
  },
  "epoch_0": [
    "output/36_tta/fold5/checkpoints/train.1.pth",
    0.48592567443847656,
    {
      "mAP": 0.1850637289236139,
      "loss": 0.48592567443847656,
      "_timer/data_time": 1.5880805253982544,
      "_timer/model_time": 0.017226457595825195,
      "_timer/batch_time": 1.6053175926208496,
      "_timer/_fps": 29769.77067128912
    }
  ],
  "epoch_1": [
    "output/36_tta/fold5/checkpoints/train.2.pth",
    0.270732581615448,
    {
      "mAP": 0.2134333316272069,
      "loss": 0.270732581615448,
      "_timer/data_time": 1.4564265012741089,
      "_timer/model_time": 0.008663296699523926,
      "_timer/batch_time": 1.4651020765304565,
      "_timer/_fps": 69192.80825390978
    }
  ],
  "epoch_2": [
    "output/36_tta/fold5/checkpoints/train.3.pth",
    0.18898916244506836,
    {
      "mAP": 0.37340821074937836,
      "loss": 0.18898916244506836,
      "_timer/data_time": 1.468676209449768,
      "_timer/model_time": 0.006734251976013184,
      "_timer/batch_time": 1.4754201173782349,
      "_timer/_fps": 76331.20975250979
    }
  ],
  "epoch_3": [
    "output/36_tta/fold5/checkpoints/train.4.pth",
    0.15414610505104065,
    {
      "mAP": 0.6792607305371257,
      "loss": 0.15414610505104065,
      "_timer/data_time": 1.4773671627044678,
      "_timer/model_time": 0.007830142974853516,
      "_timer/batch_time": 1.4852105379104614,
      "_timer/_fps": 62597.878936205474
    }
  ],
  "epoch_4": [
    "output/36_tta/fold5/checkpoints/train.5.pth",
    0.07169674709439278,
    {
      "mAP": 0.8285370184234934,
      "loss": 0.07169674709439278,
      "_timer/data_time": 1.479957938194275,
      "_timer/model_time": 0.016333460807800293,
      "_timer/batch_time": 1.496300458908081,
      "_timer/_fps": 30668.71870782964
    }
  ],
  "epoch_5": [
    "output/36_tta/fold5/checkpoints/train.6.pth",
    0.0427249651402235,
    {
      "mAP": 0.86572953414381,
      "loss": 0.0427249651402235,
      "_timer/data_time": 1.5487768650054932,
      "_timer/model_time": 0.015321016311645508,
      "_timer/batch_time": 1.5641083717346191,
      "_timer/_fps": 29438.61296963941
    }
  ],
  "epoch_6": [
    "output/36_tta/fold5/checkpoints/train.7.pth",
    0.038184670731425285,
    {
      "mAP": 0.8586656475039696,
      "loss": 0.038184670731425285,
      "_timer/data_time": 1.48849618434906,
      "_timer/model_time": 0.008509278297424316,
      "_timer/batch_time": 1.4970237016677856,
      "_timer/_fps": 77558.18282109697
    }
  ],
  "epoch_7": [
    "output/36_tta/fold5/checkpoints/train.8.pth",
    0.030478191561996937,
    {
      "mAP": 0.911015051679612,
      "loss": 0.030478191561996937,
      "_timer/data_time": 1.517892837524414,
      "_timer/model_time": 0.0077980756759643555,
      "_timer/batch_time": 1.5257054567337036,
      "_timer/_fps": 60455.27135312809
    }
  ],
  "epoch_8": [
    "output/36_tta/fold5/checkpoints/train.9.pth",
    0.02925731148570776,
    {
      "mAP": 0.9018282665290417,
      "loss": 0.02925731148570776,
      "_timer/data_time": 1.5372346639633179,
      "_timer/model_time": 0.016822457313537598,
      "_timer/batch_time": 1.5540701150894165,
      "_timer/_fps": 29971.107753399476
    }
  ],
  "epoch_9": [
    "output/36_tta/fold5/checkpoints/train.10.pth",
    0.028320728801190853,
    {
      "mAP": 0.908981456678237,
      "loss": 0.028320728801190853,
      "_timer/data_time": 1.5011919736862183,
      "_timer/model_time": 0.008255839347839355,
      "_timer/batch_time": 1.5094624757766724,
      "_timer/_fps": 77484.3290887312
    }
  ],
  "epoch_10": [
    "output/36_tta/fold5/checkpoints/train.11.pth",
    0.03120319824665785,
    {
      "mAP": 0.888754858225401,
      "loss": 0.03120319824665785,
      "_timer/data_time": 1.439335584640503,
      "_timer/model_time": 0.00805974006652832,
      "_timer/batch_time": 1.4474095106124878,
      "_timer/_fps": 70586.61304997475
    }
  ],
  "epoch_11": [
    "output/36_tta/fold5/checkpoints/train.12.pth",
    0.030747083947062492,
    {
      "mAP": 0.8941399796414304,
      "loss": 0.030747083947062492,
      "_timer/data_time": 1.4994308948516846,
      "_timer/model_time": 0.00812065601348877,
      "_timer/batch_time": 1.5075773000717163,
      "_timer/_fps": 56836.6423969241
    }
  ],
  "epoch_12": [
    "output/36_tta/fold5/checkpoints/train.13.pth",
    0.02979858871549368,
    {
      "mAP": 0.8971374476854217,
      "loss": 0.02979858871549368,
      "_timer/data_time": 1.465967059135437,
      "_timer/model_time": 0.015176057815551758,
      "_timer/batch_time": 1.481154203414917,
      "_timer/_fps": 34082.07409667335
    }
  ],
  "epoch_13": [
    "output/36_tta/fold5/checkpoints/train.14.pth",
    0.032278914004564285,
    {
      "mAP": 0.8880436656608598,
      "loss": 0.032278914004564285,
      "_timer/data_time": 1.5259888172149658,
      "_timer/model_time": 0.007745146751403809,
      "_timer/batch_time": 1.5337508916854858,
      "_timer/_fps": 79401.43114837016
    }
  ],
  "epoch_14": [
    "output/36_tta/fold5/checkpoints/train.15.pth",
    0.03300660476088524,
    {
      "mAP": 0.8942333286883377,
      "loss": 0.03300660476088524,
      "_timer/data_time": 1.489780306816101,
      "_timer/model_time": 0.008237004280090332,
      "_timer/batch_time": 1.498036503791809,
      "_timer/_fps": 78618.15469676023
    }
  ],
  "epoch_15": [
    "output/36_tta/fold5/checkpoints/train.16.pth",
    0.03077788930386305,
    {
      "mAP": 0.9067348361072125,
      "loss": 0.03077788930386305,
      "_timer/data_time": 1.4476176500320435,
      "_timer/model_time": 0.007604360580444336,
      "_timer/batch_time": 1.455237627029419,
      "_timer/_fps": 77023.11354566512
    }
  ],
  "epoch_16": [
    "output/36_tta/fold5/checkpoints/train.17.pth",
    0.032067558728158474,
    {
      "mAP": 0.8906908946860408,
      "loss": 0.032067558728158474,
      "_timer/data_time": 1.533801794052124,
      "_timer/model_time": 0.007334351539611816,
      "_timer/batch_time": 1.541149377822876,
      "_timer/_fps": 79339.28191979774
    }
  ],
  "epoch_17": [
    "output/36_tta/fold5/checkpoints/train.18.pth",
    0.025693840347230434,
    {
      "mAP": 0.9248909790220139,
      "loss": 0.025693840347230434,
      "_timer/data_time": 1.5405256748199463,
      "_timer/model_time": 0.01523292064666748,
      "_timer/batch_time": 1.555769443511963,
      "_timer/_fps": 29797.375818495282
    }
  ],
  "epoch_18": [
    "output/36_tta/fold5/checkpoints/train.19.pth",
    0.03314150404185057,
    {
      "mAP": 0.8874116762212638,
      "loss": 0.03314150404185057,
      "_timer/data_time": 1.5039199590682983,
      "_timer/model_time": 0.007834911346435547,
      "_timer/batch_time": 1.51176917552948,
      "_timer/_fps": 62260.92607467826
    }
  ],
  "epoch_19": [
    "output/36_tta/fold5/checkpoints/train.20.pth",
    0.02832047315314412,
    {
      "mAP": 0.9106395881732665,
      "loss": 0.02832047315314412,
      "_timer/data_time": 1.5057445764541626,
      "_timer/model_time": 0.006628990173339844,
      "_timer/batch_time": 1.512381911277771,
      "_timer/_fps": 78956.13450720179
    }
  ],