{
  "best": {
    "mAP": 0.911149248936495,
    "loss": 0.02771287794001325
  },
  "last": {
    "mAP": 0.8546494182391098,
    "loss": 0.043508189456648846
  },
  "train.47": {
    "mAP": 0.911149248936495,
    "loss": 0.02771287794001325
  },
  "epoch_0": [
    "output/35_conv1d_param_tune/20200605-23:20:59/fold4/checkpoints/train.1.pth",
    0.4206298156199875,
    {
      "mAP": 0.13808269095124728,
      "loss": 0.4206298156199875
    }
  ],
  "epoch_1": [
    "output/35_conv1d_param_tune/20200605-23:20:59/fold4/checkpoints/train.2.pth",
    0.3408339466516332,
    {
      "mAP": 0.2084140550742928,
      "loss": 0.3408339466516332
    }
  ],
  "epoch_2": [
    "output/35_conv1d_param_tune/20200605-23:20:59/fold4/checkpoints/train.3.pth",
    0.3738808257914904,
    {
      "mAP": 0.6277275462324922,
      "loss": 0.3738808257914904
    }
  ],
  "epoch_3": [
    "output/35_conv1d_param_tune/20200605-23:20:59/fold4/checkpoints/train.4.pth",
    0.15702044242327856,
    {
      "mAP": 0.6214246043395464,
      "loss": 0.15702044242327856
    }
  ],
  "epoch_4": [
    "output/35_conv1d_param_tune/20200605-23:20:59/fold4/checkpoints/train.5.pth",
    0.11201733522613175,
    {
      "mAP": 0.7772131087032885,
      "loss": 0.11201733522613175
    }
  ],
  "epoch_5": [
    "output/35_conv1d_param_tune/20200605-23:20:59/fold4/checkpoints/train.6.pth",
    0.05169488421735863,
    {
      "mAP": 0.8111650858796442,
      "loss": 0.05169488421735863
    }
  ],
  "epoch_6": [
    "output/35_conv1d_param_tune/20200605-23:20:59/fold4/checkpoints/train.7.pth",
    0.04019053684072801,
    {
      "mAP": 0.8446290620395713,
      "loss": 0.04019053684072801
    }
  ],
  "epoch_7": [
    "output/35_conv1d_param_tune/20200605-23:20:59/fold4/checkpoints/train.8.pth",
    0.04395896048305735,
    {
      "mAP": 0.812024412799561,
      "loss": 0.04395896048305735
    }
  ],
  "epoch_8": [
    "output/35_conv1d_param_tune/20200605-23:20:59/fold4/checkpoints/train.9.pth",
    0.04127920945829486,
    {
      "mAP": 0.843065377012698,
      "loss": 0.04127920945829486
    }
  ],
  "epoch_9": [
    "output/35_conv1d_param_tune/20200605-23:20:59/fold4/checkpoints/train.10.pth",
    0.04195081542303038,
    {
      "mAP": 0.8008761567619646,
      "loss": 0.04195081542303038
    }
  ],
  "epoch_10": [
    "output/35_conv1d_param_tune/20200605-23:20:59/fold4/checkpoints/train.11.pth",
    0.04498819527970959,
    {
      "mAP": 0.8163845718442211,
      "loss": 0.04498819527970959
    }
  ],
  "epoch_11": [
    "output/35_conv1d_param_tune/20200605-23:20:59/fold4/checkpoints/train.12.pth",
    0.05178537433710207,
    {
      "mAP": 0.7957752862495717,
      "loss": 0.05178537433710207
    }
  ],
  "epoch_12": [
    "output/35_conv1d_param_tune/20200605-23:20:59/fold4/checkpoints/train.13.pth",
    0.04059766170211141,
    {
      "mAP": 0.8193913766313752,
      "loss": 0.04059766170211141
    }
  ],
  "epoch_13": [
    "output/35_conv1d_param_tune/20200605-23:20:59/fold4/checkpoints/train.14.pth",
    0.03741667114032862,
    {
      "mAP": 0.8496463865316268,
      "loss": 0.03741667114032862
    }
  ],
  "epoch_14": [
    "output/35_conv1d_param_tune/20200605-23:20:59/fold4/checkpoints/train.15.pth",
    0.04055550864821885,
    {
      "mAP": 0.837837554356477,
      "loss": 0.04055550864821885
    }
  ],
  "epoch_15": [
    "output/35_conv1d_param_tune/20200605-23:20:59/fold4/checkpoints/train.16.pth",
    0.05285820186579075,
    {
      "mAP": 0.808814222483746,
      "loss": 0.05285820186579075
    }
  ],
  "epoch_16": [
    "output/35_conv1d_param_tune/20200605-23:20:59/fold4/checkpoints/train.17.pth",
    0.04870667373454643,
    {
      "mAP": 0.8211014632658622,
      "loss": 0.04870667373454643
    }
  ],
  "epoch_17": [
    "output/35_conv1d_param_tune/20200605-23:20:59/fold4/checkpoints/train.18.pth",
    0.04273338072507992,
    {
      "mAP": 0.8551348744263727,
      "loss": 0.04273338072507992
    }
  ],
  "epoch_18": [
    "output/35_conv1d_param_tune/20200605-23:20:59/fold4/checkpoints/train.19.pth",
    0.04791430255401912,
    {
      "mAP": 0.8127754361118692,
      "loss": 0.04791430255401912
    }
  ],
  "epoch_19": [
    "output/35_conv1d_param_tune/20200605-23:20:59/fold4/checkpoints/train.20.pth",
    0.040183020561492595,
    {
      "mAP": 0.8485967912952052,
      "loss": 0.040183020561492595
    }
  ],
  "epoch_20": [
    "output/35_conv1d_param_tune/20200605-23:20:59/fold4/checkpoints/train.21.pth",
    0.03508004728296337,
    {
      "mAP": 0.8755075884089727,
      "loss": 0.03508004728296337
    }
  ],
  "epoch_21": [
    "output/35_conv1d_param_tune/20200605-23:20:59/fold4/checkpoints/train.22.pth",
    0.04398948702993775,
    {
      "mAP": 0.8487802784346226,
      "loss": 0.04398948702993775
    }
  ],
  "epoch_22": [
    "output/35_conv1d_param_tune/20200605-23:20:59/fold4/checkpoints/train.23.pth",
    0.04052394428481451,
    {
      "mAP": 0.8606663759936976,
      "loss": 0.04052394428481451
    }
  ],
  "epoch_23": [
    "output/35_conv1d_param_tune/20200605-23:20:59/fold4/checkpoints/train.24.pth",
    0.034396477870357545,
    {
      "mAP": 0.8794963114466785,
      "loss": 0.034396477870357545
    }
  ],
  "epoch_24": [
    "output/35_conv1d_param_tune/20200605-23:20:59/fold4/checkpoints/train.25.pth",
    0.03094201616907809,
    {
      "mAP": 0.8939984332566201,
      "loss": 0.03094201616907809
    }
  ],
  "epoch_25": [
    "output/35_conv1d_param_tune/20200605-23:20:59/fold4/checkpoints/train.26.pth",
    0.03474567980125356,
    {
      "mAP": 0.8766854598713041,
      "loss": 0.03474567980125356
    }
  ],
  "epoch_26": [
    "output/35_conv1d_param_tune/20200605-23:20:59/fold4/checkpoints/train.27.pth",
    0.04089165019233434,
    {
      "mAP": 0.8554081930857675,
      "loss": 0.04089165019233434
    }
  ],
  "epoch_27": [
    "output/35_conv1d_param_tune/20200605-23:20:59/fold4/checkpoints/train.28.pth",
    0.04446496286510259,
    {
      "mAP": 0.8497714948807581,
      "loss": 0.04446496286510259
    }
  ],
  "epoch_28": [
    "output/35_conv1d_param_tune/20200605-23:20:59/fold4/checkpoints/train.29.pth",
    0.02830249932547624,
    {
      "mAP": 0.9071085921390482,
      "loss": 0.02830249932547624
    }
  ],
  "epoch_29": [
    "output/35_conv1d_param_tune/20200605-23:20:59/fold4/checkpoints/train.30.pth",
    0.038051301211359204,
    {
      "mAP": 0.8701219487276987,
      "loss": 0.038051301211359204
    }
  ],
  "epoch_30": [
    "output/35_conv1d_param_tune/20200605-23:20:59/fold4/checkpoints/train.31.pth",
    0.031994394234005206,
    {
      "mAP": 0.8980604888958762,
      "loss": 0.031994394234005206
    }
  ],
  "epoch_31": [
    "output/35_conv1d_param_tune/20200605-23:20:59/fold4/checkpoints/train.32.pth",
    0.034582087621042694,
    {
      "mAP": 0.8987392585811095,
      "loss": 0.034582087621042694
    }
  ],
  "epoch_32": [
    "output/35_conv1d_param_tune/20200605-23:20:59/fold4/checkpoints/train.33.pth",
    0.03293130499459227,
    {
      "mAP": 0.8837124404367296,
      "loss": 0.03293130499459227
    }
  ],
  "epoch_33": [
    "output/35_conv1d_param_tune/20200605-23:20:59/fold4/checkpoints/train.34.pth",
    0.04457315512216965,
    {
      "mAP": 0.8543680981534489,
      "loss": 0.04457315512216965
    }
  ],
  "epoch_34": [
    "output/35_conv1d_param_tune/20200605-23:20:59/fold4/checkpoints/train.35.pth",
    0.04087416133978019,
    {
      "mAP": 0.8555677381700627,
      "loss": 0.04087416133978019
    }
  ],
  "epoch_35": [
    "output/35_conv1d_param_tune/20200605-23:20:59/fold4/checkpoints/train.36.pth",
    0.0380463143303319,
    {
      "mAP": 0.8772904983044609,
      "loss": 0.0380463143303319
    }
  ],
  "epoch_36": [
    "output/35_conv1d_param_tune/20200605-23:20:59/fold4/checkpoints/train.37.pth",
    0.03659866304808843,
    {
      "mAP": 0.8981773330123396,
      "loss": 0.03659866304808843
    }
  ],