{
  "best": {
    "mAP": 0.9593590804883003,
    "loss": 0.019744071539518973
  },
  "last": {
    "mAP": 0.9259243556015058,
    "loss": 0.0288893625762742
  },
  "train.47": {
    "mAP": 0.9593590804883003,
    "loss": 0.019744071539518973
  },
  "epoch_0": [
    "output/35_conv1d_param_tune/20200605-23:20:59/fold2/checkpoints/train.1.pth",
    0.42290422288298846,
    {
      "mAP": 0.1025859841327105,
      "loss": 0.42290422288298846
    }
  ],
  "epoch_1": [
    "output/35_conv1d_param_tune/20200605-23:20:59/fold2/checkpoints/train.2.pth",
    0.3187861427734903,
    {
      "mAP": 0.1863977145992254,
      "loss": 0.3187861427734903
    }
  ],
  "epoch_2": [
    "output/35_conv1d_param_tune/20200605-23:20:59/fold2/checkpoints/train.3.pth",
    0.25765891316038053,
    {
      "mAP": 0.37571259459820183,
      "loss": 0.25765891316038053
    }
  ],
  "epoch_3": [
    "output/35_conv1d_param_tune/20200605-23:20:59/fold2/checkpoints/train.4.pth",
    0.20567937128160652,
    {
      "mAP": 0.7343243028559306,
      "loss": 0.20567937128160652
    }
  ],
  "epoch_4": [
    "output/35_conv1d_param_tune/20200605-23:20:59/fold2/checkpoints/train.5.pth",
    0.11148228893142943,
    {
      "mAP": 0.8333991697278815,
      "loss": 0.11148228893142943
    }
  ],
  "epoch_5": [
    "output/35_conv1d_param_tune/20200605-23:20:59/fold2/checkpoints/train.6.pth",
    0.04866135298013286,
    {
      "mAP": 0.826909093653088,
      "loss": 0.04866135298013286
    }
  ],
  "epoch_6": [
    "output/35_conv1d_param_tune/20200605-23:20:59/fold2/checkpoints/train.7.pth",
    0.044038006596182046,
    {
      "mAP": 0.8940686805175376,
      "loss": 0.044038006596182046
    }
  ],
  "epoch_7": [
    "output/35_conv1d_param_tune/20200605-23:20:59/fold2/checkpoints/train.8.pth",
    0.032256211064600596,
    {
      "mAP": 0.906716007871893,
      "loss": 0.032256211064600596
    }
  ],
  "epoch_8": [
    "output/35_conv1d_param_tune/20200605-23:20:59/fold2/checkpoints/train.9.pth",
    0.041177713260224943,
    {
      "mAP": 0.8937955161036226,
      "loss": 0.041177713260224943
    }
  ],
  "epoch_9": [
    "output/35_conv1d_param_tune/20200605-23:20:59/fold2/checkpoints/train.10.pth",
    0.03191229687012837,
    {
      "mAP": 0.9104819893563769,
      "loss": 0.03191229687012837
    }
  ],
  "epoch_10": [
    "output/35_conv1d_param_tune/20200605-23:20:59/fold2/checkpoints/train.11.pth",
    0.03367072687294552,
    {
      "mAP": 0.9054431963067477,
      "loss": 0.03367072687294552
    }
  ],
  "epoch_11": [
    "output/35_conv1d_param_tune/20200605-23:20:59/fold2/checkpoints/train.12.pth",
    0.04104032949059099,
    {
      "mAP": 0.8631717234155418,
      "loss": 0.04104032949059099
    }
  ],
  "epoch_12": [
    "output/35_conv1d_param_tune/20200605-23:20:59/fold2/checkpoints/train.13.pth",
    0.035253096295479326,
    {
      "mAP": 0.9110668629810451,
      "loss": 0.035253096295479326
    }
  ],
  "epoch_13": [
    "output/35_conv1d_param_tune/20200605-23:20:59/fold2/checkpoints/train.14.pth",
    0.028648159627645466,
    {
      "mAP": 0.9231561862003198,
      "loss": 0.028648159627645466
    }
  ],
  "epoch_14": [
    "output/35_conv1d_param_tune/20200605-23:20:59/fold2/checkpoints/train.15.pth",
    0.03345658995772298,
    {
      "mAP": 0.9162057780983902,
      "loss": 0.03345658995772298
    }
  ],
  "epoch_15": [
    "output/35_conv1d_param_tune/20200605-23:20:59/fold2/checkpoints/train.16.pth",
    0.03847287765690943,
    {
      "mAP": 0.8966350654770322,
      "loss": 0.03847287765690943
    }
  ],
  "epoch_16": [
    "output/35_conv1d_param_tune/20200605-23:20:59/fold2/checkpoints/train.17.pth",
    0.03383441133989571,
    {
      "mAP": 0.903335721145778,
      "loss": 0.03383441133989571
    }
  ],
  "epoch_17": [
    "output/35_conv1d_param_tune/20200605-23:20:59/fold2/checkpoints/train.18.pth",
    0.028185023566070385,
    {
      "mAP": 0.9166223292143492,
      "loss": 0.028185023566070385
    }
  ],
  "epoch_18": [
    "output/35_conv1d_param_tune/20200605-23:20:59/fold2/checkpoints/train.19.pth",
    0.031231915213733853,
    {
      "mAP": 0.9412159576869015,
      "loss": 0.031231915213733853
    }
  ],
  "epoch_19": [
    "output/35_conv1d_param_tune/20200605-23:20:59/fold2/checkpoints/train.20.pth",
    0.040332295810997926,
    {
      "mAP": 0.9310503845010643,
      "loss": 0.040332295810997926
    }
  ],
  "epoch_20": [
    "output/35_conv1d_param_tune/20200605-23:20:59/fold2/checkpoints/train.21.pth",
    0.034407454059930884,
    {
      "mAP": 0.9191443761373108,
      "loss": 0.034407454059930884
    }
  ],
  "epoch_21": [
    "output/35_conv1d_param_tune/20200605-23:20:59/fold2/checkpoints/train.22.pth",
    0.036248189684632406,
    {
      "mAP": 0.9116502696025293,
      "loss": 0.036248189684632406
    }
  ],
  "epoch_22": [
    "output/35_conv1d_param_tune/20200605-23:20:59/fold2/checkpoints/train.23.pth",
    0.03603943701139535,
    {
      "mAP": 0.9125162986032,
      "loss": 0.03603943701139535
    }
  ],
  "epoch_23": [
    "output/35_conv1d_param_tune/20200605-23:20:59/fold2/checkpoints/train.24.pth",
    0.029439610330777514,
    {
      "mAP": 0.9247095939664687,
      "loss": 0.029439610330777514
    }
  ],
  "epoch_24": [
    "output/35_conv1d_param_tune/20200605-23:20:59/fold2/checkpoints/train.25.pth",
    0.02749625472045017,
    {
      "mAP": 0.9265651765925371,
      "loss": 0.02749625472045017
    }
  ],
  "epoch_25": [
    "output/35_conv1d_param_tune/20200605-23:20:59/fold2/checkpoints/train.26.pth",
    0.026471349936812896,
    {
      "mAP": 0.9261285769322972,
      "loss": 0.026471349936812896
    }
  ],
  "epoch_26": [
    "output/35_conv1d_param_tune/20200605-23:20:59/fold2/checkpoints/train.27.pth",
    0.027280436910152757,
    {
      "mAP": 0.9218310398193347,
      "loss": 0.027280436910152757
    }
  ],
  "epoch_27": [
    "output/35_conv1d_param_tune/20200605-23:20:59/fold2/checkpoints/train.28.pth",
    0.0253629760037564,
    {
      "mAP": 0.9212248266528592,
      "loss": 0.0253629760037564
    }
  ],
  "epoch_28": [
    "output/35_conv1d_param_tune/20200605-23:20:59/fold2/checkpoints/train.29.pth",
    0.034639389934951456,
    {
      "mAP": 0.8913138779438082,
      "loss": 0.034639389934951456
    }
  ],
  "epoch_29": [
    "output/35_conv1d_param_tune/20200605-23:20:59/fold2/checkpoints/train.30.pth",
    0.021323047183133367,
    {
      "mAP": 0.9496351412525813,
      "loss": 0.021323047183133367
    }
  ],
  "epoch_30": [
    "output/35_conv1d_param_tune/20200605-23:20:59/fold2/checkpoints/train.31.pth",
    0.025705301619329626,
    {
      "mAP": 0.9267746752992337,
      "loss": 0.025705301619329626
    }
  ],
  "epoch_31": [
    "output/35_conv1d_param_tune/20200605-23:20:59/fold2/checkpoints/train.32.pth",
    0.024386102207150328,
    {
      "mAP": 0.9346409617105405,
      "loss": 0.024386102207150328
    }
  ],
  "epoch_32": [
    "output/35_conv1d_param_tune/20200605-23:20:59/fold2/checkpoints/train.33.pth",
    0.023392844826819796,
    {
      "mAP": 0.9386058727877089,
      "loss": 0.023392844826819796
    }
  ],
  "epoch_33": [
    "output/35_conv1d_param_tune/20200605-23:20:59/fold2/checkpoints/train.34.pth",
    0.027070169058386,
    {
      "mAP": 0.9429913773113023,
      "loss": 0.027070169058386
    }
  ],
  "epoch_34": [
    "output/35_conv1d_param_tune/20200605-23:20:59/fold2/checkpoints/train.35.pth",
    0.026651713369563273,
    {
      "mAP": 0.9238298127857321,
      "loss": 0.026651713369563273
    }
  ],
  "epoch_35": [
    "output/35_conv1d_param_tune/20200605-23:20:59/fold2/checkpoints/train.36.pth",
    0.039034977953607955,
    {
      "mAP": 0.931915687981644,
      "loss": 0.039034977953607955
    }
  ],
  "epoch_36": [
    "output/35_conv1d_param_tune/20200605-23:20:59/fold2/checkpoints/train.37.pth",
    0.029486605236789046,
    {
      "mAP": 0.9291738413658572,
      "loss": 0.029486605236789046
    }
  ],