{
    "metrics": {
        "lgbm_av": {
            "Fold1 auc": 0.8930705115093349,
            "Fold2 auc": 0.8948619637460047,
            "Fold3 auc": 0.8921900045334097,
            "Fold4 auc": 0.8831421129202275,
            "Fold5 auc": 0.8927062578585937,
            "oof auc": 0.8909023475197018
        },
        "lgbm_vsb_1st": {
            "Fold1 pr-auc": 0.8456341997047407,
            "Fold2 pr-auc": 0.8370311321221994,
            "Fold3 pr-auc": 0.8536970653883988,
            "Fold4 pr-auc": 0.7755475952250703,
            "Fold5 pr-auc": 0.8464338221109273,
            "oof pr-auc": 0.8329862429712388
        }
    },
    "importances": {
        "lgbm_av": {
            "spectrum_median": 97541.30832851914,
            "spectrum_mean": 38058.73033975907,
            "params2": 38057.64555245814,
            "pos_x": 29443.67554594288,
            "spectrum_min": 27257.114910820525,
            "spectrum_nunique": 27002.41850117721,
            "params5": 26779.08049024956,
            "rms": 25694.868301299648,
            "params0": 23209.421070257606,
            "layout_y": 21865.678528898337,
            "params6": 17070.179970614357,
            "layout_x": 14420.39887955397,
            "spectrum_std": 13577.285952106062,
            "spectrum_kurt": 12371.114348618867,
            "spectrum_max": 12254.871631657836,
            "params4": 11958.803711305854,
            "params3": 11396.240656642389,
            "spectrum_skew": 11190.46015327411,
            "beta": 10431.175830823335,
            "params1": 10121.811388302003,
            "exc_wl": 8759.161378419338,
            "layout_a": 5477.01701957157
        },
        "lgbm_vsb_1st": {
            "params3": 7452.71857892203,
            "params1": 7438.857093951739,
            "spectrum_kurt": 6501.908854359143,
            "params2": 5346.55354353217,
            "params6": 4767.168532302989,
            "spectrum_max": 4322.476503745439,
            "params5": 4196.0927494607395,
            "beta": 4163.644662509592,
            "spectrum_std": 2008.2116121835827,
            "params4": 1525.115284500552,
            "rms": 1383.2935466354488,
            "spectrum_min": 1330.8940922262673,
            "spectrum_skew": 1296.819935427499,
            "spectrum_nunique": 1140.8668642145458,
            "params0": 1118.8841243631462,
            "pos_x": 1035.7077529568141,
            "spectrum_mean": 797.0819562512143,
            "layout_y": 693.1119270435943,
            "spectrum_median": 648.1797489795642,
            "exc_wl": 536.0456806590091,
            "layout_x": 503.3149960584653,
            "layout_a": 131.14039362005119
        }
    }
}