{
  "best": {
    "mAP": 0.871487067060343,
    "loss": 0.03879079381386025
  },
  "last": {
    "mAP": 0.8650714030882825,
    "loss": 0.04223094765590435
  },
  "train.29": {
    "mAP": 0.871487067060343,
    "loss": 0.03879079381386025
  },
  "epoch_0": [
    "output/42_nn_model_ensemble/kernel3/fold3/checkpoints/train.1.pth",
    0.527995156295843,
    {
      "mAP": 0.17436306845290891,
      "loss": 0.527995156295843
    }
  ],
  "epoch_1": [
    "output/42_nn_model_ensemble/kernel3/fold3/checkpoints/train.2.pth",
    0.244045929954448,
    {
      "mAP": 0.27141101009860946,
      "loss": 0.244045929954448
    }
  ],
  "epoch_2": [
    "output/42_nn_model_ensemble/kernel3/fold3/checkpoints/train.3.pth",
    0.13013779611978743,
    {
      "mAP": 0.3537457185145033,
      "loss": 0.13013779611978743
    }
  ],
  "epoch_3": [
    "output/42_nn_model_ensemble/kernel3/fold3/checkpoints/train.4.pth",
    0.10160986143687305,
    {
      "mAP": 0.5393220769667236,
      "loss": 0.10160986143687305
    }
  ],
  "epoch_4": [
    "output/42_nn_model_ensemble/kernel3/fold3/checkpoints/train.5.pth",
    0.07330354756569814,
    {
      "mAP": 0.7019879409140994,
      "loss": 0.07330354756569814
    }
  ],
  "epoch_5": [
    "output/42_nn_model_ensemble/kernel3/fold3/checkpoints/train.6.pth",
    0.056883199329575036,
    {
      "mAP": 0.7337636777054177,
      "loss": 0.056883199329575036
    }
  ],
  "epoch_6": [
    "output/42_nn_model_ensemble/kernel3/fold3/checkpoints/train.7.pth",
    0.05218506191319159,
    {
      "mAP": 0.7702255822926684,
      "loss": 0.05218506191319159
    }
  ],
  "epoch_7": [
    "output/42_nn_model_ensemble/kernel3/fold3/checkpoints/train.8.pth",
    0.047744303478257484,
    {
      "mAP": 0.7932719077042244,
      "loss": 0.047744303478257484
    }
  ],
  "epoch_8": [
    "output/42_nn_model_ensemble/kernel3/fold3/checkpoints/train.9.pth",
    0.048873584188906714,
    {
      "mAP": 0.7790573305232129,
      "loss": 0.048873584188906714
    }
  ],
  "epoch_9": [
    "output/42_nn_model_ensemble/kernel3/fold3/checkpoints/train.10.pth",
    0.05293918455617093,
    {
      "mAP": 0.7752068030786143,
      "loss": 0.05293918455617093
    }
  ],
  "epoch_10": [
    "output/42_nn_model_ensemble/kernel3/fold3/checkpoints/train.11.pth",
    0.051454715019877355,
    {
      "mAP": 0.7806839620175613,
      "loss": 0.051454715019877355
    }
  ],
  "epoch_11": [
    "output/42_nn_model_ensemble/kernel3/fold3/checkpoints/train.12.pth",
    0.052159100608109785,
    {
      "mAP": 0.7700672145658138,
      "loss": 0.052159100608109785
    }
  ],
  "epoch_12": [
    "output/42_nn_model_ensemble/kernel3/fold3/checkpoints/train.13.pth",
    0.050155493222232145,
    {
      "mAP": 0.7778935375915411,
      "loss": 0.050155493222232145
    }
  ],
  "epoch_13": [
    "output/42_nn_model_ensemble/kernel3/fold3/checkpoints/train.14.pth",
    0.05029690677015751,
    {
      "mAP": 0.7923835171367886,
      "loss": 0.05029690677015751
    }
  ],
  "epoch_14": [
    "output/42_nn_model_ensemble/kernel3/fold3/checkpoints/train.15.pth",
    0.05547387611368958,
    {
      "mAP": 0.8044705092733613,
      "loss": 0.05547387611368958
    }
  ],
  "epoch_15": [
    "output/42_nn_model_ensemble/kernel3/fold3/checkpoints/train.16.pth",
    0.04833655371239864,
    {
      "mAP": 0.7973594381756117,
      "loss": 0.04833655371239864
    }
  ],
  "epoch_16": [
    "output/42_nn_model_ensemble/kernel3/fold3/checkpoints/train.17.pth",
    0.04691429336999356,
    {
      "mAP": 0.8171422346273607,
      "loss": 0.04691429336999356
    }
  ],
  "epoch_17": [
    "output/42_nn_model_ensemble/kernel3/fold3/checkpoints/train.18.pth",
    0.0461878393975255,
    {
      "mAP": 0.8142920705934974,
      "loss": 0.0461878393975255
    }
  ],
  "epoch_18": [
    "output/42_nn_model_ensemble/kernel3/fold3/checkpoints/train.19.pth",
    0.04607351074682921,
    {
      "mAP": 0.8228851892818343,
      "loss": 0.04607351074682921
    }
  ],
  "epoch_19": [
    "output/42_nn_model_ensemble/kernel3/fold3/checkpoints/train.20.pth",
    0.05555759727323544,
    {
      "mAP": 0.8516388153635532,
      "loss": 0.05555759727323544
    }
  ],
  "epoch_20": [
    "output/42_nn_model_ensemble/kernel3/fold3/checkpoints/train.21.pth",
    0.04571881092127811,
    {
      "mAP": 0.8132429681055463,
      "loss": 0.04571881092127811
    }
  ],
  "epoch_21": [
    "output/42_nn_model_ensemble/kernel3/fold3/checkpoints/train.22.pth",
    0.0511487660016401,
    {
      "mAP": 0.8389863505875331,
      "loss": 0.0511487660016401
    }
  ],
  "epoch_22": [
    "output/42_nn_model_ensemble/kernel3/fold3/checkpoints/train.23.pth",
    0.06393823828034619,
    {
      "mAP": 0.8414124269851571,
      "loss": 0.06393823828034619
    }
  ],
  "epoch_23": [
    "output/42_nn_model_ensemble/kernel3/fold3/checkpoints/train.24.pth",
    0.04510573428011454,
    {
      "mAP": 0.8319309240924904,
      "loss": 0.04510573428011454
    }
  ],
  "epoch_24": [
    "output/42_nn_model_ensemble/kernel3/fold3/checkpoints/train.25.pth",
    0.04334499333216668,
    {
      "mAP": 0.8205310805428448,
      "loss": 0.04334499333216668
    }
  ],
  "epoch_25": [
    "output/42_nn_model_ensemble/kernel3/fold3/checkpoints/train.26.pth",
    0.04232104280218232,
    {
      "mAP": 0.8659589487348336,
      "loss": 0.04232104280218232
    }
  ],
  "epoch_26": [
    "output/42_nn_model_ensemble/kernel3/fold3/checkpoints/train.27.pth",
    0.04080348066038627,
    {
      "mAP": 0.8654677441238433,
      "loss": 0.04080348066038627
    }
  ],
  "epoch_27": [
    "output/42_nn_model_ensemble/kernel3/fold3/checkpoints/train.28.pth",
    0.04206503691964688,
    {
      "mAP": 0.8510761237239158,
      "loss": 0.04206503691964688
    }
  ],
  "epoch_28": [
    "output/42_nn_model_ensemble/kernel3/fold3/checkpoints/train.29.pth",
    0.03879079381386025,
    {
      "mAP": 0.871487067060343,
      "loss": 0.03879079381386025
    }
  ],
  "epoch_29": [
    "output/42_nn_model_ensemble/kernel3/fold3/checkpoints/train.30.pth",
    0.04272511347917879,
    {
      "mAP": 0.8546272065628439,
      "loss": 0.04272511347917879
    }
  ],
  "epoch_30": [
    "output/42_nn_model_ensemble/kernel3/fold3/checkpoints/train.31.pth",
    0.04325725640988863,
    {
      "mAP": 0.8313578208949248,
      "loss": 0.04325725640988863
    }
  ],
  "epoch_31": [
    "output/42_nn_model_ensemble/kernel3/fold3/checkpoints/train.32.pth",
    0.04115580564844544,
    {
      "mAP": 0.8591735176584158,
      "loss": 0.04115580564844544
    }
  ],
  "epoch_32": [
    "output/42_nn_model_ensemble/kernel3/fold3/checkpoints/train.33.pth",
    0.041390447996972626,
    {
      "mAP": 0.8674921659199786,
      "loss": 0.041390447996972626
    }
  ],
  "epoch_33": [
    "output/42_nn_model_ensemble/kernel3/fold3/checkpoints/train.34.pth",
    0.04400677141240562,
    {
      "mAP": 0.8430676523948476,
      "loss": 0.04400677141240562
    }
  ],
  "epoch_34": [
    "output/42_nn_model_ensemble/kernel3/fold3/checkpoints/train.35.pth",
    0.04206943112627804,
    {
      "mAP": 0.856611208509294,
      "loss": 0.04206943112627804
    }
  ],
  "epoch_35": [
    "output/42_nn_model_ensemble/kernel3/fold3/checkpoints/train.36.pth",
    0.041163024289011155,
    {
      "mAP": 0.862549494826899,
      "loss": 0.041163024289011155
    }
  ],
  "epoch_36": [
    "output/42_nn_model_ensemble/kernel3/fold3/checkpoints/train.37.pth",
    0.04944265064130153,
    {
      "mAP": 0.8459478468617062,
      "loss": 0.04944265064130153
    }
  ],
  "epoch_37": [
    "output/42_nn_model_ensemble/kernel3/fold3/checkpoints/train.38.pth",
    0.052061141401569394,
    {
      "mAP": 0.8442946888365604,
      "loss": 0.052061141401569394
    }
  ],
  "epoch_38": [
    "output/42_nn_model_ensemble/kernel3/fold3/checkpoints/train.39.pth",
    0.04008900304403214,
    {
      "mAP": 0.8623661403580726,
      "loss": 0.04008900304403214
    }
  ],