{
  "best": {
    "mAP": 0.7973673570141775,
    "loss": 0.039489103481173515,
    "_timer/data_time": 1.4612728357315063,
    "_timer/model_time": 0.0078002214431762695,
    "_timer/batch_time": 1.4690865278244019,
    "_timer/_fps": 68303.36975491125
  },
  "last": {
    "mAP": 0.7869109206023512,
    "loss": 0.04952477663755417,
    "_timer/data_time": 1.4690417051315308,
    "_timer/model_time": 0.016361117362976074,
    "_timer/batch_time": 1.4854116439819336,
    "_timer/_fps": 35441.437557452045
  },
  "train.25": {
    "mAP": 0.7973673570141775,
    "loss": 0.039489103481173515,
    "_timer/data_time": 1.4612728357315063,
    "_timer/model_time": 0.0078002214431762695,
    "_timer/batch_time": 1.4690865278244019,
    "_timer/_fps": 68303.36975491125
  },
  "epoch_0": [
    "output/36_tta/20200605-21:29:24/fold1/checkpoints/train.1.pth",
    0.4817928075790405,
    {
      "mAP": 0.13340790003538966,
      "loss": 0.4817928075790405,
      "_timer/data_time": 1.462587833404541,
      "_timer/model_time": 0.009585261344909668,
      "_timer/batch_time": 1.4721863269805908,
      "_timer/_fps": 68854.24952911188
    }
  ],
  "epoch_1": [
    "output/36_tta/20200605-21:29:24/fold1/checkpoints/train.2.pth",
    0.25088097155094147,
    {
      "mAP": 0.18379283238507854,
      "loss": 0.25088097155094147,
      "_timer/data_time": 1.4686893224716187,
      "_timer/model_time": 0.007906556129455566,
      "_timer/batch_time": 1.4766101837158203,
      "_timer/_fps": 69313.65289142937
    }
  ],
  "epoch_2": [
    "output/36_tta/20200605-21:29:24/fold1/checkpoints/train.3.pth",
    0.1848800927400589,
    {
      "mAP": 0.26293327126340194,
      "loss": 0.1848800927400589,
      "_timer/data_time": 1.4771225452423096,
      "_timer/model_time": 0.007825851440429688,
      "_timer/batch_time": 1.4849653244018555,
      "_timer/_fps": 75501.94844833545
    }
  ],
  "epoch_3": [
    "output/36_tta/20200605-21:29:24/fold1/checkpoints/train.4.pth",
    0.12191897258162498,
    {
      "mAP": 0.5081559893686797,
      "loss": 0.12191897258162498,
      "_timer/data_time": 1.465166687965393,
      "_timer/model_time": 0.008208990097045898,
      "_timer/batch_time": 1.473389744758606,
      "_timer/_fps": 69078.88078347605
    }
  ],
  "epoch_4": [
    "output/36_tta/20200605-21:29:24/fold1/checkpoints/train.5.pth",
    0.06972819194197655,
    {
      "mAP": 0.6787067727252982,
      "loss": 0.06972819194197655,
      "_timer/data_time": 1.4132416248321533,
      "_timer/model_time": 0.007505178451538086,
      "_timer/batch_time": 1.4207589626312256,
      "_timer/_fps": 62210.85612414299
    }
  ],
  "epoch_5": [
    "output/36_tta/20200605-21:29:24/fold1/checkpoints/train.6.pth",
    0.05409323237836361,
    {
      "mAP": 0.7279862647752096,
      "loss": 0.05409323237836361,
      "_timer/data_time": 1.4771931171417236,
      "_timer/model_time": 0.008738160133361816,
      "_timer/batch_time": 1.485945463180542,
      "_timer/_fps": 62380.796409342125
    }
  ],
  "epoch_6": [
    "output/36_tta/20200605-21:29:24/fold1/checkpoints/train.7.pth",
    0.049285080283880234,
    {
      "mAP": 0.7558465502865834,
      "loss": 0.049285080283880234,
      "_timer/data_time": 1.4475144147872925,
      "_timer/model_time": 0.007550835609436035,
      "_timer/batch_time": 1.4550800323486328,
      "_timer/_fps": 68519.70454644288
    }
  ],
  "epoch_7": [
    "output/36_tta/20200605-21:29:24/fold1/checkpoints/train.8.pth",
    0.057237351313233376,
    {
      "mAP": 0.7516933850125134,
      "loss": 0.057237351313233376,
      "_timer/data_time": 1.4472730159759521,
      "_timer/model_time": 0.0076160430908203125,
      "_timer/batch_time": 1.4549012184143066,
      "_timer/_fps": 74972.91842352305
    }
  ],
  "epoch_8": [
    "output/36_tta/20200605-21:29:24/fold1/checkpoints/train.9.pth",
    0.0458619836717844,
    {
      "mAP": 0.7820424136292397,
      "loss": 0.0458619836717844,
      "_timer/data_time": 1.4543066024780273,
      "_timer/model_time": 0.008125901222229004,
      "_timer/batch_time": 1.4624444246292114,
      "_timer/_fps": 68110.19674504039
    }
  ],
  "epoch_9": [
    "output/36_tta/20200605-21:29:24/fold1/checkpoints/train.10.pth",
    0.052832819521427155,
    {
      "mAP": 0.7447713311916866,
      "loss": 0.052832819521427155,
      "_timer/data_time": 1.4387472867965698,
      "_timer/model_time": 0.00680088996887207,
      "_timer/batch_time": 1.445556640625,
      "_timer/_fps": 81697.56682177917
    }
  ],
  "epoch_10": [
    "output/36_tta/20200605-21:29:24/fold1/checkpoints/train.11.pth",
    0.04753330536186695,
    {
      "mAP": 0.7591598053899995,
      "loss": 0.04753330536186695,
      "_timer/data_time": 1.454345941543579,
      "_timer/model_time": 0.00878763198852539,
      "_timer/batch_time": 1.4631482362747192,
      "_timer/_fps": 68690.98751509316
    }
  ],
  "epoch_11": [
    "output/36_tta/20200605-21:29:24/fold1/checkpoints/train.12.pth",
    0.05361514911055565,
    {
      "mAP": 0.7333187376570958,
      "loss": 0.05361514911055565,
      "_timer/data_time": 1.4560668468475342,
      "_timer/model_time": 0.008019447326660156,
      "_timer/batch_time": 1.4640990495681763,
      "_timer/_fps": 67324.0416110198
    }
  ],
  "epoch_12": [
    "output/36_tta/20200605-21:29:24/fold1/checkpoints/train.13.pth",
    0.04432268813252449,
    {
      "mAP": 0.7742437438541022,
      "loss": 0.04432268813252449,
      "_timer/data_time": 1.4624788761138916,
      "_timer/model_time": 0.008066773414611816,
      "_timer/batch_time": 1.4705592393875122,
      "_timer/_fps": 64249.856740840696
    }
  ],
  "epoch_13": [
    "output/36_tta/20200605-21:29:24/fold1/checkpoints/train.14.pth",
    0.04911943897604942,
    {
      "mAP": 0.7659046951491044,
      "loss": 0.04911943897604942,
      "_timer/data_time": 1.4436904191970825,
      "_timer/model_time": 0.008770346641540527,
      "_timer/batch_time": 1.4524738788604736,
      "_timer/_fps": 63023.795216433806
    }
  ],
  "epoch_14": [
    "output/36_tta/20200605-21:29:24/fold1/checkpoints/train.15.pth",
    0.05817573517560959,
    {
      "mAP": 0.7468772298783712,
      "loss": 0.05817573517560959,
      "_timer/data_time": 1.5171464681625366,
      "_timer/model_time": 0.007969975471496582,
      "_timer/batch_time": 1.5251270532608032,
      "_timer/_fps": 80355.04271678766
    }
  ],
  "epoch_15": [
    "output/36_tta/20200605-21:29:24/fold1/checkpoints/train.16.pth",
    0.04728136025369167,
    {
      "mAP": 0.7525948187510589,
      "loss": 0.04728136025369167,
      "_timer/data_time": 1.5024465322494507,
      "_timer/model_time": 0.008417487144470215,
      "_timer/batch_time": 1.510877251625061,
      "_timer/_fps": 69078.9702578879
    }
  ],
  "epoch_16": [
    "output/36_tta/20200605-21:29:24/fold1/checkpoints/train.17.pth",
    0.05378362908959389,
    {
      "mAP": 0.7517120084033461,
      "loss": 0.05378362908959389,
      "_timer/data_time": 1.475067138671875,
      "_timer/model_time": 0.008213520050048828,
      "_timer/batch_time": 1.483294129371643,
      "_timer/_fps": 67072.83734765409
    }
  ],
  "epoch_17": [
    "output/36_tta/20200605-21:29:24/fold1/checkpoints/train.18.pth",
    0.04606090858578682,
    {
      "mAP": 0.7679773732416003,
      "loss": 0.04606090858578682,
      "_timer/data_time": 1.4780631065368652,
      "_timer/model_time": 0.00793910026550293,
      "_timer/batch_time": 1.4860141277313232,
      "_timer/_fps": 69188.11885494152
    }
  ],
  "epoch_18": [
    "output/36_tta/20200605-21:29:24/fold1/checkpoints/train.19.pth",
    0.0432985108345747,
    {
      "mAP": 0.795806193273196,
      "loss": 0.0432985108345747,
      "_timer/data_time": 1.4394574165344238,
      "_timer/model_time": 0.007428526878356934,
      "_timer/batch_time": 1.4468976259231567,
      "_timer/_fps": 70512.88177829937
    }
  ],