{
  "best": {
    "mAP": 0.9128786408354805,
    "loss": 0.026527618058025837,
    "_timer/data_time": 1.533335566520691,
    "_timer/model_time": 0.00757753849029541,
    "_timer/batch_time": 1.5409258604049683,
    "_timer/_fps": 61200.65435081374
  },
  "last": {
    "mAP": 0.9068705747794381,
    "loss": 0.02947663515806198,
    "_timer/data_time": 1.5234235525131226,
    "_timer/model_time": 0.017171025276184082,
    "_timer/batch_time": 1.5406066179275513,
    "_timer/_fps": 29954.37331957761
  },
  "train.47": {
    "mAP": 0.9128786408354805,
    "loss": 0.026527618058025837,
    "_timer/data_time": 1.533335566520691,
    "_timer/model_time": 0.00757753849029541,
    "_timer/batch_time": 1.5409258604049683,
    "_timer/_fps": 61200.65435081374
  },
  "epoch_0": [
    "output/36_tta/fold3/checkpoints/train.1.pth",
    0.49059318006038666,
    {
      "mAP": 0.1983912406030312,
      "loss": 0.49059318006038666,
      "_timer/data_time": 1.4701374769210815,
      "_timer/model_time": 0.007054328918457031,
      "_timer/batch_time": 1.4772025346755981,
      "_timer/_fps": 77947.2515226509
    }
  ],
  "epoch_1": [
    "output/36_tta/fold3/checkpoints/train.2.pth",
    0.27144312858581543,
    {
      "mAP": 0.18700396227275737,
      "loss": 0.27144312858581543,
      "_timer/data_time": 1.4320828914642334,
      "_timer/model_time": 0.007887721061706543,
      "_timer/batch_time": 1.4399851560592651,
      "_timer/_fps": 71449.79325395498
    }
  ],
  "epoch_2": [
    "output/36_tta/fold3/checkpoints/train.3.pth",
    0.1721823364496231,
    {
      "mAP": 0.22160495135413594,
      "loss": 0.1721823364496231,
      "_timer/data_time": 1.447939157485962,
      "_timer/model_time": 0.007764220237731934,
      "_timer/batch_time": 1.4557181596755981,
      "_timer/_fps": 65129.56436033276
    }
  ],
  "epoch_3": [
    "output/36_tta/fold3/checkpoints/train.4.pth",
    0.1249479278922081,
    {
      "mAP": 0.5023733959321072,
      "loss": 0.1249479278922081,
      "_timer/data_time": 1.4375098943710327,
      "_timer/model_time": 0.007882356643676758,
      "_timer/batch_time": 1.445410132408142,
      "_timer/_fps": 67185.93320611917
    }
  ],
  "epoch_4": [
    "output/36_tta/fold3/checkpoints/train.5.pth",
    0.08719184994697571,
    {
      "mAP": 0.731847606526772,
      "loss": 0.08719184994697571,
      "_timer/data_time": 1.5251481533050537,
      "_timer/model_time": 0.007967233657836914,
      "_timer/batch_time": 1.533132553100586,
      "_timer/_fps": 69083.13273548473
    }
  ],
  "epoch_5": [
    "output/36_tta/fold3/checkpoints/train.6.pth",
    0.05863011255860329,
    {
      "mAP": 0.7660156041461247,
      "loss": 0.05863011255860329,
      "_timer/data_time": 1.5407705307006836,
      "_timer/model_time": 0.007613420486450195,
      "_timer/batch_time": 1.548401117324829,
      "_timer/_fps": 79364.77959553542
    }
  ],
  "epoch_6": [
    "output/36_tta/fold3/checkpoints/train.7.pth",
    0.04978371970355511,
    {
      "mAP": 0.7930314402150513,
      "loss": 0.04978371970355511,
      "_timer/data_time": 1.5144423246383667,
      "_timer/model_time": 0.007928848266601562,
      "_timer/batch_time": 1.5223873853683472,
      "_timer/_fps": 71878.02719376584
    }
  ],
  "epoch_7": [
    "output/36_tta/fold3/checkpoints/train.8.pth",
    0.04279134422540665,
    {
      "mAP": 0.8242539144413681,
      "loss": 0.04279134422540665,
      "_timer/data_time": 1.5197696685791016,
      "_timer/model_time": 0.008415579795837402,
      "_timer/batch_time": 1.528200626373291,
      "_timer/_fps": 55395.97796467813
    }
  ],
  "epoch_8": [
    "output/36_tta/fold3/checkpoints/train.9.pth",
    0.043411387130618095,
    {
      "mAP": 0.826915924728536,
      "loss": 0.043411387130618095,
      "_timer/data_time": 1.5602463483810425,
      "_timer/model_time": 0.008142352104187012,
      "_timer/batch_time": 1.5684027671813965,
      "_timer/_fps": 68607.12605700768
    }
  ],
  "epoch_9": [
    "output/36_tta/fold3/checkpoints/train.10.pth",
    0.043281642720103264,
    {
      "mAP": 0.8199171282496156,
      "loss": 0.043281642720103264,
      "_timer/data_time": 1.5459858179092407,
      "_timer/model_time": 0.008025765419006348,
      "_timer/batch_time": 1.554028868675232,
      "_timer/_fps": 68739.77686805945
    }
  ],
  "epoch_10": [
    "output/36_tta/fold3/checkpoints/train.11.pth",
    0.043582187965512276,
    {
      "mAP": 0.8222450118096639,
      "loss": 0.043582187965512276,
      "_timer/data_time": 1.5595417022705078,
      "_timer/model_time": 0.007982611656188965,
      "_timer/batch_time": 1.5675402879714966,
      "_timer/_fps": 64668.222728323235
    }
  ],
  "epoch_11": [
    "output/36_tta/fold3/checkpoints/train.12.pth",
    0.04417007602751255,
    {
      "mAP": 0.8184491369339724,
      "loss": 0.04417007602751255,
      "_timer/data_time": 1.4599331617355347,
      "_timer/model_time": 0.008128046989440918,
      "_timer/batch_time": 1.468075156211853,
      "_timer/_fps": 67891.02181023883
    }
  ],
  "epoch_12": [
    "output/36_tta/fold3/checkpoints/train.13.pth",
    0.046125128865242004,
    {
      "mAP": 0.807156194310811,
      "loss": 0.046125128865242004,
      "_timer/data_time": 1.500256061553955,
      "_timer/model_time": 0.0071680545806884766,
      "_timer/batch_time": 1.507439136505127,
      "_timer/_fps": 75173.13131717763
    }
  ],
  "epoch_13": [
    "output/36_tta/fold3/checkpoints/train.14.pth",
    0.045296380296349525,
    {
      "mAP": 0.8060390491753433,
      "loss": 0.045296380296349525,
      "_timer/data_time": 1.4662113189697266,
      "_timer/model_time": 0.0065048933029174805,
      "_timer/batch_time": 1.4727258682250977,
      "_timer/_fps": 74271.38768464493
    }
  ],
  "epoch_14": [
    "output/36_tta/fold3/checkpoints/train.15.pth",
    0.047392429783940315,
    {
      "mAP": 0.8363988972957779,
      "loss": 0.047392429783940315,
      "_timer/data_time": 1.4545869827270508,
      "_timer/model_time": 0.007744193077087402,
      "_timer/batch_time": 1.4623451232910156,
      "_timer/_fps": 59468.849532330496
    }
  ],
  "epoch_15": [
    "output/36_tta/fold3/checkpoints/train.16.pth",
    0.03860691003501415,
    {
      "mAP": 0.8517367765053769,
      "loss": 0.03860691003501415,
      "_timer/data_time": 1.4503954648971558,
      "_timer/model_time": 0.007978677749633789,
      "_timer/batch_time": 1.4583923816680908,
      "_timer/_fps": 67169.7154398286
    }
  ],
  "epoch_16": [
    "output/36_tta/fold3/checkpoints/train.17.pth",
    0.050782570615410805,
    {
      "mAP": 0.8058086850394869,
      "loss": 0.050782570615410805,
      "_timer/data_time": 1.4229689836502075,
      "_timer/model_time": 0.008349180221557617,
      "_timer/batch_time": 1.431334137916565,
      "_timer/_fps": 67912.60781752871
    }
  ],
  "epoch_17": [
    "output/36_tta/fold3/checkpoints/train.18.pth",
    0.04446931183338165,
    {
      "mAP": 0.8462312465137438,
      "loss": 0.04446931183338165,
      "_timer/data_time": 1.485484004020691,
      "_timer/model_time": 0.008159399032592773,
      "_timer/batch_time": 1.4936589002609253,
      "_timer/_fps": 66376.59136616578
    }
  ],
  "epoch_18": [
    "output/36_tta/fold3/checkpoints/train.19.pth",
    0.03969191759824753,
    {
      "mAP": 0.8390485282310156,
      "loss": 0.03969191759824753,
      "_timer/data_time": 1.4996057748794556,
      "_timer/model_time": 0.007447957992553711,
      "_timer/batch_time": 1.5070661306381226,
      "_timer/_fps": 71034.9673388039
    }
  ],
  "epoch_19": [
    "output/36_tta/fold3/checkpoints/train.20.pth",
    0.043396029621362686,
    {
      "mAP": 0.8535492496296545,
      "loss": 0.043396029621362686,
      "_timer/data_time": 1.4672825336456299,
      "_timer/model_time": 0.007544517517089844,
      "_timer/batch_time": 1.4748409986495972,
      "_timer/_fps": 63818.28389630149
    }
  ],