{
  "best": {
    "mAP": 0.9006485101776085,
    "loss": 0.03071518149226904,
    "_timer/data_time": 1.4663472175598145,
    "_timer/model_time": 0.008033990859985352,
    "_timer/batch_time": 1.4743963479995728,
    "_timer/_fps": 78790.34389084256
  },
  "last": {
    "mAP": 0.8586849993692212,
    "loss": 0.041267476975917816,
    "_timer/data_time": 1.495044231414795,
    "_timer/model_time": 0.01781010627746582,
    "_timer/batch_time": 1.5128675699234009,
    "_timer/_fps": 29938.048848473518
  },
  "train.47": {
    "mAP": 0.9006485101776085,
    "loss": 0.03071518149226904,
    "_timer/data_time": 1.4663472175598145,
    "_timer/model_time": 0.008033990859985352,
    "_timer/batch_time": 1.4743963479995728,
    "_timer/_fps": 78790.34389084256
  },
  "epoch_0": [
    "output/36_tta/fold4/checkpoints/train.1.pth",
    0.48200763761997223,
    {
      "mAP": 0.18889877792880674,
      "loss": 0.48200763761997223,
      "_timer/data_time": 1.5125706195831299,
      "_timer/model_time": 0.012727856636047363,
      "_timer/batch_time": 1.52531099319458,
      "_timer/_fps": 29936.652634945407
    }
  ],
  "epoch_1": [
    "output/36_tta/fold4/checkpoints/train.2.pth",
    0.2678582966327667,
    {
      "mAP": 0.2717074440687033,
      "loss": 0.2678582966327667,
      "_timer/data_time": 1.5429991483688354,
      "_timer/model_time": 0.0069800615310668945,
      "_timer/batch_time": 1.5499918460845947,
      "_timer/_fps": 78150.90136898625
    }
  ],
  "epoch_2": [
    "output/36_tta/fold4/checkpoints/train.3.pth",
    0.17325667291879654,
    {
      "mAP": 0.3468300927826494,
      "loss": 0.17325667291879654,
      "_timer/data_time": 1.4439760446548462,
      "_timer/model_time": 0.008027076721191406,
      "_timer/batch_time": 1.4520193338394165,
      "_timer/_fps": 70018.1615146905
    }
  ],
  "epoch_3": [
    "output/36_tta/fold4/checkpoints/train.4.pth",
    0.1158929355442524,
    {
      "mAP": 0.4750274826577069,
      "loss": 0.1158929355442524,
      "_timer/data_time": 1.5203218460083008,
      "_timer/model_time": 0.0065125226974487305,
      "_timer/batch_time": 1.52684485912323,
      "_timer/_fps": 79498.78020227025
    }
  ],
  "epoch_4": [
    "output/36_tta/fold4/checkpoints/train.5.pth",
    0.07493162527680397,
    {
      "mAP": 0.7056605522130655,
      "loss": 0.07493162527680397,
      "_timer/data_time": 1.4752963781356812,
      "_timer/model_time": 0.006496906280517578,
      "_timer/batch_time": 1.4818066358566284,
      "_timer/_fps": 75404.67656036715
    }
  ],
  "epoch_5": [
    "output/36_tta/fold4/checkpoints/train.6.pth",
    0.05299540236592293,
    {
      "mAP": 0.800469521083937,
      "loss": 0.05299540236592293,
      "_timer/data_time": 1.561780571937561,
      "_timer/model_time": 0.017194271087646484,
      "_timer/batch_time": 1.578984260559082,
      "_timer/_fps": 29794.520811204042
    }
  ],
  "epoch_6": [
    "output/36_tta/fold4/checkpoints/train.7.pth",
    0.045790472999215126,
    {
      "mAP": 0.8204427892362083,
      "loss": 0.045790472999215126,
      "_timer/data_time": 1.5172739028930664,
      "_timer/model_time": 0.007564067840576172,
      "_timer/batch_time": 1.5248502492904663,
      "_timer/_fps": 63878.64569666034
    }
  ],
  "epoch_7": [
    "output/36_tta/fold4/checkpoints/train.8.pth",
    0.044916752725839615,
    {
      "mAP": 0.8202933929603597,
      "loss": 0.044916752725839615,
      "_timer/data_time": 1.5086451768875122,
      "_timer/model_time": 0.008215546607971191,
      "_timer/batch_time": 1.5168747901916504,
      "_timer/_fps": 79382.83727436939
    }
  ],
  "epoch_8": [
    "output/36_tta/fold4/checkpoints/train.9.pth",
    0.045478688552975655,
    {
      "mAP": 0.8194727094092894,
      "loss": 0.045478688552975655,
      "_timer/data_time": 1.5678181648254395,
      "_timer/model_time": 0.015933752059936523,
      "_timer/batch_time": 1.5837620496749878,
      "_timer/_fps": 34405.99118623501
    }
  ],
  "epoch_9": [
    "output/36_tta/fold4/checkpoints/train.10.pth",
    0.042394956573843956,
    {
      "mAP": 0.8295319804841523,
      "loss": 0.042394956573843956,
      "_timer/data_time": 1.470563530921936,
      "_timer/model_time": 0.008022189140319824,
      "_timer/batch_time": 1.4786006212234497,
      "_timer/_fps": 75009.18244000962
    }
  ],
  "epoch_10": [
    "output/36_tta/fold4/checkpoints/train.11.pth",
    0.04215492866933346,
    {
      "mAP": 0.8285258281568959,
      "loss": 0.04215492866933346,
      "_timer/data_time": 1.4916776418685913,
      "_timer/model_time": 0.0070798397064208984,
      "_timer/batch_time": 1.49876868724823,
      "_timer/_fps": 77108.83553446835
    }
  ],
  "epoch_11": [
    "output/36_tta/fold4/checkpoints/train.12.pth",
    0.048635734245181084,
    {
      "mAP": 0.8105813386977461,
      "loss": 0.048635734245181084,
      "_timer/data_time": 1.4354568719863892,
      "_timer/model_time": 0.007102608680725098,
      "_timer/batch_time": 1.4425714015960693,
      "_timer/_fps": 76248.85168260681
    }
  ],
  "epoch_12": [
    "output/36_tta/fold4/checkpoints/train.13.pth",
    0.04080455005168915,
    {
      "mAP": 0.8343398291067903,
      "loss": 0.04080455005168915,
      "_timer/data_time": 1.4481152296066284,
      "_timer/model_time": 0.017737746238708496,
      "_timer/batch_time": 1.4658656120300293,
      "_timer/_fps": 29137.04420619449
    }
  ],
  "epoch_13": [
    "output/36_tta/fold4/checkpoints/train.14.pth",
    0.037618888542056084,
    {
      "mAP": 0.8619572459610076,
      "loss": 0.037618888542056084,
      "_timer/data_time": 1.4804787635803223,
      "_timer/model_time": 0.015317797660827637,
      "_timer/batch_time": 1.4958080053329468,
      "_timer/_fps": 33906.18954801735
    }
  ],
  "epoch_14": [
    "output/36_tta/fold4/checkpoints/train.15.pth",
    0.04928045719861984,
    {
      "mAP": 0.8173665358780113,
      "loss": 0.04928045719861984,
      "_timer/data_time": 1.4776467084884644,
      "_timer/model_time": 0.016205430030822754,
      "_timer/batch_time": 1.493865966796875,
      "_timer/_fps": 30864.698258202126
    }
  ],
  "epoch_15": [
    "output/36_tta/fold4/checkpoints/train.16.pth",
    0.05299982614815235,
    {
      "mAP": 0.8456037003878933,
      "loss": 0.05299982614815235,
      "_timer/data_time": 1.5050245523452759,
      "_timer/model_time": 0.00742340087890625,
      "_timer/batch_time": 1.5124644041061401,
      "_timer/_fps": 74908.921439364
    }
  ],
  "epoch_16": [
    "output/36_tta/fold4/checkpoints/train.17.pth",
    0.04512426815927029,
    {
      "mAP": 0.8357597819515507,
      "loss": 0.04512426815927029,
      "_timer/data_time": 1.4939720630645752,
      "_timer/model_time": 0.006543636322021484,
      "_timer/batch_time": 1.5005249977111816,
      "_timer/_fps": 78816.09790819949
    }
  ],
  "epoch_17": [
    "output/36_tta/fold4/checkpoints/train.18.pth",
    0.04169301688671112,
    {
      "mAP": 0.861733351987319,
      "loss": 0.04169301688671112,
      "_timer/data_time": 1.5218397378921509,
      "_timer/model_time": 0.01649343967437744,
      "_timer/batch_time": 1.5383433103561401,
      "_timer/_fps": 29460.552057853918
    }
  ],
  "epoch_18": [
    "output/36_tta/fold4/checkpoints/train.19.pth",
    0.04938328266143799,
    {
      "mAP": 0.7873703463516359,
      "loss": 0.04938328266143799,
      "_timer/data_time": 1.4626362323760986,
      "_timer/model_time": 0.017114758491516113,
      "_timer/batch_time": 1.479762315750122,
      "_timer/_fps": 29865.32840621036
    }
  ],
  "epoch_19": [
    "output/36_tta/fold4/checkpoints/train.20.pth",
    0.039365461096167564,
    {
      "mAP": 0.8518118055706703,
      "loss": 0.039365461096167564,
      "_timer/data_time": 1.4769712686538696,
      "_timer/model_time": 0.016788840293884277,
      "_timer/batch_time": 1.493774652481079,
      "_timer/_fps": 29932.811338870604
    }
  ],