{
  "best": {
    "mAP": 0.8381335887836109,
    "loss": 0.03854989477013011
  },
  "last": {
    "mAP": 0.8288823121341342,
    "loss": 0.042702326771540774
  },
  "train.42": {
    "mAP": 0.8381335887836109,
    "loss": 0.03854989477013011
  },
  "epoch_0": [
    "output/42_nn_model_ensemble/kernel3/fold4/checkpoints/train.1.pth",
    0.5328427641762129,
    {
      "mAP": 0.12409086805791313,
      "loss": 0.5328427641762129
    }
  ],
  "epoch_1": [
    "output/42_nn_model_ensemble/kernel3/fold4/checkpoints/train.2.pth",
    0.26020770303018154,
    {
      "mAP": 0.2317204994690887,
      "loss": 0.26020770303018154
    }
  ],
  "epoch_2": [
    "output/42_nn_model_ensemble/kernel3/fold4/checkpoints/train.3.pth",
    0.1376412632726709,
    {
      "mAP": 0.2914786719656626,
      "loss": 0.1376412632726709
    }
  ],
  "epoch_3": [
    "output/42_nn_model_ensemble/kernel3/fold4/checkpoints/train.4.pth",
    0.10172034456834908,
    {
      "mAP": 0.4979406343884404,
      "loss": 0.10172034456834908
    }
  ],
  "epoch_4": [
    "output/42_nn_model_ensemble/kernel3/fold4/checkpoints/train.5.pth",
    0.07517522261318298,
    {
      "mAP": 0.6804632621099286,
      "loss": 0.07517522261318298
    }
  ],
  "epoch_5": [
    "output/42_nn_model_ensemble/kernel3/fold4/checkpoints/train.6.pth",
    0.055564983877545646,
    {
      "mAP": 0.7395282021150417,
      "loss": 0.055564983877545646
    }
  ],
  "epoch_6": [
    "output/42_nn_model_ensemble/kernel3/fold4/checkpoints/train.7.pth",
    0.05320473704499611,
    {
      "mAP": 0.7407459893960366,
      "loss": 0.05320473704499611
    }
  ],
  "epoch_7": [
    "output/42_nn_model_ensemble/kernel3/fold4/checkpoints/train.8.pth",
    0.05068366653170053,
    {
      "mAP": 0.7874869601009764,
      "loss": 0.05068366653170053
    }
  ],
  "epoch_8": [
    "output/42_nn_model_ensemble/kernel3/fold4/checkpoints/train.9.pth",
    0.05036627031767536,
    {
      "mAP": 0.7631492767674098,
      "loss": 0.05036627031767536
    }
  ],
  "epoch_9": [
    "output/42_nn_model_ensemble/kernel3/fold4/checkpoints/train.10.pth",
    0.05153323156056423,
    {
      "mAP": 0.7542950763991482,
      "loss": 0.05153323156056423
    }
  ],
  "epoch_10": [
    "output/42_nn_model_ensemble/kernel3/fold4/checkpoints/train.11.pth",
    0.049297413204388886,
    {
      "mAP": 0.7944475532292791,
      "loss": 0.049297413204388886
    }
  ],
  "epoch_11": [
    "output/42_nn_model_ensemble/kernel3/fold4/checkpoints/train.12.pth",
    0.04911721137019717,
    {
      "mAP": 0.7876911519831341,
      "loss": 0.04911721137019717
    }
  ],
  "epoch_12": [
    "output/42_nn_model_ensemble/kernel3/fold4/checkpoints/train.13.pth",
    0.04964906241551853,
    {
      "mAP": 0.7831166192023113,
      "loss": 0.04964906241551853
    }
  ],
  "epoch_13": [
    "output/42_nn_model_ensemble/kernel3/fold4/checkpoints/train.14.pth",
    0.0503815454258643,
    {
      "mAP": 0.7879095397036006,
      "loss": 0.0503815454258643
    }
  ],
  "epoch_14": [
    "output/42_nn_model_ensemble/kernel3/fold4/checkpoints/train.15.pth",
    0.05272715753188611,
    {
      "mAP": 0.7871688760312435,
      "loss": 0.05272715753188611
    }
  ],
  "epoch_15": [
    "output/42_nn_model_ensemble/kernel3/fold4/checkpoints/train.16.pth",
    0.05067605162997653,
    {
      "mAP": 0.7634878684216968,
      "loss": 0.05067605162997653
    }
  ],
  "epoch_16": [
    "output/42_nn_model_ensemble/kernel3/fold4/checkpoints/train.17.pth",
    0.05003761419701993,
    {
      "mAP": 0.7707695619485403,
      "loss": 0.05003761419701993
    }
  ],
  "epoch_17": [
    "output/42_nn_model_ensemble/kernel3/fold4/checkpoints/train.18.pth",
    0.047835531749116866,
    {
      "mAP": 0.8141749627883154,
      "loss": 0.047835531749116866
    }
  ],
  "epoch_18": [
    "output/42_nn_model_ensemble/kernel3/fold4/checkpoints/train.19.pth",
    0.04869197560292647,
    {
      "mAP": 0.7749838468469314,
      "loss": 0.04869197560292647
    }
  ],
  "epoch_19": [
    "output/42_nn_model_ensemble/kernel3/fold4/checkpoints/train.20.pth",
    0.04932050461296516,
    {
      "mAP": 0.8019336137676131,
      "loss": 0.04932050461296516
    }
  ],
  "epoch_20": [
    "output/42_nn_model_ensemble/kernel3/fold4/checkpoints/train.21.pth",
    0.04551870218041605,
    {
      "mAP": 0.8344514451139154,
      "loss": 0.04551870218041605
    }
  ],
  "epoch_21": [
    "output/42_nn_model_ensemble/kernel3/fold4/checkpoints/train.22.pth",
    0.07931585675049084,
    {
      "mAP": 0.838455595052068,
      "loss": 0.07931585675049084
    }
  ],
  "epoch_22": [
    "output/42_nn_model_ensemble/kernel3/fold4/checkpoints/train.23.pth",
    0.04352280374293209,
    {
      "mAP": 0.834765961505338,
      "loss": 0.04352280374293209
    }
  ],
  "epoch_23": [
    "output/42_nn_model_ensemble/kernel3/fold4/checkpoints/train.24.pth",
    0.04608193011083856,
    {
      "mAP": 0.8500968013188818,
      "loss": 0.04608193011083856
    }
  ],
  "epoch_24": [
    "output/42_nn_model_ensemble/kernel3/fold4/checkpoints/train.25.pth",
    0.04819176702433853,
    {
      "mAP": 0.825030130974639,
      "loss": 0.04819176702433853
    }
  ],
  "epoch_25": [
    "output/42_nn_model_ensemble/kernel3/fold4/checkpoints/train.26.pth",
    0.043703690513206876,
    {
      "mAP": 0.8548195059276735,
      "loss": 0.043703690513206876
    }
  ],
  "epoch_26": [
    "output/42_nn_model_ensemble/kernel3/fold4/checkpoints/train.27.pth",
    0.04193861555826688,
    {
      "mAP": 0.8515429976334129,
      "loss": 0.04193861555826688
    }
  ],
  "epoch_27": [
    "output/42_nn_model_ensemble/kernel3/fold4/checkpoints/train.28.pth",
    0.04037941059081364,
    {
      "mAP": 0.8508566586707881,
      "loss": 0.04037941059081364
    }
  ],
  "epoch_28": [
    "output/42_nn_model_ensemble/kernel3/fold4/checkpoints/train.29.pth",
    0.042252723087519706,
    {
      "mAP": 0.8524472190460127,
      "loss": 0.042252723087519706
    }
  ],
  "epoch_29": [
    "output/42_nn_model_ensemble/kernel3/fold4/checkpoints/train.30.pth",
    0.04161384404983269,
    {
      "mAP": 0.8377337438592886,
      "loss": 0.04161384404983269
    }
  ],
  "epoch_30": [
    "output/42_nn_model_ensemble/kernel3/fold4/checkpoints/train.31.pth",
    0.04176921819580347,
    {
      "mAP": 0.8501255075182832,
      "loss": 0.04176921819580347
    }
  ],
  "epoch_31": [
    "output/42_nn_model_ensemble/kernel3/fold4/checkpoints/train.32.pth",
    0.041479173639354563,
    {
      "mAP": 0.8385460012479274,
      "loss": 0.041479173639354563
    }
  ],
  "epoch_32": [
    "output/42_nn_model_ensemble/kernel3/fold4/checkpoints/train.33.pth",
    0.045542978827554106,
    {
      "mAP": 0.8354515828794614,
      "loss": 0.045542978827554106
    }
  ],
  "epoch_33": [
    "output/42_nn_model_ensemble/kernel3/fold4/checkpoints/train.34.pth",
    0.054658545250049276,
    {
      "mAP": 0.83250929153399,
      "loss": 0.054658545250049276
    }
  ],
  "epoch_34": [
    "output/42_nn_model_ensemble/kernel3/fold4/checkpoints/train.35.pth",
    0.04310219286218857,
    {
      "mAP": 0.8403359145290581,
      "loss": 0.04310219286218857
    }
  ],
  "epoch_35": [
    "output/42_nn_model_ensemble/kernel3/fold4/checkpoints/train.36.pth",
    0.04262029367080052,
    {
      "mAP": 0.8328271199217436,
      "loss": 0.04262029367080052
    }
  ],
  "epoch_36": [
    "output/42_nn_model_ensemble/kernel3/fold4/checkpoints/train.37.pth",
    0.0872118471023735,
    {
      "mAP": 0.7682171061812534,
      "loss": 0.0872118471023735
    }
  ],
  "epoch_37": [
    "output/42_nn_model_ensemble/kernel3/fold4/checkpoints/train.38.pth",
    0.045287594737806976,
    {
      "mAP": 0.8391179134271028,
      "loss": 0.045287594737806976
    }
  ],
  "epoch_38": [
    "output/42_nn_model_ensemble/kernel3/fold4/checkpoints/train.39.pth",
    0.04014271164279138,
    {
      "mAP": 0.8309336837451582,
      "loss": 0.04014271164279138
    }
  ],