{
  "best": {
    "AUC": 0.8915576762121808,
    "loss": 0.3969930776131493
  },
  "last": {
    "AUC": 0.8915576762121808,
    "loss": 0.3969930776131493
  },
  "train.10": {
    "AUC": 0.8915576762121808,
    "loss": 0.3969930776131493
  },
  "epoch_0": [
    "output/22_conv1d_load/fold2/checkpoints/train.1.pth",
    0.69934835021408,
    {
      "AUC": 0.6354838132989119,
      "loss": 0.69934835021408
    }
  ],
  "epoch_1": [
    "output/22_conv1d_load/fold2/checkpoints/train.2.pth",
    0.564290293518912,
    {
      "AUC": 0.8502642655307725,
      "loss": 0.564290293518912
    }
  ],
  "epoch_2": [
    "output/22_conv1d_load/fold2/checkpoints/train.3.pth",
    0.693747979307274,
    {
      "AUC": 0.8571060748034696,
      "loss": 0.693747979307274
    }
  ],
  "epoch_3": [
    "output/22_conv1d_load/fold2/checkpoints/train.4.pth",
    0.5711013685091243,
    {
      "AUC": 0.8669598847273587,
      "loss": 0.5711013685091243
    }
  ],
  "epoch_4": [
    "output/22_conv1d_load/fold2/checkpoints/train.5.pth",
    1.1370637452461556,
    {
      "AUC": 0.8678136351321201,
      "loss": 1.1370637452461556
    }
  ],
  "epoch_5": [
    "output/22_conv1d_load/fold2/checkpoints/train.6.pth",
    0.4529416134905865,
    {
      "AUC": 0.869374620488587,
      "loss": 0.4529416134905865
    }
  ],
  "epoch_6": [
    "output/22_conv1d_load/fold2/checkpoints/train.7.pth",
    1.4062595799037199,
    {
      "AUC": 0.8275681957881754,
      "loss": 1.4062595799037199
    }
  ],
  "epoch_7": [
    "output/22_conv1d_load/fold2/checkpoints/train.8.pth",
    0.6991668108273413,
    {
      "AUC": 0.8704380475531466,
      "loss": 0.6991668108273413
    }
  ],
  "epoch_8": [
    "output/22_conv1d_load/fold2/checkpoints/train.9.pth",
    3.872794579266673,
    {
      "AUC": 0.6602033517831576,
      "loss": 3.872794579266673
    }
  ],
  "epoch_9": [
    "output/22_conv1d_load/fold2/checkpoints/train.10.pth",
    0.3969930776131493,
    {
      "AUC": 0.8915576762121808,
      "loss": 0.3969930776131493
    }
  ]
}