{
    "metrics": {
        "lgbm_av": {
            "Fold1 auc": 0.7345836615463026,
            "Fold2 auc": 0.7242715256587737,
            "Fold3 auc": 0.7518657375354219,
            "Fold4 auc": 0.7244199744265081,
            "Fold5 auc": 0.7455280974949221,
            "oof auc": 0.7358834416557153
        },
        "lgbm_vsb_1st_tuned": {
            "Fold1 pr-auc": 0.6500054981270259,
            "Fold2 pr-auc": 0.8288567307809673,
            "Fold3 pr-auc": 0.8282464104639128,
            "Fold4 pr-auc": 0.7140404810878777,
            "Fold5 pr-auc": 0.6663084669391355,
            "oof pr-auc": 0.7402819161915049
        }
    },
    "importances": {
        "lgbm_av": {
            "max_inverse_fw_0.66": 23129.2702703927,
            "highest_peak_inverse_fw_0.33": 19895.48126178541,
            "max_inverse_fw_0.5": 16719.05231526592,
            "highest_peak_inverse_fw_0.5": 14207.402652890327,
            "max_steapness_span_1": 11334.350780972589,
            "max_inverse_hw_0.5": 11034.508433722962,
            "highest_peak_steapness_span_2": 10024.732561637285,
            "max_inverse_fw_0.33": 9713.745447050722,
            "max_inverse_hw_0.33": 9671.141843896685,
            "highest_peak_inverse_fw_0.66": 9042.18828241462,
            "max_inverse_fw_0.75": 8933.147367147054,
            "highest_peak_inverse_hw_0.33": 8646.088037357584,
            "highest_peak_steapness_span_1": 8560.419653878873,
            "max_steapness_span_4": 8047.614705474398,
            "max_inverse_hw_0.66": 7784.472798399036,
            "max_steapness_span_5": 7638.136356468126,
            "max_steapness_span_2": 7539.936802623701,
            "highest_peak_inverse_fw_0.8": 7501.175522177737,
            "highest_peak_steapness_span_5": 7471.853354691037,
            "max_steapness_span_3": 7432.861068011169,
            "highest_peak_inverse_hw_0.8": 7419.021237316995,
            "highest_peak_inverse_fw_0.75": 6848.469499860564,
            "highest_peak_inverse_hw_0.5": 6749.817701079278,
            "max_inverse_fw_0.8": 6643.983039841429,
            "max_inverse_hw_0.75": 6498.214670109912,
            "highest_peak_inverse_hw_0.66": 6334.66626174195,
            "max_inverse_hw_0.8": 5956.852260510135,
            "highest_peak_steapness_span_4": 5953.955961501924,
            "highest_peak_steapness_span_3": 5948.663883031834,
            "highest_peak_inverse_hw_0.75": 5285.492683372205
        },
        "lgbm_vsb_1st_tuned": {
            "highest_peak_inverse_fw_0.66": 8784.688867911125,
            "max_inverse_fw_0.33": 4951.050844105618,
            "max_inverse_hw_0.33": 4445.962217337922,
            "highest_peak_inverse_fw_0.75": 3367.87228685907,
            "max_steapness_span_4": 2118.127212900156,
            "max_steapness_span_3": 2014.161488071212,
            "max_steapness_span_2": 1912.1033339135029,
            "highest_peak_steapness_span_4": 1805.4285947695898,
            "max_inverse_fw_0.5": 1672.8429336395318,
            "highest_peak_steapness_span_3": 1575.5266460083135,
            "highest_peak_inverse_fw_0.8": 1522.307923687459,
            "highest_peak_inverse_fw_0.33": 1421.961591673417,
            "max_inverse_hw_0.66": 1187.6434199255004,
            "max_inverse_hw_0.5": 1104.1211641230852,
            "highest_peak_inverse_hw_0.5": 1089.9759766043164,
            "highest_peak_steapness_span_2": 1029.8603507080697,
            "highest_peak_inverse_fw_0.5": 1024.3046596739964,
            "highest_peak_inverse_hw_0.33": 1011.8269100286766,
            "max_steapness_span_1": 968.0757581198122,
            "max_inverse_fw_0.8": 959.9775811498928,
            "highest_peak_steapness_span_5": 819.3128291654764,
            "max_inverse_fw_0.75": 794.0531676345839,
            "max_inverse_fw_0.66": 782.8839928488944,
            "highest_peak_steapness_span_1": 733.6881919107793,
            "max_inverse_hw_0.75": 678.9363908100407,
            "highest_peak_inverse_hw_0.66": 594.2714844148315,
            "max_inverse_hw_0.8": 588.7145623428281,
            "max_steapness_span_5": 503.0823265489423,
            "highest_peak_inverse_hw_0.8": 425.7499552176334,
            "highest_peak_inverse_hw_0.75": 381.38139364582315
        }
    }
}