{
    "metrics": {
        "lgbm_av": {
            "Fold1 auc": 0.8932141273500169,
            "Fold2 auc": 0.8958974470480512,
            "Fold3 auc": 0.8918624572241115,
            "Fold4 auc": 0.8852067706836022,
            "Fold5 auc": 0.8917903085404778,
            "oof auc": 0.8914181993981942
        },
        "lgbm_vsb_1st": {
            "Fold1 pr-auc": 0.8431347150974186,
            "Fold2 pr-auc": 0.8391124173219723,
            "Fold3 pr-auc": 0.8474414260169931,
            "Fold4 pr-auc": 0.7792327671044446,
            "Fold5 pr-auc": 0.8475147895551299,
            "oof pr-auc": 0.831960891243815
        }
    },
    "importances": {}
}