{
  "best": {
    "mAP": 0.9183218783112003,
    "loss": 0.030133455191321153
  },
  "last": {
    "mAP": 0.8780285322177109,
    "loss": 0.04039561052549262
  },
  "train.39": {
    "mAP": 0.9183218783112003,
    "loss": 0.030133455191321153
  },
  "epoch_0": [
    "output/42_nn_model_ensemble/20200606-14:55:10/crop/fold3/checkpoints/train.1.pth",
    0.5278964612655537,
    {
      "mAP": 0.1267720552345376,
      "loss": 0.5278964612655537
    }
  ],
  "epoch_1": [
    "output/42_nn_model_ensemble/20200606-14:55:10/crop/fold3/checkpoints/train.2.pth",
    0.4101199072403,
    {
      "mAP": 0.16875400059865495,
      "loss": 0.4101199072403
    }
  ],
  "epoch_2": [
    "output/42_nn_model_ensemble/20200606-14:55:10/crop/fold3/checkpoints/train.3.pth",
    0.29433090935718637,
    {
      "mAP": 0.41467878843154277,
      "loss": 0.29433090935718637
    }
  ],
  "epoch_3": [
    "output/42_nn_model_ensemble/20200606-14:55:10/crop/fold3/checkpoints/train.4.pth",
    0.2233033841519686,
    {
      "mAP": 0.7802150418108822,
      "loss": 0.2233033841519686
    }
  ],
  "epoch_4": [
    "output/42_nn_model_ensemble/20200606-14:55:10/crop/fold3/checkpoints/train.5.pth",
    0.08454477299999373,
    {
      "mAP": 0.7949855705172363,
      "loss": 0.08454477299999373
    }
  ],
  "epoch_5": [
    "output/42_nn_model_ensemble/20200606-14:55:10/crop/fold3/checkpoints/train.6.pth",
    0.04004114245207981,
    {
      "mAP": 0.8761302833126104,
      "loss": 0.04004114245207981
    }
  ],
  "epoch_6": [
    "output/42_nn_model_ensemble/20200606-14:55:10/crop/fold3/checkpoints/train.7.pth",
    0.03692336859483405,
    {
      "mAP": 0.8977364579305295,
      "loss": 0.03692336859483405
    }
  ],
  "epoch_7": [
    "output/42_nn_model_ensemble/20200606-14:55:10/crop/fold3/checkpoints/train.8.pth",
    0.03415131025271842,
    {
      "mAP": 0.898878669998607,
      "loss": 0.03415131025271842
    }
  ],
  "epoch_8": [
    "output/42_nn_model_ensemble/20200606-14:55:10/crop/fold3/checkpoints/train.9.pth",
    0.03548130270021028,
    {
      "mAP": 0.9019462316914525,
      "loss": 0.03548130270021028
    }
  ],
  "epoch_9": [
    "output/42_nn_model_ensemble/20200606-14:55:10/crop/fold3/checkpoints/train.10.pth",
    0.03444177942211466,
    {
      "mAP": 0.894181802900174,
      "loss": 0.03444177942211466
    }
  ],
  "epoch_10": [
    "output/42_nn_model_ensemble/20200606-14:55:10/crop/fold3/checkpoints/train.11.pth",
    0.03424003162867845,
    {
      "mAP": 0.8943889867290382,
      "loss": 0.03424003162867845
    }
  ],
  "epoch_11": [
    "output/42_nn_model_ensemble/20200606-14:55:10/crop/fold3/checkpoints/train.12.pth",
    0.038024120784359,
    {
      "mAP": 0.8616014170909457,
      "loss": 0.038024120784359
    }
  ],
  "epoch_12": [
    "output/42_nn_model_ensemble/20200606-14:55:10/crop/fold3/checkpoints/train.13.pth",
    0.03505450171476735,
    {
      "mAP": 0.894976527463609,
      "loss": 0.03505450171476735
    }
  ],
  "epoch_13": [
    "output/42_nn_model_ensemble/20200606-14:55:10/crop/fold3/checkpoints/train.14.pth",
    0.036234396594378,
    {
      "mAP": 0.899579925910707,
      "loss": 0.036234396594378
    }
  ],
  "epoch_14": [
    "output/42_nn_model_ensemble/20200606-14:55:10/crop/fold3/checkpoints/train.15.pth",
    0.03967234613555506,
    {
      "mAP": 0.8860291398811837,
      "loss": 0.03967234613555506
    }
  ],
  "epoch_15": [
    "output/42_nn_model_ensemble/20200606-14:55:10/crop/fold3/checkpoints/train.16.pth",
    0.040168731096974136,
    {
      "mAP": 0.8735107680330422,
      "loss": 0.040168731096974136
    }
  ],
  "epoch_16": [
    "output/42_nn_model_ensemble/20200606-14:55:10/crop/fold3/checkpoints/train.17.pth",
    0.03814656490230809,
    {
      "mAP": 0.8696886488215343,
      "loss": 0.03814656490230809
    }
  ],
  "epoch_17": [
    "output/42_nn_model_ensemble/20200606-14:55:10/crop/fold3/checkpoints/train.18.pth",
    0.04039320486729868,
    {
      "mAP": 0.870780268205317,
      "loss": 0.04039320486729868
    }
  ],
  "epoch_18": [
    "output/42_nn_model_ensemble/20200606-14:55:10/crop/fold3/checkpoints/train.19.pth",
    0.03485461670176327,
    {
      "mAP": 0.8976920680477299,
      "loss": 0.03485461670176327
    }
  ],
  "epoch_19": [
    "output/42_nn_model_ensemble/20200606-14:55:10/crop/fold3/checkpoints/train.20.pth",
    0.0395151390803686,
    {
      "mAP": 0.9012333299222143,
      "loss": 0.0395151390803686
    }
  ],
  "epoch_20": [
    "output/42_nn_model_ensemble/20200606-14:55:10/crop/fold3/checkpoints/train.21.pth",
    0.06006901836487456,
    {
      "mAP": 0.8514788500829062,
      "loss": 0.06006901836487456
    }
  ],
  "epoch_21": [
    "output/42_nn_model_ensemble/20200606-14:55:10/crop/fold3/checkpoints/train.22.pth",
    0.03664921552053056,
    {
      "mAP": 0.8781362934395036,
      "loss": 0.03664921552053056
    }
  ],
  "epoch_22": [
    "output/42_nn_model_ensemble/20200606-14:55:10/crop/fold3/checkpoints/train.23.pth",
    0.03875606174367181,
    {
      "mAP": 0.9094418685205126,
      "loss": 0.03875606174367181
    }
  ],
  "epoch_23": [
    "output/42_nn_model_ensemble/20200606-14:55:10/crop/fold3/checkpoints/train.24.pth",
    0.03496024359040158,
    {
      "mAP": 0.9109152881761947,
      "loss": 0.03496024359040158
    }
  ],
  "epoch_24": [
    "output/42_nn_model_ensemble/20200606-14:55:10/crop/fold3/checkpoints/train.25.pth",
    0.032212487893541066,
    {
      "mAP": 0.9043462591309921,
      "loss": 0.032212487893541066
    }
  ],
  "epoch_25": [
    "output/42_nn_model_ensemble/20200606-14:55:10/crop/fold3/checkpoints/train.26.pth",
    0.03872686037048447,
    {
      "mAP": 0.8887533236580032,
      "loss": 0.03872686037048447
    }
  ],
  "epoch_26": [
    "output/42_nn_model_ensemble/20200606-14:55:10/crop/fold3/checkpoints/train.27.pth",
    0.03283285759214034,
    {
      "mAP": 0.9103414035800454,
      "loss": 0.03283285759214034
    }
  ],
  "epoch_27": [
    "output/42_nn_model_ensemble/20200606-14:55:10/crop/fold3/checkpoints/train.28.pth",
    0.03662075848890457,
    {
      "mAP": 0.8901620701624022,
      "loss": 0.03662075848890457
    }
  ],
  "epoch_28": [
    "output/42_nn_model_ensemble/20200606-14:55:10/crop/fold3/checkpoints/train.29.pth",
    0.030352495077098064,
    {
      "mAP": 0.9137850902393393,
      "loss": 0.030352495077098064
    }
  ],
  "epoch_29": [
    "output/42_nn_model_ensemble/20200606-14:55:10/crop/fold3/checkpoints/train.30.pth",
    0.03598112090870929,
    {
      "mAP": 0.8874216617168197,
      "loss": 0.03598112090870929
    }
  ],
  "epoch_30": [
    "output/42_nn_model_ensemble/20200606-14:55:10/crop/fold3/checkpoints/train.31.pth",
    0.03558945493733795,
    {
      "mAP": 0.8845101383642451,
      "loss": 0.03558945493733795
    }
  ],
  "epoch_31": [
    "output/42_nn_model_ensemble/20200606-14:55:10/crop/fold3/checkpoints/train.32.pth",
    0.03345747686115863,
    {
      "mAP": 0.8999289858760999,
      "loss": 0.03345747686115863
    }
  ],
  "epoch_32": [
    "output/42_nn_model_ensemble/20200606-14:55:10/crop/fold3/checkpoints/train.33.pth",
    0.0310177226421231,
    {
      "mAP": 0.910709806422708,
      "loss": 0.0310177226421231
    }
  ],
  "epoch_33": [
    "output/42_nn_model_ensemble/20200606-14:55:10/crop/fold3/checkpoints/train.34.pth",
    0.03200938092656158,
    {
      "mAP": 0.9053321728143532,
      "loss": 0.03200938092656158
    }
  ],
  "epoch_34": [
    "output/42_nn_model_ensemble/20200606-14:55:10/crop/fold3/checkpoints/train.35.pth",
    0.03872818351994446,
    {
      "mAP": 0.8810403690436549,
      "loss": 0.03872818351994446
    }
  ],
  "epoch_35": [
    "output/42_nn_model_ensemble/20200606-14:55:10/crop/fold3/checkpoints/train.36.pth",
    0.037962632315144414,
    {
      "mAP": 0.8779480314240617,
      "loss": 0.037962632315144414
    }
  ],