{
  "best": {
    "mAP": 0.897279052148465,
    "loss": 0.029130534268915653,
    "_timer/data_time": 1.6061996221542358,
    "_timer/model_time": 0.00808405876159668,
    "_timer/batch_time": 1.6142995357513428,
    "_timer/_fps": 67301.3933715099
  },
  "last": {
    "mAP": 0.8860257485149233,
    "loss": 0.03584063611924648,
    "_timer/data_time": 10.926635384559631,
    "_timer/model_time": 0.017275571823120117,
    "_timer/batch_time": 10.943918704986572,
    "_timer/_fps": 29204.74607920081
  },
  "train.31": {
    "mAP": 0.897279052148465,
    "loss": 0.029130534268915653,
    "_timer/data_time": 1.6061996221542358,
    "_timer/model_time": 0.00808405876159668,
    "_timer/batch_time": 1.6142995357513428,
    "_timer/_fps": 67301.3933715099
  },
  "epoch_0": [
    "output/36_tta/20200605-21:29:24/fold3/checkpoints/train.1.pth",
    0.49059318006038666,
    {
      "mAP": 0.1983912406030312,
      "loss": 0.49059318006038666,
      "_timer/data_time": 1.5076178312301636,
      "_timer/model_time": 0.015015363693237305,
      "_timer/batch_time": 1.5226415395736694,
      "_timer/_fps": 35407.08999229226
    }
  ],
  "epoch_1": [
    "output/36_tta/20200605-21:29:24/fold3/checkpoints/train.2.pth",
    0.27144312858581543,
    {
      "mAP": 0.18700396227275737,
      "loss": 0.27144312858581543,
      "_timer/data_time": 1.4716215133666992,
      "_timer/model_time": 0.007788538932800293,
      "_timer/batch_time": 1.4794241189956665,
      "_timer/_fps": 73508.9564521062
    }
  ],
  "epoch_2": [
    "output/36_tta/20200605-21:29:24/fold3/checkpoints/train.3.pth",
    0.1721823364496231,
    {
      "mAP": 0.22160495135413594,
      "loss": 0.1721823364496231,
      "_timer/data_time": 1.5944830179214478,
      "_timer/model_time": 0.017867207527160645,
      "_timer/batch_time": 1.6123604774475098,
      "_timer/_fps": 29936.984542248152
    }
  ],
  "epoch_3": [
    "output/36_tta/20200605-21:29:24/fold3/checkpoints/train.4.pth",
    0.1249479278922081,
    {
      "mAP": 0.5023733959321072,
      "loss": 0.1249479278922081,
      "_timer/data_time": 1.457363247871399,
      "_timer/model_time": 0.01580023765563965,
      "_timer/batch_time": 1.4731724262237549,
      "_timer/_fps": 35388.52283256257
    }
  ],
  "epoch_4": [
    "output/36_tta/20200605-21:29:24/fold3/checkpoints/train.5.pth",
    0.08719184994697571,
    {
      "mAP": 0.731847606526772,
      "loss": 0.08719184994697571,
      "_timer/data_time": 1.640868902206421,
      "_timer/model_time": 0.016414880752563477,
      "_timer/batch_time": 1.65729558467865,
      "_timer/_fps": 33922.768291070024
    }
  ],
  "epoch_5": [
    "output/36_tta/20200605-21:29:24/fold3/checkpoints/train.6.pth",
    0.05863011255860329,
    {
      "mAP": 0.7660156041461247,
      "loss": 0.05863011255860329,
      "_timer/data_time": 1.6877720355987549,
      "_timer/model_time": 0.007654428482055664,
      "_timer/batch_time": 1.6954386234283447,
      "_timer/_fps": 62335.98034905076
    }
  ],
  "epoch_6": [
    "output/36_tta/20200605-21:29:24/fold3/checkpoints/train.7.pth",
    0.04978371970355511,
    {
      "mAP": 0.7930314402150513,
      "loss": 0.04978371970355511,
      "_timer/data_time": 1.5598745346069336,
      "_timer/model_time": 0.007589578628540039,
      "_timer/batch_time": 1.5674748420715332,
      "_timer/_fps": 64227.56750342532
    }
  ],
  "epoch_7": [
    "output/36_tta/20200605-21:29:24/fold3/checkpoints/train.8.pth",
    0.04279134422540665,
    {
      "mAP": 0.8242539144413681,
      "loss": 0.04279134422540665,
      "_timer/data_time": 1.5915521383285522,
      "_timer/model_time": 0.006572842597961426,
      "_timer/batch_time": 1.5981334447860718,
      "_timer/_fps": 78771.0874983767
    }
  ],
  "epoch_8": [
    "output/36_tta/20200605-21:29:24/fold3/checkpoints/train.9.pth",
    0.043411387130618095,
    {
      "mAP": 0.826915924728536,
      "loss": 0.043411387130618095,
      "_timer/data_time": 1.6283762454986572,
      "_timer/model_time": 0.008398056030273438,
      "_timer/batch_time": 1.6367887258529663,
      "_timer/_fps": 78201.6244077471
    }
  ],
  "epoch_9": [
    "output/36_tta/20200605-21:29:24/fold3/checkpoints/train.10.pth",
    0.043281642720103264,
    {
      "mAP": 0.8199171282496156,
      "loss": 0.043281642720103264,
      "_timer/data_time": 1.6124136447906494,
      "_timer/model_time": 0.01599287986755371,
      "_timer/batch_time": 1.6284151077270508,
      "_timer/_fps": 29676.319636703687
    }
  ],
  "epoch_10": [
    "output/36_tta/20200605-21:29:24/fold3/checkpoints/train.11.pth",
    0.043582187965512276,
    {
      "mAP": 0.8222450118096639,
      "loss": 0.043582187965512276,
      "_timer/data_time": 1.5919686555862427,
      "_timer/model_time": 0.00788569450378418,
      "_timer/batch_time": 1.5998656749725342,
      "_timer/_fps": 81575.33586107669
    }
  ],
  "epoch_11": [
    "output/36_tta/20200605-21:29:24/fold3/checkpoints/train.12.pth",
    0.04417007602751255,
    {
      "mAP": 0.8184491369339724,
      "loss": 0.04417007602751255,
      "_timer/data_time": 1.4518338441848755,
      "_timer/model_time": 0.014994978904724121,
      "_timer/batch_time": 1.466840147972107,
      "_timer/_fps": 34250.566063351485
    }
  ],
  "epoch_12": [
    "output/36_tta/20200605-21:29:24/fold3/checkpoints/train.13.pth",
    0.046125128865242004,
    {
      "mAP": 0.807156194310811,
      "loss": 0.046125128865242004,
      "_timer/data_time": 1.5101022720336914,
      "_timer/model_time": 0.007396578788757324,
      "_timer/batch_time": 1.5175135135650635,
      "_timer/_fps": 78055.45692801315
    }
  ],
  "epoch_13": [
    "output/36_tta/20200605-21:29:24/fold3/checkpoints/train.14.pth",
    0.045296380296349525,
    {
      "mAP": 0.8060390491753433,
      "loss": 0.045296380296349525,
      "_timer/data_time": 1.6319526433944702,
      "_timer/model_time": 0.0075005292892456055,
      "_timer/batch_time": 1.6394661664962769,
      "_timer/_fps": 73347.02270802812
    }
  ],
  "epoch_14": [
    "output/36_tta/20200605-21:29:24/fold3/checkpoints/train.15.pth",
    0.047392429783940315,
    {
      "mAP": 0.8363988972957779,
      "loss": 0.047392429783940315,
      "_timer/data_time": 1.4850140810012817,
      "_timer/model_time": 0.006779909133911133,
      "_timer/batch_time": 1.4918029308319092,
      "_timer/_fps": 76234.88510879187
    }
  ],
  "epoch_15": [
    "output/36_tta/20200605-21:29:24/fold3/checkpoints/train.16.pth",
    0.03860691003501415,
    {
      "mAP": 0.8517367765053769,
      "loss": 0.03860691003501415,
      "_timer/data_time": 1.607774019241333,
      "_timer/model_time": 0.016830801963806152,
      "_timer/batch_time": 1.624616265296936,
      "_timer/_fps": 30013.1843826376
    }
  ],
  "epoch_16": [
    "output/36_tta/20200605-21:29:24/fold3/checkpoints/train.17.pth",
    0.050782570615410805,
    {
      "mAP": 0.8058086850394869,
      "loss": 0.050782570615410805,
      "_timer/data_time": 1.5655083656311035,
      "_timer/model_time": 0.006612181663513184,
      "_timer/batch_time": 1.5721290111541748,
      "_timer/_fps": 78747.85819870823
    }
  ],
  "epoch_17": [
    "output/36_tta/20200605-21:29:24/fold3/checkpoints/train.18.pth",
    0.04446931183338165,
    {
      "mAP": 0.8462312465137438,
      "loss": 0.04446931183338165,
      "_timer/data_time": 1.4984012842178345,
      "_timer/model_time": 0.0077397823333740234,
      "_timer/batch_time": 1.506151556968689,
      "_timer/_fps": 61162.90811598952
    }
  ],
  "epoch_18": [
    "output/36_tta/20200605-21:29:24/fold3/checkpoints/train.19.pth",
    0.03969191759824753,
    {
      "mAP": 0.8390485282310156,
      "loss": 0.03969191759824753,
      "_timer/data_time": 1.5543344020843506,
      "_timer/model_time": 0.007645368576049805,
      "_timer/batch_time": 1.561990737915039,
      "_timer/_fps": 63281.050881015755
    }
  ],