{
    "metrics": {
        "lgbm_av": {
            "Fold1 auc": 0.8461410133475692,
            "Fold2 auc": 0.8448021685716564,
            "Fold3 auc": 0.8526603179579626,
            "Fold4 auc": 0.829824963870909,
            "Fold5 auc": 0.8519116935873876,
            "oof auc": 0.8448852145906673
        },
        "lgbm_tuned": {
            "Fold1 pr-auc": 0.8895953935997046,
            "Fold2 pr-auc": 0.863838848782048,
            "Fold3 pr-auc": 0.8921329227343104,
            "Fold4 pr-auc": 0.8360357562135484,
            "Fold5 pr-auc": 0.8524875032514225,
            "oof pr-auc": 0.8622979420292655
        }
    },
    "importances": {
        "lgbm_av": {
            "params0": 62045.29040339354,
            "params2": 35091.18588812413,
            "rms": 34311.526004990126,
            "params5": 23460.635730469505,
            "params6": 13857.37726748699,
            "spectrum_skew": 13467.594295901168,
            "spectrum_kurt": 12946.685607375635,
            "max_steapness_span_1": 11341.111451491648,
            "highest_peak_inverse_fw_0.5": 10497.513013622125,
            "params4": 10045.16278510844,
            "spectrum_std": 9133.82843863469,
            "highest_peak_inverse_fw_0.66": 8724.871066084228,
            "max_threshed": 8717.080872604127,
            "highest_peak_inverse_fw_0.33": 7990.142790325565,
            "max_steapness_span_2": 7671.546562599357,
            "max_steapness_span_4": 7640.634584757272,
            "max_inverse_fw_0.33": 7511.390587020712,
            "max_steapness_span_3": 7202.749418085557,
            "max_inverse_fw_0.66": 7165.640416848037,
            "beta": 7125.714838991448,
            "highest_peak_steapness_span_1": 7089.9442779763995,
            "max_inverse_fw_0.5": 6990.074903520487,
            "highest_peak_inverse_fw_0.8": 6962.717251551373,
            "max_inverse_hw_0.33": 6935.742113021331,
            "highest_peak_inverse_hw_0.33": 6872.489380915675,
            "params1": 6802.439586955068,
            "highest_peak_inverse_hw_0.8": 6574.5286316746815,
            "max_inverse_fw_0.8": 6532.064701607686,
            "params3": 6455.776297701982,
            "highest_peak_inverse_fw_0.75": 6164.962366615384,
            "max_inverse_hw_0.5": 6018.151054678962,
            "highest_peak_inverse_hw_0.5": 6007.017979915579,
            "highest_peak_steapness_span_2": 5987.500507149851,
            "max_inverse_fw_0.75": 5798.638792892147,
            "highest_peak_inverse_hw_0.66": 5783.038777436534,
            "max_inverse_hw_0.8": 5679.997286059997,
            "max_inverse_hw_0.66": 5563.506001613889,
            "max_inverse_hw_0.75": 5534.117192880298,
            "highest_peak_inverse_hw_0.75": 5296.402397670037,
            "highest_peak_steapness_span_4": 4924.195925914578,
            "max_steapness_span_5": 4922.30249709044,
            "highest_peak_steapness_span_3": 4859.6314476615025,
            "highest_peak_steapness_span_5": 4606.745015532802
        },
        "lgbm_tuned": {
            "max_steapness_span_1": 12746.41250524372,
            "max_steapness_span_2": 2648.3021867571397,
            "highest_peak_steapness_span_1": 2288.049619709727,
            "params2": 1967.7816956601862,
            "max_inverse_fw_0.8": 1824.7692103992215,
            "params0": 1823.8540991720397,
            "params4": 1579.0556548881927,
            "highest_peak_inverse_fw_0.66": 1551.5103282626487,
            "max_steapness_span_3": 1410.4667237345827,
            "max_inverse_fw_0.75": 1346.8970402348175,
            "params5": 1210.862631905554,
            "max_inverse_hw_0.66": 1174.7414749700924,
            "max_inverse_fw_0.33": 1173.3259876139462,
            "max_inverse_hw_0.5": 1107.7339250964578,
            "highest_peak_inverse_fw_0.75": 942.7985350945964,
            "highest_peak_inverse_fw_0.8": 927.953338541463,
            "params3": 886.8978759875056,
            "params6": 876.9548017723514,
            "max_inverse_hw_0.33": 818.0418999779038,
            "highest_peak_inverse_hw_0.33": 791.4784802650566,
            "highest_peak_steapness_span_2": 785.6471370994346,
            "highest_peak_inverse_hw_0.5": 750.7597145544365,
            "rms": 720.4651421717385,
            "max_inverse_hw_0.75": 691.1243514051894,
            "max_inverse_fw_0.66": 668.6145812347706,
            "spectrum_skew": 607.249004054803,
            "max_threshed": 538.8003854308045,
            "highest_peak_steapness_span_4": 536.1369698947062,
            "highest_peak_steapness_span_3": 522.5354559750064,
            "params1": 416.4484526387998,
            "spectrum_kurt": 397.7739121126942,
            "spectrum_std": 388.4571119682863,
            "highest_peak_inverse_fw_0.33": 383.56755559521264,
            "max_steapness_span_4": 382.39208054151385,
            "max_inverse_fw_0.5": 338.75017868620347,
            "highest_peak_inverse_hw_0.66": 334.5697966704844,
            "highest_peak_inverse_fw_0.5": 309.11406257785853,
            "max_inverse_hw_0.8": 300.4284761609655,
            "beta": 275.80957673650704,
            "highest_peak_steapness_span_5": 265.1506528315134,
            "max_steapness_span_5": 242.24604757609777,
            "highest_peak_inverse_hw_0.8": 218.7932408262044,
            "highest_peak_inverse_hw_0.75": 167.27910004717413
        }
    }
}