{
  "best": {
    "mAP": 0.8088103226574028,
    "loss": 0.039533534397681556
  },
  "last": {
    "mAP": 0.8083264026036711,
    "loss": 0.052855542790825646
  },
  "train.25": {
    "mAP": 0.8088103226574028,
    "loss": 0.039533534397681556
  },
  "epoch_0": [
    "output/35_conv1d_param_tune/20200605-23:20:59/fold1/checkpoints/train.1.pth",
    0.4344509881670757,
    {
      "mAP": 0.10862226232537736,
      "loss": 0.4344509881670757
    }
  ],
  "epoch_1": [
    "output/35_conv1d_param_tune/20200605-23:20:59/fold1/checkpoints/train.2.pth",
    0.3632650561230157,
    {
      "mAP": 0.16942183638816843,
      "loss": 0.3632650561230157
    }
  ],
  "epoch_2": [
    "output/35_conv1d_param_tune/20200605-23:20:59/fold1/checkpoints/train.3.pth",
    0.3535108050351502,
    {
      "mAP": 0.5692860642337334,
      "loss": 0.3535108050351502
    }
  ],
  "epoch_3": [
    "output/35_conv1d_param_tune/20200605-23:20:59/fold1/checkpoints/train.4.pth",
    0.19129478386653367,
    {
      "mAP": 0.7407230265207493,
      "loss": 0.19129478386653367
    }
  ],
  "epoch_4": [
    "output/35_conv1d_param_tune/20200605-23:20:59/fold1/checkpoints/train.5.pth",
    0.08637813038082533,
    {
      "mAP": 0.7695026834510376,
      "loss": 0.08637813038082533
    }
  ],
  "epoch_5": [
    "output/35_conv1d_param_tune/20200605-23:20:59/fold1/checkpoints/train.6.pth",
    0.11158279441697623,
    {
      "mAP": 0.7146022263267906,
      "loss": 0.11158279441697623
    }
  ],
  "epoch_6": [
    "output/35_conv1d_param_tune/20200605-23:20:59/fold1/checkpoints/train.7.pth",
    0.04605254903435707,
    {
      "mAP": 0.8008855943935707,
      "loss": 0.04605254903435707
    }
  ],
  "epoch_7": [
    "output/35_conv1d_param_tune/20200605-23:20:59/fold1/checkpoints/train.8.pth",
    0.05876217205678263,
    {
      "mAP": 0.7830505934371782,
      "loss": 0.05876217205678263
    }
  ],
  "epoch_8": [
    "output/35_conv1d_param_tune/20200605-23:20:59/fold1/checkpoints/train.9.pth",
    0.04718682065766345,
    {
      "mAP": 0.8144726207950288,
      "loss": 0.04718682065766345
    }
  ],
  "epoch_9": [
    "output/35_conv1d_param_tune/20200605-23:20:59/fold1/checkpoints/train.10.pth",
    0.05328217725599966,
    {
      "mAP": 0.7911908521171872,
      "loss": 0.05328217725599966
    }
  ],
  "epoch_10": [
    "output/35_conv1d_param_tune/20200605-23:20:59/fold1/checkpoints/train.11.pth",
    0.05444075988345249,
    {
      "mAP": 0.794360923561702,
      "loss": 0.05444075988345249
    }
  ],
  "epoch_11": [
    "output/35_conv1d_param_tune/20200605-23:20:59/fold1/checkpoints/train.12.pth",
    0.05621107110893855,
    {
      "mAP": 0.774251055110131,
      "loss": 0.05621107110893855
    }
  ],
  "epoch_12": [
    "output/35_conv1d_param_tune/20200605-23:20:59/fold1/checkpoints/train.13.pth",
    0.04620149655527966,
    {
      "mAP": 0.8003357187390695,
      "loss": 0.04620149655527966
    }
  ],
  "epoch_13": [
    "output/35_conv1d_param_tune/20200605-23:20:59/fold1/checkpoints/train.14.pth",
    0.04914043947894086,
    {
      "mAP": 0.7792009257475317,
      "loss": 0.04914043947894086
    }
  ],
  "epoch_14": [
    "output/35_conv1d_param_tune/20200605-23:20:59/fold1/checkpoints/train.15.pth",
    0.0856152563806503,
    {
      "mAP": 0.7368898061790581,
      "loss": 0.0856152563806503
    }
  ],
  "epoch_15": [
    "output/35_conv1d_param_tune/20200605-23:20:59/fold1/checkpoints/train.16.pth",
    0.04118735227052883,
    {
      "mAP": 0.8148118273571499,
      "loss": 0.04118735227052883
    }
  ],
  "epoch_16": [
    "output/35_conv1d_param_tune/20200605-23:20:59/fold1/checkpoints/train.17.pth",
    0.0574282960946201,
    {
      "mAP": 0.7839345091728633,
      "loss": 0.0574282960946201
    }
  ],
  "epoch_17": [
    "output/35_conv1d_param_tune/20200605-23:20:59/fold1/checkpoints/train.18.pth",
    0.04584753120778709,
    {
      "mAP": 0.783628252738163,
      "loss": 0.04584753120778709
    }
  ],
  "epoch_18": [
    "output/35_conv1d_param_tune/20200605-23:20:59/fold1/checkpoints/train.19.pth",
    0.04038654840601388,
    {
      "mAP": 0.8338547690644889,
      "loss": 0.04038654840601388
    }
  ],
  "epoch_19": [
    "output/35_conv1d_param_tune/20200605-23:20:59/fold1/checkpoints/train.20.pth",
    0.066928367340757,
    {
      "mAP": 0.7884494537502819,
      "loss": 0.066928367340757
    }
  ],
  "epoch_20": [
    "output/35_conv1d_param_tune/20200605-23:20:59/fold1/checkpoints/train.21.pth",
    0.04699318122959906,
    {
      "mAP": 0.794949460003809,
      "loss": 0.04699318122959906
    }
  ],
  "epoch_21": [
    "output/35_conv1d_param_tune/20200605-23:20:59/fold1/checkpoints/train.22.pth",
    0.052015951444064415,
    {
      "mAP": 0.7938474208125209,
      "loss": 0.052015951444064415
    }
  ],
  "epoch_22": [
    "output/35_conv1d_param_tune/20200605-23:20:59/fold1/checkpoints/train.23.pth",
    0.04751897551199441,
    {
      "mAP": 0.7963137734922372,
      "loss": 0.04751897551199441
    }
  ],
  "epoch_23": [
    "output/35_conv1d_param_tune/20200605-23:20:59/fold1/checkpoints/train.24.pth",
    0.04468935015060568,
    {
      "mAP": 0.7768711393298657,
      "loss": 0.04468935015060568
    }
  ],
  "epoch_24": [
    "output/35_conv1d_param_tune/20200605-23:20:59/fold1/checkpoints/train.25.pth",
    0.039533534397681556,
    {
      "mAP": 0.8088103226574028,
      "loss": 0.039533534397681556
    }
  ],
  "epoch_25": [
    "output/35_conv1d_param_tune/20200605-23:20:59/fold1/checkpoints/train.26.pth",
    0.07360139204770005,
    {
      "mAP": 0.7749473452724102,
      "loss": 0.07360139204770005
    }
  ],
  "epoch_26": [
    "output/35_conv1d_param_tune/20200605-23:20:59/fold1/checkpoints/train.27.pth",
    0.04258760869983704,
    {
      "mAP": 0.8221747294529337,
      "loss": 0.04258760869983704
    }
  ],
  "epoch_27": [
    "output/35_conv1d_param_tune/20200605-23:20:59/fold1/checkpoints/train.28.pth",
    0.04511541620858254,
    {
      "mAP": 0.8355898255235416,
      "loss": 0.04511541620858254
    }
  ],
  "epoch_28": [
    "output/35_conv1d_param_tune/20200605-23:20:59/fold1/checkpoints/train.29.pth",
    0.04993757741746082,
    {
      "mAP": 0.8170354433089239,
      "loss": 0.04993757741746082
    }
  ],
  "epoch_29": [
    "output/35_conv1d_param_tune/20200605-23:20:59/fold1/checkpoints/train.30.pth",
    0.05136252166603201,
    {
      "mAP": 0.7989567201923549,
      "loss": 0.05136252166603201
    }
  ],
  "epoch_30": [
    "output/35_conv1d_param_tune/20200605-23:20:59/fold1/checkpoints/train.31.pth",
    0.04414211626174629,
    {
      "mAP": 0.8277389872080184,
      "loss": 0.04414211626174629
    }
  ],
  "epoch_31": [
    "output/35_conv1d_param_tune/20200605-23:20:59/fold1/checkpoints/train.32.pth",
    0.04387118911711119,
    {
      "mAP": 0.8180963416171054,
      "loss": 0.04387118911711119
    }
  ],
  "epoch_32": [
    "output/35_conv1d_param_tune/20200605-23:20:59/fold1/checkpoints/train.33.pth",
    0.04969078911248074,
    {
      "mAP": 0.8217446865281696,
      "loss": 0.04969078911248074
    }
  ],
  "epoch_33": [
    "output/35_conv1d_param_tune/20200605-23:20:59/fold1/checkpoints/train.34.pth",
    0.05351732186572526,
    {
      "mAP": 0.7836138297497437,
      "loss": 0.05351732186572526
    }
  ],
  "epoch_34": [
    "output/35_conv1d_param_tune/20200605-23:20:59/fold1/checkpoints/train.35.pth",
    0.05672687244030737,
    {
      "mAP": 0.7715398051475344,
      "loss": 0.05672687244030737
    }
  ],
  "epoch_35": [
    "output/35_conv1d_param_tune/20200605-23:20:59/fold1/checkpoints/train.36.pth",
    0.049157633736569395,
    {
      "mAP": 0.790304904220832,
      "loss": 0.049157633736569395
    }
  ],
  "epoch_36": [
    "output/35_conv1d_param_tune/20200605-23:20:59/fold1/checkpoints/train.37.pth",
    0.04339758839498284,
    {
      "mAP": 0.7537489718987407,
      "loss": 0.04339758839498284
    }
  ],